[INFO] Scanning for projects...
[INFO] 
[INFO] -----------------< com.franco.dev:franco-dev-systems >------------------
[INFO] Building Franco Systems 3.0.9
[INFO] --------------------------------[ jar ]---------------------------------
[INFO] 
[INFO] >>> spring-boot-maven-plugin:2.7.18:run (default-cli) > test-compile @ franco-dev-systems >>>
[INFO] 
[INFO] --- maven-clean-plugin:3.1.0:clean (auto-clean) @ franco-dev-systems ---
[INFO] Deleting /Users/gabfranck/workspace/frc-sistemas-informaticos/frc-comercial/central/target
[INFO] 
[INFO] --- maven-resources-plugin:3.2.0:resources (default-resources) @ franco-dev-systems ---
[INFO] Using 'UTF-8' encoding to copy filtered resources.
[INFO] Using 'UTF-8' encoding to copy filtered properties files.
[INFO] Copying 4 resources
[INFO] Copying 470 resources
[INFO] 
[INFO] --- maven-resources-plugin:3.2.0:resources (copy-resources) @ franco-dev-systems ---
[INFO] Using 'UTF-8' encoding to copy filtered resources.
[INFO] Using 'UTF-8' encoding to copy filtered properties files.
[INFO] Copying 4 resources
[INFO] Copying 470 resources
[INFO] 
[INFO] --- exec-maven-plugin:3.0.0:exec (cleanup-duplicate-migrations) @ franco-dev-systems ---
Scanning for duplicate migration files in ./target/classes/db/migration...
Duplicate migration cleanup complete.
[INFO] 
[INFO] --- flyway-maven-plugin:8.5.13:validate (default) @ franco-dev-systems ---
[INFO] Skipping Flyway execution
[INFO] 
[INFO] --- maven-compiler-plugin:3.10.1:compile (default-compile) @ franco-dev-systems ---
[INFO] Changes detected - recompiling the module!
[INFO] Compiling 1601 source files to /Users/gabfranck/workspace/frc-sistemas-informaticos/frc-comercial/central/target/classes
[INFO] /Users/gabfranck/workspace/frc-sistemas-informaticos/frc-comercial/central/src/main/java/com/franco/dev/service/CrudService.java: Some input files use or override a deprecated API.
[INFO] /Users/gabfranck/workspace/frc-sistemas-informaticos/frc-comercial/central/src/main/java/com/franco/dev/service/CrudService.java: Recompile with -Xlint:deprecation for details.
[INFO] /Users/gabfranck/workspace/frc-sistemas-informaticos/frc-comercial/central/src/main/java/com/franco/dev/graphql/financiero/resolver/GastoResolver.java: /Users/gabfranck/workspace/frc-sistemas-informaticos/frc-comercial/central/src/main/java/com/franco/dev/graphql/financiero/resolver/GastoResolver.java uses or overrides a deprecated API that is marked for removal.
[INFO] /Users/gabfranck/workspace/frc-sistemas-informaticos/frc-comercial/central/src/main/java/com/franco/dev/graphql/financiero/resolver/GastoResolver.java: Recompile with -Xlint:removal for details.
[INFO] /Users/gabfranck/workspace/frc-sistemas-informaticos/frc-comercial/central/src/main/java/com/franco/dev/service/CrudService.java: Some input files use unchecked or unsafe operations.
[INFO] /Users/gabfranck/workspace/frc-sistemas-informaticos/frc-comercial/central/src/main/java/com/franco/dev/service/CrudService.java: Recompile with -Xlint:unchecked for details.
[INFO] 
[INFO] --- maven-resources-plugin:3.2.0:testResources (default-testResources) @ franco-dev-systems ---
[INFO] Using 'UTF-8' encoding to copy filtered resources.
[INFO] Using 'UTF-8' encoding to copy filtered properties files.
[INFO] skip non existing resourceDirectory /Users/gabfranck/workspace/frc-sistemas-informaticos/frc-comercial/central/src/test/resources
[INFO] 
[INFO] --- maven-compiler-plugin:3.10.1:testCompile (default-testCompile) @ franco-dev-systems ---
[INFO] Changes detected - recompiling the module!
[INFO] Compiling 18 source files to /Users/gabfranck/workspace/frc-sistemas-informaticos/frc-comercial/central/target/test-classes
[INFO] 
[INFO] <<< spring-boot-maven-plugin:2.7.18:run (default-cli) < test-compile @ franco-dev-systems <<<
[INFO] 
[INFO] 
[INFO] --- spring-boot-maven-plugin:2.7.18:run (default-cli) @ franco-dev-systems ---
[INFO] Attaching agents: []
Iniciando sistema
18:08:53.314 [Thread-0] DEBUG org.springframework.boot.devtools.restart.classloader.RestartClassLoader - Created RestartClassLoader org.springframework.boot.devtools.restart.classloader.RestartClassLoader@43229358
Iniciando sistema

  .   ____          _            __ _ _
 /\\ / ___'_ __ _ _(_)_ __  __ _ \ \ \ \
( ( )\___ | '_ | '_| | '_ \/ _` | \ \ \ \
 \\/  ___)| |_)| | | | | || (_| |  ) ) ) )
  '  |____| .__|_| |_|_| |_\__, | / / / /
 =========|_|==============|___/=/_/_/_/
 :: Spring Boot ::               (v2.7.18)

2026-07-22 18:08:53.838  INFO 87586 --- [  restartedMain] com.franco.dev.FrancoSystemsApplication  : Starting FrancoSystemsApplication using Java 17.0.17 on IMACs-iMac.local with PID 87586 (/Users/gabfranck/workspace/frc-sistemas-informaticos/frc-comercial/central/target/classes started by gabfranck in /Users/gabfranck/workspace/frc-sistemas-informaticos/frc-comercial/central)
2026-07-22 18:08:53.839  INFO 87586 --- [  restartedMain] com.franco.dev.FrancoSystemsApplication  : The following 1 profile is active: "dev"
2026-07-22 18:08:53.892  INFO 87586 --- [  restartedMain] .e.DevToolsPropertyDefaultsPostProcessor : Devtools property defaults active! Set 'spring.devtools.add-properties' to 'false' to disable
2026-07-22 18:08:53.892  INFO 87586 --- [  restartedMain] .e.DevToolsPropertyDefaultsPostProcessor : For additional web related logging consider setting the 'logging.level.web' property to 'DEBUG'
2026-07-22 18:08:55.765  INFO 87586 --- [  restartedMain] .s.d.r.c.RepositoryConfigurationDelegate : Bootstrapping Spring Data JPA repositories in DEFAULT mode.
2026-07-22 18:08:56.828  INFO 87586 --- [  restartedMain] .s.d.r.c.RepositoryConfigurationDelegate : Finished Spring Data repository scanning in 1054 ms. Found 221 JPA repository interfaces.
2026-07-22 18:08:58.746  INFO 87586 --- [  restartedMain] o.s.b.w.embedded.tomcat.TomcatWebServer  : Tomcat initialized with port(s): 8081 (http)
2026-07-22 18:08:58.758  INFO 87586 --- [  restartedMain] o.apache.catalina.core.StandardService   : Starting service [Tomcat]
2026-07-22 18:08:58.759  INFO 87586 --- [  restartedMain] org.apache.catalina.core.StandardEngine  : Starting Servlet engine: [Apache Tomcat/9.0.83]
2026-07-22 18:08:58.884  INFO 87586 --- [  restartedMain] o.a.c.c.C.[Tomcat].[localhost].[/]       : Initializing Spring embedded WebApplicationContext
2026-07-22 18:08:58.884  INFO 87586 --- [  restartedMain] w.s.c.ServletWebServerApplicationContext : Root WebApplicationContext: initialization completed in 4991 ms
2026-07-22 18:08:59.194  INFO 87586 --- [  restartedMain] c.f.d.c.RetryableDatabasePostProcessor   : -----> configuring a retryable datasource for beanName = dataSource
2026-07-22 18:08:59.247  INFO 87586 --- [  restartedMain] c.f.dev.config.multitenant.FlywayConfig  : Scanning for duplicate migrations in: target/classes/db/migration
2026-07-22 18:08:59.262  INFO 87586 --- [  restartedMain] c.f.dev.config.multitenant.FlywayConfig  : Duplicate migration cleanup complete
2026-07-22 18:08:59.311  INFO 87586 --- [  restartedMain] o.f.c.internal.license.VersionPrinter    : Flyway Community Edition 8.5.13 by Redgate
2026-07-22 18:08:59.311  INFO 87586 --- [  restartedMain] o.f.c.internal.license.VersionPrinter    : See what's new here: https://flywaydb.org/documentation/learnmore/releaseNotes#8.5.13
2026-07-22 18:08:59.311  INFO 87586 --- [  restartedMain] o.f.c.internal.license.VersionPrinter    : 
2026-07-22 18:08:59.339  INFO 87586 --- [  restartedMain] o.f.c.i.resource.ResourceNameValidator   : 1 SQL migrations were detected but not run because they did not follow the filename convention.
2026-07-22 18:08:59.339  INFO 87586 --- [  restartedMain] o.f.c.i.resource.ResourceNameValidator   : If this is in error, enable debug logging or 'validateMigrationNaming' to fail fast and see a list of the invalid file names.
2026-07-22 18:08:59.458  INFO 87586 --- [  restartedMain] o.f.c.i.database.base.BaseDatabaseType   : Database: jdbc:postgresql://localhost:5551/bodega_producto_devoluciones (PostgreSQL 16.4)
2026-07-22 18:08:59.468  WARN 87586 --- [  restartedMain] o.f.c.internal.database.base.Database    : Flyway upgrade recommended: PostgreSQL 16.4 is newer than this version of Flyway and support has not been tested. The latest supported version of PostgreSQL is 14.
2026-07-22 18:08:59.515  INFO 87586 --- [  restartedMain] o.f.c.i.s.JdbcTableSchemaHistory         : Repair of failed migration in Schema History table "public"."flyway_schema_history" not necessary. No failed migration detected.
2026-07-22 18:08:59.645  INFO 87586 --- [  restartedMain] o.f.core.internal.command.DbRepair       : Successfully repaired schema history table "public"."flyway_schema_history" (execution time 00:00.162s).
2026-07-22 18:08:59.649  INFO 87586 --- [  restartedMain] o.f.c.internal.license.VersionPrinter    : Flyway Community Edition 8.5.13 by Redgate
2026-07-22 18:08:59.649  INFO 87586 --- [  restartedMain] o.f.c.internal.license.VersionPrinter    : See what's new here: https://flywaydb.org/documentation/learnmore/releaseNotes#8.5.13
2026-07-22 18:08:59.649  INFO 87586 --- [  restartedMain] o.f.c.internal.license.VersionPrinter    : 
2026-07-22 18:08:59.653  INFO 87586 --- [  restartedMain] o.f.c.i.resource.ResourceNameValidator   : 1 SQL migrations were detected but not run because they did not follow the filename convention.
2026-07-22 18:08:59.653  INFO 87586 --- [  restartedMain] o.f.c.i.resource.ResourceNameValidator   : If this is in error, enable debug logging or 'validateMigrationNaming' to fail fast and see a list of the invalid file names.
2026-07-22 18:08:59.663  WARN 87586 --- [  restartedMain] o.f.c.internal.database.base.Database    : Flyway upgrade recommended: PostgreSQL 16.4 is newer than this version of Flyway and support has not been tested. The latest supported version of PostgreSQL is 14.
2026-07-22 18:08:59.774  INFO 87586 --- [  restartedMain] o.f.core.internal.command.DbMigrate      : Current version of schema "public": 168.0
2026-07-22 18:08:59.774  WARN 87586 --- [  restartedMain] o.f.core.internal.command.DbMigrate      : outOfOrder mode is active. Migration of schema "public" may not be reproducible.
2026-07-22 18:08:59.776  INFO 87586 --- [  restartedMain] o.f.core.internal.command.DbMigrate      : Schema "public" is up to date. No migration necessary.
2026-07-22 18:08:59.947  INFO 87586 --- [  restartedMain] o.hibernate.jpa.internal.util.LogHelper  : HHH000204: Processing PersistenceUnitInfo [name: default]
2026-07-22 18:08:59.998  INFO 87586 --- [  restartedMain] org.hibernate.Version                    : HHH000412: Hibernate ORM core version 5.6.15.Final
2026-07-22 18:09:00.216  INFO 87586 --- [  restartedMain] o.hibernate.annotations.common.Version   : HCANN000001: Hibernate Commons Annotations {5.1.2.Final}
2026-07-22 18:09:00.338  INFO 87586 --- [  restartedMain] org.hibernate.dialect.Dialect            : HHH000400: Using dialect: org.hibernate.dialect.PostgreSQLDialect
2026-07-22 18:09:01.028  INFO 87586 --- [  restartedMain] b.i.HibernateSearchPreIntegrationService : HSEARCH000034: Hibernate Search version 6.2.5.Final
2026-07-22 18:09:03.680  INFO 87586 --- [  restartedMain] o.h.e.t.j.p.i.JtaPlatformInitiator       : HHH000490: Using JtaPlatform implementation: [org.hibernate.engine.transaction.jta.platform.internal.NoJtaPlatform]
2026-07-22 18:09:04.511  WARN 87586 --- [  restartedMain] o.h.s.b.l.impl.LuceneBackendFactory      : HSEARCH000075: Missing value for configuration property 'hibernate.search.backend.lucene_version': using LATEST (currently '8.11.2'). Context: default backend
2026-07-22 18:09:04.953  WARN 87586 --- [  restartedMain] o.h.s.e.c.s.ConfigurationPropertyChecker : HSEARCH000568: Invalid configuration passed to Hibernate Search: some properties in the given configuration are not used. There might be misspelled property keys in your configuration. Unused properties: [hibernate.search.indexing.automatic.enabled]. To disable this warning, set the property 'hibernate.search.configuration_property_checking.strategy' to 'ignore'.
2026-07-22 18:09:04.955  INFO 87586 --- [  restartedMain] j.LocalContainerEntityManagerFactoryBean : Initialized JPA EntityManagerFactory for persistence unit 'default'
2026-07-22 18:09:05.583  WARN 87586 --- [  restartedMain] o.h.dialect.function.TemplateRenderer    : HHH000174: Function template anticipated 4 arguments, but 1 arguments encountered
2026-07-22 18:09:05.842  WARN 87586 --- [  restartedMain] c.franco.dev.service.utils.ImageService  : Mac OS X
2026-07-22 18:09:05.891  INFO 87586 --- [  restartedMain] com.zaxxer.hikari.HikariDataSource       : HikariPool-1 - Starting...
2026-07-22 18:09:05.911  INFO 87586 --- [  restartedMain] com.zaxxer.hikari.HikariDataSource       : HikariPool-1 - Start completed.
2026-07-22 18:09:06.124  INFO 87586 --- [  restartedMain] c.f.d.s.p.UsuarioEmbeddingCacheService   : Caché de embeddings faciales: 0 usuarios activos con galería
2026-07-22 18:09:10.518  INFO 87586 --- [  restartedMain] c.franco.dev.fmc.service.FCMInitializer  : Initializing Firebase using config path: file:/opt/frc-backend-central/central/secrets/bodega-franco-frc-18e8c6ef35cf.json
2026-07-22 18:09:10.518 ERROR 87586 --- [  restartedMain] c.franco.dev.fmc.service.FCMInitializer  : Error initializing Firebase: config file not found at file:/opt/frc-backend-central/central/secrets/bodega-franco-frc-18e8c6ef35cf.json
2026-07-22 18:09:14.277  WARN 87586 --- [  restartedMain] o.h.dialect.function.TemplateRenderer    : HHH000174: Function template anticipated 4 arguments, but 1 arguments encountered
2026-07-22 18:09:14.277  WARN 87586 --- [  restartedMain] o.h.dialect.function.TemplateRenderer    : HHH000174: Function template anticipated 4 arguments, but 1 arguments encountered
2026-07-22 18:09:14.278  WARN 87586 --- [  restartedMain] o.h.dialect.function.TemplateRenderer    : HHH000174: Function template anticipated 4 arguments, but 1 arguments encountered
2026-07-22 18:09:14.278  WARN 87586 --- [  restartedMain] o.h.dialect.function.TemplateRenderer    : HHH000174: Function template anticipated 4 arguments, but 1 arguments encountered
2026-07-22 18:09:33.099  WARN 87586 --- [  restartedMain] g.kickstart.tools.SchemaClassScanner     : Cannot find definition for field 'estado: EstadoDE' on input type 'DocumentoElectronicoInput' -> com.franco.dev.graphql.financiero.input.DocumentoElectronicoInput. Try adding it manually to the dictionary
2026-07-22 18:09:33.510  WARN 87586 --- [  restartedMain] g.kickstart.tools.SchemaClassScanner     : Cannot find definition for field 'creadoEn: Date' on input type 'BarrioInput' -> com.franco.dev.graphql.general.input.BarrioInput. Try adding it manually to the dictionary
2026-07-22 18:09:33.527  WARN 87586 --- [  restartedMain] g.kickstart.tools.SchemaClassScanner     : Cannot find definition for field 'creadoEn: Date' on input type 'ContactoInput' -> com.franco.dev.graphql.general.input.ContactoInput. Try adding it manually to the dictionary
2026-07-22 18:09:33.537  WARN 87586 --- [  restartedMain] g.kickstart.tools.SchemaClassScanner     : Cannot find definition for field 'creadoEn: Date' on input type 'PaisInput' -> com.franco.dev.graphql.general.input.PaisInput. Try adding it manually to the dictionary
2026-07-22 18:09:34.197  WARN 87586 --- [  restartedMain] g.kickstart.tools.SchemaClassScanner     : Cannot find definition for field 'estadoVerificacion: EstadoVerificacion' on input type 'RecepcionMercaderiaItemInput' -> com.franco.dev.graphql.operaciones.input.RecepcionMercaderiaItemInput. Try adding it manually to the dictionary
2026-07-22 18:09:34.559  WARN 87586 --- [  restartedMain] g.kickstart.tools.SchemaClassScanner     : Cannot find definition for field 'creadoEn: Date' on input type 'ClienteInput' -> com.franco.dev.graphql.personas.input.ClienteInput. Try adding it manually to the dictionary
2026-07-22 18:09:34.620  WARN 87586 --- [  restartedMain] g.kickstart.tools.SchemaClassScanner     : Cannot find definition for field 'creadoEn: Date' on input type 'ProveedorDiasVisitaInput' -> com.franco.dev.graphql.personas.input.ProveedorDiasVisitaInput. Try adding it manually to the dictionary
2026-07-22 18:09:36.587  WARN 87586 --- [  restartedMain] g.kickstart.tools.SchemaClassScanner     : Schema type was defined but can never be accessed, and can be safely deleted: DateTime
2026-07-22 18:09:36.587  WARN 87586 --- [  restartedMain] g.kickstart.tools.SchemaClassScanner     : Schema type was defined but can never be accessed, and can be safely deleted: NotificacionPush
2026-07-22 18:09:36.587  WARN 87586 --- [  restartedMain] g.kickstart.tools.SchemaClassScanner     : Schema type was defined but can never be accessed, and can be safely deleted: ChequePage
2026-07-22 18:09:36.587  WARN 87586 --- [  restartedMain] g.kickstart.tools.SchemaClassScanner     : Schema type was defined but can never be accessed, and can be safely deleted: ChequeraPage
2026-07-22 18:09:36.587  WARN 87586 --- [  restartedMain] g.kickstart.tools.SchemaClassScanner     : Schema type was defined but can never be accessed, and can be safely deleted: EventoCancelacionDEInput
2026-07-22 18:09:36.587  WARN 87586 --- [  restartedMain] g.kickstart.tools.SchemaClassScanner     : Schema type was defined but can never be accessed, and can be safely deleted: EventoNominacionDEInput
2026-07-22 18:09:36.588  WARN 87586 --- [  restartedMain] g.kickstart.tools.SchemaClassScanner     : Schema type was defined but can never be accessed, and can be safely deleted: EventoInutilizacionDEInput
2026-07-22 18:09:36.588  WARN 87586 --- [  restartedMain] g.kickstart.tools.SchemaClassScanner     : Schema type was defined but can never be accessed, and can be safely deleted: Meses
2026-07-22 18:09:36.588  WARN 87586 --- [  restartedMain] g.kickstart.tools.SchemaClassScanner     : Schema type was defined but can never be accessed, and can be safely deleted: DeliveryUpdate
2026-07-22 18:09:36.588  WARN 87586 --- [  restartedMain] g.kickstart.tools.SchemaClassScanner     : Schema type was defined but can never be accessed, and can be safely deleted: ResumenMovimientoStock
2026-07-22 18:09:36.588  WARN 87586 --- [  restartedMain] g.kickstart.tools.SchemaClassScanner     : Schema type was defined but can never be accessed, and can be safely deleted: PagoDetallePage
2026-07-22 18:09:36.588  WARN 87586 --- [  restartedMain] g.kickstart.tools.SchemaClassScanner     : Schema type was defined but can never be accessed, and can be safely deleted: PagoPage
2026-07-22 18:09:36.588  WARN 87586 --- [  restartedMain] g.kickstart.tools.SchemaClassScanner     : Schema type was defined but can never be accessed, and can be safely deleted: SolicitudPagoMultipleRecepcionesInput
2026-07-22 18:09:36.588  WARN 87586 --- [  restartedMain] g.kickstart.tools.SchemaClassScanner     : Schema type was defined but can never be accessed, and can be safely deleted: SolicitudPagoNotaRecepcionInput
2026-07-22 18:09:36.588  WARN 87586 --- [  restartedMain] g.kickstart.tools.SchemaClassScanner     : Schema type was defined but can never be accessed, and can be safely deleted: PrintData
2026-07-22 18:09:36.588  WARN 87586 --- [  restartedMain] g.kickstart.tools.SchemaClassScanner     : Schema type was defined but can never be accessed, and can be safely deleted: ExistenciaCostoPorSucursal
2026-07-22 18:09:36.588  WARN 87586 --- [  restartedMain] g.kickstart.tools.SchemaClassScanner     : Schema type was defined but can never be accessed, and can be safely deleted: ProductoExistenciaCostos
2026-07-22 18:09:36.588  WARN 87586 --- [  restartedMain] g.kickstart.tools.SchemaClassScanner     : Schema type was defined but can never be accessed, and can be safely deleted: MultiPageInput
2026-07-22 18:09:36.594  WARN 87586 --- [  restartedMain] g.kickstart.tools.SchemaClassScanner     : Root query resolver was provided but no methods on it were used in data fetchers for GraphQL type 'Query'!  Either remove the graphql.kickstart.tools.GraphQLQueryResolver interface from the resolver or remove the resolver entirely: com.franco.dev.graphql.financiero.FacturaLegalItemGraphQL@4bd57338
2026-07-22 18:09:36.594  WARN 87586 --- [  restartedMain] g.kickstart.tools.SchemaClassScanner     : Root query resolver was provided but no methods on it were used in data fetchers for GraphQL type 'Query'!  Either remove the graphql.kickstart.tools.GraphQLQueryResolver interface from the resolver or remove the resolver entirely: com.franco.dev.graphql.operaciones.RecepcionMercaderiaItemVariacionGraphQL@284e537d
2026-07-22 18:09:36.594  WARN 87586 --- [  restartedMain] g.kickstart.tools.SchemaClassScanner     : Root query resolver was provided but no methods on it were used in data fetchers for GraphQL type 'Query'!  Either remove the graphql.kickstart.tools.GraphQLQueryResolver interface from the resolver or remove the resolver entirely: com.franco.dev.graphql.productos.ProductoExistenciaCostoGraphQL@33f4340d
2026-07-22 18:09:36.595  WARN 87586 --- [  restartedMain] g.kickstart.tools.SchemaClassScanner     : Root mutation resolver was provided but no methods on it were used in data fetchers for GraphQL type 'Mutation'!  Either remove the graphql.kickstart.tools.GraphQLMutationResolver interface from the resolver or remove the resolver entirely: com.franco.dev.graphql.financiero.FacturaLegalItemGraphQL@4bd57338
2026-07-22 18:09:36.595  WARN 87586 --- [  restartedMain] g.kickstart.tools.SchemaClassScanner     : Root mutation resolver was provided but no methods on it were used in data fetchers for GraphQL type 'Mutation'!  Either remove the graphql.kickstart.tools.GraphQLMutationResolver interface from the resolver or remove the resolver entirely: com.franco.dev.graphql.print.PrintGraphQL@7a991305
2026-07-22 18:09:36.595  WARN 87586 --- [  restartedMain] g.kickstart.tools.SchemaClassScanner     : Root mutation resolver was provided but no methods on it were used in data fetchers for GraphQL type 'Mutation'!  Either remove the graphql.kickstart.tools.GraphQLMutationResolver interface from the resolver or remove the resolver entirely: com.franco.dev.graphql.productos.ProductoExistenciaCostoGraphQL@33f4340d
2026-07-22 18:09:37.841  WARN 87586 --- [  restartedMain] JpaBaseConfiguration$JpaWebConfiguration : spring.jpa.open-in-view is enabled by default. Therefore, database queries may be performed during view rendering. Explicitly configure spring.jpa.open-in-view to disable this warning
2026-07-22 18:09:38.749  INFO 87586 --- [  restartedMain] o.s.b.w.embedded.tomcat.TomcatWebServer  : Tomcat started on port(s): 8081 (http) with context path ''
2026-07-22 18:09:38.758  INFO 87586 --- [  restartedMain] o.s.b.d.a.OptionalLiveReloadServer       : LiveReload server is running on port 35729
2026-07-22 18:09:38.760  INFO 87586 --- [  restartedMain] o.s.m.s.b.SimpleBrokerMessageHandler     : Starting...
2026-07-22 18:09:38.760  INFO 87586 --- [  restartedMain] o.s.m.s.b.SimpleBrokerMessageHandler     : BrokerAvailabilityEvent[available=true, SimpleBrokerMessageHandler [org.springframework.messaging.simp.broker.DefaultSubscriptionRegistry@19fa46f3]]
2026-07-22 18:09:38.760  INFO 87586 --- [  restartedMain] o.s.m.s.b.SimpleBrokerMessageHandler     : Started.
2026-07-22 18:09:38.798  INFO 87586 --- [  restartedMain] com.franco.dev.FrancoSystemsApplication  : Started FrancoSystemsApplication in 45.472 seconds (JVM running for 46.313)
2026-07-22 18:09:45.478  INFO 87586 --- [0.0-8081-exec-1] o.a.c.c.C.[Tomcat].[localhost].[/]       : Initializing Spring DispatcherServlet 'dispatcherServlet'
2026-07-22 18:09:45.478  INFO 87586 --- [0.0-8081-exec-1] o.s.web.servlet.DispatcherServlet        : Initializing Servlet 'dispatcherServlet'
2026-07-22 18:09:45.809  INFO 87586 --- [0.0-8081-exec-1] o.s.b.a.e.web.EndpointLinksResolver      : Exposing 2 endpoint(s) beneath base path '/actuator'
2026-07-22 18:09:45.986  INFO 87586 --- [0.0-8081-exec-1] o.s.web.servlet.DispatcherServlet        : Completed initialization in 508 ms
2026-07-22 18:09:46.163  INFO 87586 --- [0.0-8081-exec-1] o.s.s.web.DefaultSecurityFilterChain     : Will secure any request with [org.springframework.security.web.session.DisableEncodeUrlFilter@3683ce3e, org.springframework.security.web.context.request.async.WebAsyncManagerIntegrationFilter@7472ca81, org.springframework.security.web.context.SecurityContextPersistenceFilter@7b4a165d, org.springframework.security.web.header.HeaderWriterFilter@29eefab0, org.springframework.web.filter.CorsFilter@13669449, org.springframework.security.web.authentication.logout.LogoutFilter@132ce558, com.franco.dev.security.JwtAuthenticationTokenFilter@61604cf2, org.springframework.security.web.savedrequest.RequestCacheAwareFilter@38e99efa, org.springframework.security.web.servletapi.SecurityContextHolderAwareRequestFilter@63dbfe66, org.springframework.security.web.authentication.AnonymousAuthenticationFilter@7f513aba, org.springframework.security.web.session.SessionManagementFilter@6310827, org.springframework.security.web.access.ExceptionTranslationFilter@6c2dda1a, org.springframework.security.web.access.intercept.FilterSecurityInterceptor@e54adc9]
2026-07-22 18:10:38.798  INFO 87586 --- [MessageBroker-2] c.f.d.s.f.CotizacionMercadoScheduler     : Actualizacion automatica de cotizaciones de mercado
2026-07-22 18:10:40.307  INFO 87586 --- [MessageBroker-2] c.f.d.s.financiero.NorteCambiosScraper   : NorteCambiosScraper: 3 monedas obtenidas de nortecambios
2026-07-22 18:10:40.440  INFO 87586 --- [MessageBroker-2] c.f.d.s.f.CotizacionMercadoScheduler     : CotizacionMercadoScheduler: 3 monedas actualizadas
Successfully Authentication
Successfully Authentication
Successfully Authentication
Successfully Authentication
2026-07-22 18:20:40.440  INFO 87586 --- [MessageBroker-2] c.f.d.s.f.CotizacionMercadoScheduler     : Actualizacion automatica de cotizaciones de mercado
2026-07-22 18:20:41.774  INFO 87586 --- [MessageBroker-2] c.f.d.s.financiero.NorteCambiosScraper   : NorteCambiosScraper: 3 monedas obtenidas de nortecambios
2026-07-22 18:20:41.790  INFO 87586 --- [MessageBroker-2] c.f.d.s.f.CotizacionMercadoScheduler     : CotizacionMercadoScheduler: 3 monedas actualizadas
Successfully Authentication
Successfully Authentication
Successfully Authentication
Successfully Authentication
2026-07-22 18:30:41.908  INFO 87586 --- [MessageBroker-2] c.f.d.s.f.CotizacionMercadoScheduler     : Actualizacion automatica de cotizaciones de mercado
2026-07-22 18:30:43.261  INFO 87586 --- [MessageBroker-2] c.f.d.s.financiero.NorteCambiosScraper   : NorteCambiosScraper: 3 monedas obtenidas de nortecambios
2026-07-22 18:30:43.274  INFO 87586 --- [MessageBroker-2] c.f.d.s.f.CotizacionMercadoScheduler     : CotizacionMercadoScheduler: 3 monedas actualizadas
Successfully Authentication
Successfully Authentication
Successfully Authentication
Successfully Authentication
2026-07-22 18:40:43.294  INFO 87586 --- [MessageBroker-3] c.f.d.s.f.CotizacionMercadoScheduler     : Actualizacion automatica de cotizaciones de mercado
2026-07-22 18:40:44.665  INFO 87586 --- [MessageBroker-3] c.f.d.s.financiero.NorteCambiosScraper   : NorteCambiosScraper: 3 monedas obtenidas de nortecambios
2026-07-22 18:40:44.684  INFO 87586 --- [MessageBroker-3] c.f.d.s.f.CotizacionMercadoScheduler     : CotizacionMercadoScheduler: 3 monedas actualizadas
Successfully Authentication
Successfully Authentication
Successfully Authentication
Successfully Authentication
2026-07-22 18:50:44.704  INFO 87586 --- [MessageBroker-1] c.f.d.s.f.CotizacionMercadoScheduler     : Actualizacion automatica de cotizaciones de mercado
2026-07-22 18:50:46.068  INFO 87586 --- [MessageBroker-1] c.f.d.s.financiero.NorteCambiosScraper   : NorteCambiosScraper: 3 monedas obtenidas de nortecambios
2026-07-22 18:50:46.082  INFO 87586 --- [MessageBroker-1] c.f.d.s.f.CotizacionMercadoScheduler     : CotizacionMercadoScheduler: 3 monedas actualizadas
Successfully Authentication
Successfully Authentication
Successfully Authentication
Successfully Authentication
2026-07-22 19:00:46.033  INFO 87586 --- [MessageBroker-1] c.f.d.s.f.CotizacionMercadoScheduler     : Actualizacion automatica de cotizaciones de mercado
2026-07-22 19:00:47.373  INFO 87586 --- [MessageBroker-1] c.f.d.s.financiero.NorteCambiosScraper   : NorteCambiosScraper: 3 monedas obtenidas de nortecambios
2026-07-22 19:00:47.384  INFO 87586 --- [MessageBroker-1] c.f.d.s.f.CotizacionMercadoScheduler     : CotizacionMercadoScheduler: 3 monedas actualizadas
Successfully Authentication
Successfully Authentication
Successfully Authentication
Successfully Authentication
2026-07-22 19:10:47.396  INFO 87586 --- [MessageBroker-4] c.f.d.s.f.CotizacionMercadoScheduler     : Actualizacion automatica de cotizaciones de mercado
2026-07-22 19:10:48.773  INFO 87586 --- [MessageBroker-4] c.f.d.s.financiero.NorteCambiosScraper   : NorteCambiosScraper: 3 monedas obtenidas de nortecambios
2026-07-22 19:10:48.792  INFO 87586 --- [MessageBroker-4] c.f.d.s.f.CotizacionMercadoScheduler     : CotizacionMercadoScheduler: 3 monedas actualizadas
Successfully Authentication
Successfully Authentication
Successfully Authentication
Successfully Authentication
2026-07-22 19:20:48.863  INFO 87586 --- [MessageBroker-2] c.f.d.s.f.CotizacionMercadoScheduler     : Actualizacion automatica de cotizaciones de mercado
2026-07-22 19:20:50.191  INFO 87586 --- [MessageBroker-2] c.f.d.s.financiero.NorteCambiosScraper   : NorteCambiosScraper: 3 monedas obtenidas de nortecambios
2026-07-22 19:20:50.199  INFO 87586 --- [MessageBroker-2] c.f.d.s.f.CotizacionMercadoScheduler     : CotizacionMercadoScheduler: 3 monedas actualizadas
Successfully Authentication
Successfully Authentication
Successfully Authentication
Successfully Authentication
2026-07-22 19:30:50.219  INFO 87586 --- [MessageBroker-2] c.f.d.s.f.CotizacionMercadoScheduler     : Actualizacion automatica de cotizaciones de mercado
2026-07-22 19:30:51.579  INFO 87586 --- [MessageBroker-2] c.f.d.s.financiero.NorteCambiosScraper   : NorteCambiosScraper: 3 monedas obtenidas de nortecambios
2026-07-22 19:30:51.589  INFO 87586 --- [MessageBroker-2] c.f.d.s.f.CotizacionMercadoScheduler     : CotizacionMercadoScheduler: 3 monedas actualizadas
Successfully Authentication
Successfully Authentication
Successfully Authentication
Successfully Authentication
2026-07-22 19:40:51.602  INFO 87586 --- [MessageBroker-4] c.f.d.s.f.CotizacionMercadoScheduler     : Actualizacion automatica de cotizaciones de mercado
2026-07-22 19:40:52.943  INFO 87586 --- [MessageBroker-4] c.f.d.s.financiero.NorteCambiosScraper   : NorteCambiosScraper: 3 monedas obtenidas de nortecambios
2026-07-22 19:40:52.961  INFO 87586 --- [MessageBroker-4] c.f.d.s.f.CotizacionMercadoScheduler     : CotizacionMercadoScheduler: 3 monedas actualizadas
Successfully Authentication
Successfully Authentication
Successfully Authentication
Successfully Authentication
2026-07-22 19:50:52.892  INFO 87586 --- [MessageBroker-2] c.f.d.s.f.CotizacionMercadoScheduler     : Actualizacion automatica de cotizaciones de mercado
2026-07-22 19:50:54.266  INFO 87586 --- [MessageBroker-2] c.f.d.s.financiero.NorteCambiosScraper   : NorteCambiosScraper: 3 monedas obtenidas de nortecambios
2026-07-22 19:50:54.275  INFO 87586 --- [MessageBroker-2] c.f.d.s.f.CotizacionMercadoScheduler     : CotizacionMercadoScheduler: 3 monedas actualizadas
Successfully Authentication
Successfully Authentication
Successfully Authentication
Successfully Authentication
2026-07-22 20:00:54.276  INFO 87586 --- [MessageBroker-1] c.f.d.s.f.CotizacionMercadoScheduler     : Actualizacion automatica de cotizaciones de mercado
2026-07-22 20:00:55.635  INFO 87586 --- [MessageBroker-1] c.f.d.s.financiero.NorteCambiosScraper   : NorteCambiosScraper: 3 monedas obtenidas de nortecambios
2026-07-22 20:00:55.644  INFO 87586 --- [MessageBroker-1] c.f.d.s.f.CotizacionMercadoScheduler     : CotizacionMercadoScheduler: 3 monedas actualizadas
Successfully Authentication
Successfully Authentication
Successfully Authentication
Successfully Authentication
2026-07-22 20:10:55.651  INFO 87586 --- [MessageBroker-3] c.f.d.s.f.CotizacionMercadoScheduler     : Actualizacion automatica de cotizaciones de mercado
2026-07-22 20:10:57.032  INFO 87586 --- [MessageBroker-3] c.f.d.s.financiero.NorteCambiosScraper   : NorteCambiosScraper: 3 monedas obtenidas de nortecambios
2026-07-22 20:10:57.043  INFO 87586 --- [MessageBroker-3] c.f.d.s.f.CotizacionMercadoScheduler     : CotizacionMercadoScheduler: 3 monedas actualizadas
Successfully Authentication
Successfully Authentication
Successfully Authentication
Successfully Authentication
2026-07-22 20:20:57.022  INFO 87586 --- [MessageBroker-1] c.f.d.s.f.CotizacionMercadoScheduler     : Actualizacion automatica de cotizaciones de mercado
2026-07-22 20:20:58.359  INFO 87586 --- [MessageBroker-1] c.f.d.s.financiero.NorteCambiosScraper   : NorteCambiosScraper: 3 monedas obtenidas de nortecambios
2026-07-22 20:20:58.366  INFO 87586 --- [MessageBroker-1] c.f.d.s.f.CotizacionMercadoScheduler     : CotizacionMercadoScheduler: 3 monedas actualizadas
Successfully Authentication
Successfully Authentication
Successfully Authentication
Successfully Authentication
2026-07-22 20:30:58.361  INFO 87586 --- [MessageBroker-1] c.f.d.s.f.CotizacionMercadoScheduler     : Actualizacion automatica de cotizaciones de mercado
2026-07-22 20:30:59.754  INFO 87586 --- [MessageBroker-1] c.f.d.s.financiero.NorteCambiosScraper   : NorteCambiosScraper: 3 monedas obtenidas de nortecambios
2026-07-22 20:30:59.764  INFO 87586 --- [MessageBroker-1] c.f.d.s.f.CotizacionMercadoScheduler     : CotizacionMercadoScheduler: 3 monedas actualizadas
Successfully Authentication
Successfully Authentication
Successfully Authentication
Successfully Authentication
2026-07-22 20:40:59.849  INFO 87586 --- [MessageBroker-3] c.f.d.s.f.CotizacionMercadoScheduler     : Actualizacion automatica de cotizaciones de mercado
2026-07-22 20:41:01.212  INFO 87586 --- [MessageBroker-3] c.f.d.s.financiero.NorteCambiosScraper   : NorteCambiosScraper: 3 monedas obtenidas de nortecambios
2026-07-22 20:41:01.230  INFO 87586 --- [MessageBroker-3] c.f.d.s.f.CotizacionMercadoScheduler     : CotizacionMercadoScheduler: 3 monedas actualizadas
Successfully Authentication
Successfully Authentication
Successfully Authentication
Successfully Authentication
2026-07-22 20:51:01.246  INFO 87586 --- [MessageBroker-4] c.f.d.s.f.CotizacionMercadoScheduler     : Actualizacion automatica de cotizaciones de mercado
2026-07-22 20:51:02.588  INFO 87586 --- [MessageBroker-4] c.f.d.s.financiero.NorteCambiosScraper   : NorteCambiosScraper: 3 monedas obtenidas de nortecambios
2026-07-22 20:51:02.596  INFO 87586 --- [MessageBroker-4] c.f.d.s.f.CotizacionMercadoScheduler     : CotizacionMercadoScheduler: 3 monedas actualizadas
Successfully Authentication
Successfully Authentication
Successfully Authentication
Successfully Authentication
2026-07-22 21:01:02.612  INFO 87586 --- [MessageBroker-4] c.f.d.s.f.CotizacionMercadoScheduler     : Actualizacion automatica de cotizaciones de mercado
2026-07-22 21:01:04.312  INFO 87586 --- [MessageBroker-4] c.f.d.s.financiero.NorteCambiosScraper   : NorteCambiosScraper: 3 monedas obtenidas de nortecambios
2026-07-22 21:01:04.320  INFO 87586 --- [MessageBroker-4] c.f.d.s.f.CotizacionMercadoScheduler     : CotizacionMercadoScheduler: 3 monedas actualizadas
Successfully Authentication
Successfully Authentication
Successfully Authentication
Successfully Authentication
2026-07-22 21:11:04.360  INFO 87586 --- [MessageBroker-2] c.f.d.s.f.CotizacionMercadoScheduler     : Actualizacion automatica de cotizaciones de mercado
2026-07-22 21:11:05.723  INFO 87586 --- [MessageBroker-2] c.f.d.s.financiero.NorteCambiosScraper   : NorteCambiosScraper: 3 monedas obtenidas de nortecambios
2026-07-22 21:11:05.733  INFO 87586 --- [MessageBroker-2] c.f.d.s.f.CotizacionMercadoScheduler     : CotizacionMercadoScheduler: 3 monedas actualizadas
Successfully Authentication
Successfully Authentication
Successfully Authentication
Successfully Authentication
2026-07-22 21:21:05.751  INFO 87586 --- [MessageBroker-4] c.f.d.s.f.CotizacionMercadoScheduler     : Actualizacion automatica de cotizaciones de mercado
2026-07-22 21:21:07.093  INFO 87586 --- [MessageBroker-4] c.f.d.s.financiero.NorteCambiosScraper   : NorteCambiosScraper: 3 monedas obtenidas de nortecambios
2026-07-22 21:21:07.101  INFO 87586 --- [MessageBroker-4] c.f.d.s.f.CotizacionMercadoScheduler     : CotizacionMercadoScheduler: 3 monedas actualizadas
Successfully Authentication
Successfully Authentication
Successfully Authentication
Successfully Authentication
2026-07-22 21:31:07.071  INFO 87586 --- [MessageBroker-4] c.f.d.s.f.CotizacionMercadoScheduler     : Actualizacion automatica de cotizaciones de mercado
2026-07-22 21:31:08.453  INFO 87586 --- [MessageBroker-4] c.f.d.s.financiero.NorteCambiosScraper   : NorteCambiosScraper: 3 monedas obtenidas de nortecambios
2026-07-22 21:31:08.463  INFO 87586 --- [MessageBroker-4] c.f.d.s.f.CotizacionMercadoScheduler     : CotizacionMercadoScheduler: 3 monedas actualizadas
Successfully Authentication
Successfully Authentication
Successfully Authentication
Successfully Authentication
2026-07-22 21:41:08.476  INFO 87586 --- [MessageBroker-3] c.f.d.s.f.CotizacionMercadoScheduler     : Actualizacion automatica de cotizaciones de mercado
2026-07-22 21:41:09.831  INFO 87586 --- [MessageBroker-3] c.f.d.s.financiero.NorteCambiosScraper   : NorteCambiosScraper: 3 monedas obtenidas de nortecambios
2026-07-22 21:41:09.841  INFO 87586 --- [MessageBroker-3] c.f.d.s.f.CotizacionMercadoScheduler     : CotizacionMercadoScheduler: 3 monedas actualizadas
Successfully Authentication
Successfully Authentication
Successfully Authentication
Successfully Authentication
2026-07-22 21:51:09.847  INFO 87586 --- [MessageBroker-1] c.f.d.s.f.CotizacionMercadoScheduler     : Actualizacion automatica de cotizaciones de mercado
2026-07-22 21:51:11.247  INFO 87586 --- [MessageBroker-1] c.f.d.s.financiero.NorteCambiosScraper   : NorteCambiosScraper: 3 monedas obtenidas de nortecambios
2026-07-22 21:51:11.267  INFO 87586 --- [MessageBroker-1] c.f.d.s.f.CotizacionMercadoScheduler     : CotizacionMercadoScheduler: 3 monedas actualizadas
Successfully Authentication
Successfully Authentication
Successfully Authentication
Successfully Authentication
2026-07-22 22:01:11.275  INFO 87586 --- [MessageBroker-1] c.f.d.s.f.CotizacionMercadoScheduler     : Actualizacion automatica de cotizaciones de mercado
2026-07-22 22:01:12.618  INFO 87586 --- [MessageBroker-1] c.f.d.s.financiero.NorteCambiosScraper   : NorteCambiosScraper: 3 monedas obtenidas de nortecambios
2026-07-22 22:01:12.626  INFO 87586 --- [MessageBroker-1] c.f.d.s.f.CotizacionMercadoScheduler     : CotizacionMercadoScheduler: 3 monedas actualizadas
Successfully Authentication
Successfully Authentication
Successfully Authentication
Successfully Authentication
2026-07-22 22:11:12.633  INFO 87586 --- [MessageBroker-1] c.f.d.s.f.CotizacionMercadoScheduler     : Actualizacion automatica de cotizaciones de mercado
2026-07-22 22:11:14.060  INFO 87586 --- [MessageBroker-1] c.f.d.s.financiero.NorteCambiosScraper   : NorteCambiosScraper: 3 monedas obtenidas de nortecambios
2026-07-22 22:11:14.069  INFO 87586 --- [MessageBroker-1] c.f.d.s.f.CotizacionMercadoScheduler     : CotizacionMercadoScheduler: 3 monedas actualizadas
Successfully Authentication
Successfully Authentication
Successfully Authentication
Successfully Authentication
2026-07-22 22:21:14.080  INFO 87586 --- [MessageBroker-3] c.f.d.s.f.CotizacionMercadoScheduler     : Actualizacion automatica de cotizaciones de mercado
2026-07-22 22:21:15.387  INFO 87586 --- [MessageBroker-3] c.f.d.s.financiero.NorteCambiosScraper   : NorteCambiosScraper: 3 monedas obtenidas de nortecambios
2026-07-22 22:21:15.396  INFO 87586 --- [MessageBroker-3] c.f.d.s.f.CotizacionMercadoScheduler     : CotizacionMercadoScheduler: 3 monedas actualizadas
Successfully Authentication
Successfully Authentication
Successfully Authentication
Successfully Authentication
2026-07-22 22:31:15.407  INFO 87586 --- [MessageBroker-4] c.f.d.s.f.CotizacionMercadoScheduler     : Actualizacion automatica de cotizaciones de mercado
2026-07-22 22:31:16.950  INFO 87586 --- [MessageBroker-4] c.f.d.s.financiero.NorteCambiosScraper   : NorteCambiosScraper: 3 monedas obtenidas de nortecambios
2026-07-22 22:31:16.958  INFO 87586 --- [MessageBroker-4] c.f.d.s.f.CotizacionMercadoScheduler     : CotizacionMercadoScheduler: 3 monedas actualizadas
Successfully Authentication
Successfully Authentication
Successfully Authentication
Successfully Authentication
2026-07-22 22:41:16.959  INFO 87586 --- [MessageBroker-2] c.f.d.s.f.CotizacionMercadoScheduler     : Actualizacion automatica de cotizaciones de mercado
2026-07-22 22:41:18.310  INFO 87586 --- [MessageBroker-2] c.f.d.s.financiero.NorteCambiosScraper   : NorteCambiosScraper: 3 monedas obtenidas de nortecambios
2026-07-22 22:41:18.325  INFO 87586 --- [MessageBroker-2] c.f.d.s.f.CotizacionMercadoScheduler     : CotizacionMercadoScheduler: 3 monedas actualizadas
Successfully Authentication
Successfully Authentication
Successfully Authentication
Successfully Authentication
2026-07-22 22:51:18.332  INFO 87586 --- [MessageBroker-1] c.f.d.s.f.CotizacionMercadoScheduler     : Actualizacion automatica de cotizaciones de mercado
2026-07-22 22:51:19.658  INFO 87586 --- [MessageBroker-1] c.f.d.s.financiero.NorteCambiosScraper   : NorteCambiosScraper: 3 monedas obtenidas de nortecambios
2026-07-22 22:51:19.667  INFO 87586 --- [MessageBroker-1] c.f.d.s.f.CotizacionMercadoScheduler     : CotizacionMercadoScheduler: 3 monedas actualizadas
Successfully Authentication
Successfully Authentication
Successfully Authentication
Successfully Authentication
2026-07-22 23:01:19.668  INFO 87586 --- [MessageBroker-4] c.f.d.s.f.CotizacionMercadoScheduler     : Actualizacion automatica de cotizaciones de mercado
2026-07-22 23:01:21.091  INFO 87586 --- [MessageBroker-4] c.f.d.s.financiero.NorteCambiosScraper   : NorteCambiosScraper: 3 monedas obtenidas de nortecambios
2026-07-22 23:01:21.100  INFO 87586 --- [MessageBroker-4] c.f.d.s.f.CotizacionMercadoScheduler     : CotizacionMercadoScheduler: 3 monedas actualizadas
Successfully Authentication
Successfully Authentication
Successfully Authentication
Successfully Authentication
2026-07-22 23:11:21.096  INFO 87586 --- [MessageBroker-3] c.f.d.s.f.CotizacionMercadoScheduler     : Actualizacion automatica de cotizaciones de mercado
2026-07-22 23:11:22.444  INFO 87586 --- [MessageBroker-3] c.f.d.s.financiero.NorteCambiosScraper   : NorteCambiosScraper: 3 monedas obtenidas de nortecambios
2026-07-22 23:11:22.454  INFO 87586 --- [MessageBroker-3] c.f.d.s.f.CotizacionMercadoScheduler     : CotizacionMercadoScheduler: 3 monedas actualizadas
Successfully Authentication
Successfully Authentication
Successfully Authentication
Successfully Authentication
2026-07-22 23:21:22.460  INFO 87586 --- [MessageBroker-1] c.f.d.s.f.CotizacionMercadoScheduler     : Actualizacion automatica de cotizaciones de mercado
2026-07-22 23:21:23.807  INFO 87586 --- [MessageBroker-1] c.f.d.s.financiero.NorteCambiosScraper   : NorteCambiosScraper: 3 monedas obtenidas de nortecambios
2026-07-22 23:21:23.815  INFO 87586 --- [MessageBroker-1] c.f.d.s.f.CotizacionMercadoScheduler     : CotizacionMercadoScheduler: 3 monedas actualizadas
Successfully Authentication
Successfully Authentication
Successfully Authentication
Successfully Authentication
2026-07-22 23:31:23.699  INFO 87586 --- [MessageBroker-1] c.f.d.s.f.CotizacionMercadoScheduler     : Actualizacion automatica de cotizaciones de mercado
2026-07-22 23:31:25.065  INFO 87586 --- [MessageBroker-1] c.f.d.s.financiero.NorteCambiosScraper   : NorteCambiosScraper: 3 monedas obtenidas de nortecambios
2026-07-22 23:31:25.072  INFO 87586 --- [MessageBroker-1] c.f.d.s.f.CotizacionMercadoScheduler     : CotizacionMercadoScheduler: 3 monedas actualizadas
Successfully Authentication
Successfully Authentication
Successfully Authentication
Successfully Authentication
2026-07-22 23:41:25.064  INFO 87586 --- [MessageBroker-4] c.f.d.s.f.CotizacionMercadoScheduler     : Actualizacion automatica de cotizaciones de mercado
2026-07-22 23:41:26.566  INFO 87586 --- [MessageBroker-4] c.f.d.s.financiero.NorteCambiosScraper   : NorteCambiosScraper: 3 monedas obtenidas de nortecambios
2026-07-22 23:41:26.582  INFO 87586 --- [MessageBroker-4] c.f.d.s.f.CotizacionMercadoScheduler     : CotizacionMercadoScheduler: 3 monedas actualizadas
Successfully Authentication
Successfully Authentication
Successfully Authentication
Successfully Authentication
2026-07-22 23:51:26.564  INFO 87586 --- [MessageBroker-3] c.f.d.s.f.CotizacionMercadoScheduler     : Actualizacion automatica de cotizaciones de mercado
2026-07-22 23:51:27.947  INFO 87586 --- [MessageBroker-3] c.f.d.s.financiero.NorteCambiosScraper   : NorteCambiosScraper: 3 monedas obtenidas de nortecambios
2026-07-22 23:51:27.954  INFO 87586 --- [MessageBroker-3] c.f.d.s.f.CotizacionMercadoScheduler     : CotizacionMercadoScheduler: 3 monedas actualizadas
Successfully Authentication
Successfully Authentication
Successfully Authentication
Successfully Authentication
2026-07-23 00:01:28.031  INFO 87586 --- [MessageBroker-3] c.f.d.s.f.CotizacionMercadoScheduler     : Actualizacion automatica de cotizaciones de mercado
2026-07-23 00:01:29.406  INFO 87586 --- [MessageBroker-3] c.f.d.s.financiero.NorteCambiosScraper   : NorteCambiosScraper: 3 monedas obtenidas de nortecambios
2026-07-23 00:01:29.413  INFO 87586 --- [MessageBroker-3] c.f.d.s.f.CotizacionMercadoScheduler     : CotizacionMercadoScheduler: 3 monedas actualizadas
Successfully Authentication
Successfully Authentication
Successfully Authentication
Successfully Authentication
2026-07-23 00:11:29.415  INFO 87586 --- [MessageBroker-3] c.f.d.s.f.CotizacionMercadoScheduler     : Actualizacion automatica de cotizaciones de mercado
2026-07-23 00:11:31.070  INFO 87586 --- [MessageBroker-3] c.f.d.s.financiero.NorteCambiosScraper   : NorteCambiosScraper: 3 monedas obtenidas de nortecambios
2026-07-23 00:11:31.080  INFO 87586 --- [MessageBroker-3] c.f.d.s.f.CotizacionMercadoScheduler     : CotizacionMercadoScheduler: 3 monedas actualizadas
Successfully Authentication
Successfully Authentication
Successfully Authentication
Successfully Authentication
2026-07-23 00:21:31.017  INFO 87586 --- [MessageBroker-1] c.f.d.s.f.CotizacionMercadoScheduler     : Actualizacion automatica de cotizaciones de mercado
2026-07-23 00:21:32.364  INFO 87586 --- [MessageBroker-1] c.f.d.s.financiero.NorteCambiosScraper   : NorteCambiosScraper: 3 monedas obtenidas de nortecambios
2026-07-23 00:21:32.370  INFO 87586 --- [MessageBroker-1] c.f.d.s.f.CotizacionMercadoScheduler     : CotizacionMercadoScheduler: 3 monedas actualizadas
Successfully Authentication
Successfully Authentication
Successfully Authentication
Successfully Authentication
2026-07-23 00:31:32.365  INFO 87586 --- [MessageBroker-1] c.f.d.s.f.CotizacionMercadoScheduler     : Actualizacion automatica de cotizaciones de mercado
2026-07-23 00:31:33.735  INFO 87586 --- [MessageBroker-1] c.f.d.s.financiero.NorteCambiosScraper   : NorteCambiosScraper: 3 monedas obtenidas de nortecambios
2026-07-23 00:31:33.742  INFO 87586 --- [MessageBroker-1] c.f.d.s.f.CotizacionMercadoScheduler     : CotizacionMercadoScheduler: 3 monedas actualizadas
Successfully Authentication
Successfully Authentication
Successfully Authentication
Successfully Authentication
2026-07-23 00:41:33.737  INFO 87586 --- [MessageBroker-3] c.f.d.s.f.CotizacionMercadoScheduler     : Actualizacion automatica de cotizaciones de mercado
2026-07-23 00:41:35.072  INFO 87586 --- [MessageBroker-3] c.f.d.s.financiero.NorteCambiosScraper   : NorteCambiosScraper: 3 monedas obtenidas de nortecambios
2026-07-23 00:41:35.082  INFO 87586 --- [MessageBroker-3] c.f.d.s.f.CotizacionMercadoScheduler     : CotizacionMercadoScheduler: 3 monedas actualizadas
Successfully Authentication
Successfully Authentication
Successfully Authentication
Successfully Authentication
2026-07-23 00:51:35.068  INFO 87586 --- [MessageBroker-4] c.f.d.s.f.CotizacionMercadoScheduler     : Actualizacion automatica de cotizaciones de mercado
2026-07-23 00:51:36.443  INFO 87586 --- [MessageBroker-4] c.f.d.s.financiero.NorteCambiosScraper   : NorteCambiosScraper: 3 monedas obtenidas de nortecambios
2026-07-23 00:51:36.451  INFO 87586 --- [MessageBroker-4] c.f.d.s.f.CotizacionMercadoScheduler     : CotizacionMercadoScheduler: 3 monedas actualizadas
Successfully Authentication
Successfully Authentication
Successfully Authentication
Successfully Authentication
2026-07-23 01:01:36.439  INFO 87586 --- [MessageBroker-3] c.f.d.s.f.CotizacionMercadoScheduler     : Actualizacion automatica de cotizaciones de mercado
2026-07-23 01:01:37.804  INFO 87586 --- [MessageBroker-3] c.f.d.s.financiero.NorteCambiosScraper   : NorteCambiosScraper: 3 monedas obtenidas de nortecambios
2026-07-23 01:01:37.810  INFO 87586 --- [MessageBroker-3] c.f.d.s.f.CotizacionMercadoScheduler     : CotizacionMercadoScheduler: 3 monedas actualizadas
Successfully Authentication
Successfully Authentication
Successfully Authentication
Successfully Authentication
2026-07-23 01:11:37.805  INFO 87586 --- [MessageBroker-4] c.f.d.s.f.CotizacionMercadoScheduler     : Actualizacion automatica de cotizaciones de mercado
2026-07-23 01:11:39.169  INFO 87586 --- [MessageBroker-4] c.f.d.s.financiero.NorteCambiosScraper   : NorteCambiosScraper: 3 monedas obtenidas de nortecambios
2026-07-23 01:11:39.180  INFO 87586 --- [MessageBroker-4] c.f.d.s.f.CotizacionMercadoScheduler     : CotizacionMercadoScheduler: 3 monedas actualizadas
Successfully Authentication
Successfully Authentication
Successfully Authentication
Successfully Authentication
2026-07-23 01:21:39.204  INFO 87586 --- [MessageBroker-3] c.f.d.s.f.CotizacionMercadoScheduler     : Actualizacion automatica de cotizaciones de mercado
2026-07-23 01:21:40.569  INFO 87586 --- [MessageBroker-3] c.f.d.s.financiero.NorteCambiosScraper   : NorteCambiosScraper: 3 monedas obtenidas de nortecambios
2026-07-23 01:21:40.576  INFO 87586 --- [MessageBroker-3] c.f.d.s.f.CotizacionMercadoScheduler     : CotizacionMercadoScheduler: 3 monedas actualizadas
Successfully Authentication
Successfully Authentication
Successfully Authentication
Successfully Authentication
2026-07-23 01:31:40.571  INFO 87586 --- [MessageBroker-3] c.f.d.s.f.CotizacionMercadoScheduler     : Actualizacion automatica de cotizaciones de mercado
2026-07-23 01:31:41.949  INFO 87586 --- [MessageBroker-3] c.f.d.s.financiero.NorteCambiosScraper   : NorteCambiosScraper: 3 monedas obtenidas de nortecambios
2026-07-23 01:31:41.955  INFO 87586 --- [MessageBroker-3] c.f.d.s.f.CotizacionMercadoScheduler     : CotizacionMercadoScheduler: 3 monedas actualizadas
Successfully Authentication
Successfully Authentication
Successfully Authentication
Successfully Authentication
2026-07-23 01:41:41.954  INFO 87586 --- [MessageBroker-4] c.f.d.s.f.CotizacionMercadoScheduler     : Actualizacion automatica de cotizaciones de mercado
2026-07-23 01:41:43.309  INFO 87586 --- [MessageBroker-4] c.f.d.s.financiero.NorteCambiosScraper   : NorteCambiosScraper: 3 monedas obtenidas de nortecambios
2026-07-23 01:41:43.318  INFO 87586 --- [MessageBroker-4] c.f.d.s.f.CotizacionMercadoScheduler     : CotizacionMercadoScheduler: 3 monedas actualizadas
Successfully Authentication
Successfully Authentication
Successfully Authentication
Successfully Authentication
2026-07-23 01:51:43.310  INFO 87586 --- [MessageBroker-3] c.f.d.s.f.CotizacionMercadoScheduler     : Actualizacion automatica de cotizaciones de mercado
2026-07-23 01:51:44.659  INFO 87586 --- [MessageBroker-3] c.f.d.s.financiero.NorteCambiosScraper   : NorteCambiosScraper: 3 monedas obtenidas de nortecambios
2026-07-23 01:51:44.667  INFO 87586 --- [MessageBroker-3] c.f.d.s.f.CotizacionMercadoScheduler     : CotizacionMercadoScheduler: 3 monedas actualizadas
Successfully Authentication
Successfully Authentication
Successfully Authentication
Successfully Authentication
2026-07-23 02:01:44.824  INFO 87586 --- [MessageBroker-1] c.f.d.s.f.CotizacionMercadoScheduler     : Actualizacion automatica de cotizaciones de mercado
2026-07-23 02:01:46.237  INFO 87586 --- [MessageBroker-1] c.f.d.s.financiero.NorteCambiosScraper   : NorteCambiosScraper: 3 monedas obtenidas de nortecambios
2026-07-23 02:01:46.244  INFO 87586 --- [MessageBroker-1] c.f.d.s.f.CotizacionMercadoScheduler     : CotizacionMercadoScheduler: 3 monedas actualizadas
Successfully Authentication
Successfully Authentication
Successfully Authentication
Successfully Authentication
2026-07-23 02:11:46.261  INFO 87586 --- [MessageBroker-2] c.f.d.s.f.CotizacionMercadoScheduler     : Actualizacion automatica de cotizaciones de mercado
2026-07-23 02:11:47.613  INFO 87586 --- [MessageBroker-2] c.f.d.s.financiero.NorteCambiosScraper   : NorteCambiosScraper: 3 monedas obtenidas de nortecambios
2026-07-23 02:11:47.620  INFO 87586 --- [MessageBroker-2] c.f.d.s.f.CotizacionMercadoScheduler     : CotizacionMercadoScheduler: 3 monedas actualizadas
Successfully Authentication
Successfully Authentication
Successfully Authentication
Successfully Authentication
2026-07-23 02:21:47.662  INFO 87586 --- [MessageBroker-3] c.f.d.s.f.CotizacionMercadoScheduler     : Actualizacion automatica de cotizaciones de mercado
2026-07-23 02:21:49.049  INFO 87586 --- [MessageBroker-3] c.f.d.s.financiero.NorteCambiosScraper   : NorteCambiosScraper: 3 monedas obtenidas de nortecambios
2026-07-23 02:21:49.057  INFO 87586 --- [MessageBroker-3] c.f.d.s.f.CotizacionMercadoScheduler     : CotizacionMercadoScheduler: 3 monedas actualizadas
Successfully Authentication
Successfully Authentication
Successfully Authentication
Successfully Authentication
2026-07-23 02:31:49.075  INFO 87586 --- [MessageBroker-3] c.f.d.s.f.CotizacionMercadoScheduler     : Actualizacion automatica de cotizaciones de mercado
2026-07-23 02:31:50.420  INFO 87586 --- [MessageBroker-3] c.f.d.s.financiero.NorteCambiosScraper   : NorteCambiosScraper: 3 monedas obtenidas de nortecambios
2026-07-23 02:31:50.428  INFO 87586 --- [MessageBroker-3] c.f.d.s.f.CotizacionMercadoScheduler     : CotizacionMercadoScheduler: 3 monedas actualizadas
Successfully Authentication
Successfully Authentication
Successfully Authentication
Successfully Authentication
2026-07-23 02:41:50.453  INFO 87586 --- [MessageBroker-4] c.f.d.s.f.CotizacionMercadoScheduler     : Actualizacion automatica de cotizaciones de mercado
2026-07-23 02:41:51.829  INFO 87586 --- [MessageBroker-4] c.f.d.s.financiero.NorteCambiosScraper   : NorteCambiosScraper: 3 monedas obtenidas de nortecambios
2026-07-23 02:41:51.836  INFO 87586 --- [MessageBroker-4] c.f.d.s.f.CotizacionMercadoScheduler     : CotizacionMercadoScheduler: 3 monedas actualizadas
Successfully Authentication
Successfully Authentication
Successfully Authentication
Successfully Authentication
2026-07-23 02:51:51.839  INFO 87586 --- [MessageBroker-1] c.f.d.s.f.CotizacionMercadoScheduler     : Actualizacion automatica de cotizaciones de mercado
2026-07-23 02:51:53.200  INFO 87586 --- [MessageBroker-1] c.f.d.s.financiero.NorteCambiosScraper   : NorteCambiosScraper: 3 monedas obtenidas de nortecambios
2026-07-23 02:51:53.211  INFO 87586 --- [MessageBroker-1] c.f.d.s.f.CotizacionMercadoScheduler     : CotizacionMercadoScheduler: 3 monedas actualizadas
Successfully Authentication
Successfully Authentication
Successfully Authentication
Successfully Authentication
2026-07-23 03:01:53.232  INFO 87586 --- [MessageBroker-1] c.f.d.s.f.CotizacionMercadoScheduler     : Actualizacion automatica de cotizaciones de mercado
2026-07-23 03:01:54.668  INFO 87586 --- [MessageBroker-1] c.f.d.s.financiero.NorteCambiosScraper   : NorteCambiosScraper: 3 monedas obtenidas de nortecambios
2026-07-23 03:01:54.677  INFO 87586 --- [MessageBroker-1] c.f.d.s.f.CotizacionMercadoScheduler     : CotizacionMercadoScheduler: 3 monedas actualizadas
Successfully Authentication
Successfully Authentication
Successfully Authentication
Successfully Authentication
2026-07-23 03:11:54.666  INFO 87586 --- [MessageBroker-4] c.f.d.s.f.CotizacionMercadoScheduler     : Actualizacion automatica de cotizaciones de mercado
2026-07-23 03:11:56.038  INFO 87586 --- [MessageBroker-4] c.f.d.s.financiero.NorteCambiosScraper   : NorteCambiosScraper: 3 monedas obtenidas de nortecambios
2026-07-23 03:11:56.046  INFO 87586 --- [MessageBroker-4] c.f.d.s.f.CotizacionMercadoScheduler     : CotizacionMercadoScheduler: 3 monedas actualizadas
Successfully Authentication
Successfully Authentication
Successfully Authentication
Successfully Authentication
2026-07-23 03:21:56.064  INFO 87586 --- [MessageBroker-3] c.f.d.s.f.CotizacionMercadoScheduler     : Actualizacion automatica de cotizaciones de mercado
2026-07-23 03:21:57.437  INFO 87586 --- [MessageBroker-3] c.f.d.s.financiero.NorteCambiosScraper   : NorteCambiosScraper: 3 monedas obtenidas de nortecambios
2026-07-23 03:21:57.443  INFO 87586 --- [MessageBroker-3] c.f.d.s.f.CotizacionMercadoScheduler     : CotizacionMercadoScheduler: 3 monedas actualizadas
Successfully Authentication
Successfully Authentication
Successfully Authentication
Successfully Authentication
2026-07-23 03:31:57.452  INFO 87586 --- [MessageBroker-4] c.f.d.s.f.CotizacionMercadoScheduler     : Actualizacion automatica de cotizaciones de mercado
2026-07-23 03:31:58.813  INFO 87586 --- [MessageBroker-4] c.f.d.s.financiero.NorteCambiosScraper   : NorteCambiosScraper: 3 monedas obtenidas de nortecambios
2026-07-23 03:31:58.829  INFO 87586 --- [MessageBroker-4] c.f.d.s.f.CotizacionMercadoScheduler     : CotizacionMercadoScheduler: 3 monedas actualizadas
Successfully Authentication
Successfully Authentication
Successfully Authentication
Successfully Authentication
2026-07-23 03:41:58.783  INFO 87586 --- [MessageBroker-3] c.f.d.s.f.CotizacionMercadoScheduler     : Actualizacion automatica de cotizaciones de mercado
2026-07-23 03:42:00.170  INFO 87586 --- [MessageBroker-3] c.f.d.s.financiero.NorteCambiosScraper   : NorteCambiosScraper: 3 monedas obtenidas de nortecambios
2026-07-23 03:42:00.177  INFO 87586 --- [MessageBroker-3] c.f.d.s.f.CotizacionMercadoScheduler     : CotizacionMercadoScheduler: 3 monedas actualizadas
Successfully Authentication
Successfully Authentication
Successfully Authentication
Successfully Authentication
2026-07-23 03:52:00.177  INFO 87586 --- [MessageBroker-2] c.f.d.s.f.CotizacionMercadoScheduler     : Actualizacion automatica de cotizaciones de mercado
2026-07-23 03:52:01.564  INFO 87586 --- [MessageBroker-2] c.f.d.s.financiero.NorteCambiosScraper   : NorteCambiosScraper: 3 monedas obtenidas de nortecambios
2026-07-23 03:52:01.571  INFO 87586 --- [MessageBroker-2] c.f.d.s.f.CotizacionMercadoScheduler     : CotizacionMercadoScheduler: 3 monedas actualizadas
Successfully Authentication
Successfully Authentication
Successfully Authentication
Successfully Authentication
2026-07-23 04:02:01.575  INFO 87586 --- [MessageBroker-3] c.f.d.s.f.CotizacionMercadoScheduler     : Actualizacion automatica de cotizaciones de mercado
2026-07-23 04:02:03.324  INFO 87586 --- [MessageBroker-3] c.f.d.s.financiero.NorteCambiosScraper   : NorteCambiosScraper: 3 monedas obtenidas de nortecambios
2026-07-23 04:02:03.340  INFO 87586 --- [MessageBroker-3] c.f.d.s.f.CotizacionMercadoScheduler     : CotizacionMercadoScheduler: 3 monedas actualizadas
Successfully Authentication
Successfully Authentication
Successfully Authentication
Successfully Authentication
2026-07-23 04:12:03.354  INFO 87586 --- [MessageBroker-3] c.f.d.s.f.CotizacionMercadoScheduler     : Actualizacion automatica de cotizaciones de mercado
2026-07-23 04:12:04.722  INFO 87586 --- [MessageBroker-3] c.f.d.s.financiero.NorteCambiosScraper   : NorteCambiosScraper: 3 monedas obtenidas de nortecambios
2026-07-23 04:12:04.731  INFO 87586 --- [MessageBroker-3] c.f.d.s.f.CotizacionMercadoScheduler     : CotizacionMercadoScheduler: 3 monedas actualizadas
Successfully Authentication
Successfully Authentication
Successfully Authentication
Successfully Authentication
2026-07-23 04:22:04.736  INFO 87586 --- [MessageBroker-3] c.f.d.s.f.CotizacionMercadoScheduler     : Actualizacion automatica de cotizaciones de mercado
2026-07-23 04:22:06.136  INFO 87586 --- [MessageBroker-3] c.f.d.s.financiero.NorteCambiosScraper   : NorteCambiosScraper: 3 monedas obtenidas de nortecambios
2026-07-23 04:22:06.144  INFO 87586 --- [MessageBroker-3] c.f.d.s.f.CotizacionMercadoScheduler     : CotizacionMercadoScheduler: 3 monedas actualizadas
Successfully Authentication
Successfully Authentication
Successfully Authentication
Successfully Authentication
2026-07-23 04:32:06.155  INFO 87586 --- [MessageBroker-3] c.f.d.s.f.CotizacionMercadoScheduler     : Actualizacion automatica de cotizaciones de mercado
2026-07-23 04:32:07.496  INFO 87586 --- [MessageBroker-3] c.f.d.s.financiero.NorteCambiosScraper   : NorteCambiosScraper: 3 monedas obtenidas de nortecambios
2026-07-23 04:32:07.511  INFO 87586 --- [MessageBroker-3] c.f.d.s.f.CotizacionMercadoScheduler     : CotizacionMercadoScheduler: 3 monedas actualizadas
Successfully Authentication
Successfully Authentication
Successfully Authentication
Successfully Authentication
2026-07-23 04:42:07.521  INFO 87586 --- [MessageBroker-1] c.f.d.s.f.CotizacionMercadoScheduler     : Actualizacion automatica de cotizaciones de mercado
2026-07-23 04:42:08.893  INFO 87586 --- [MessageBroker-1] c.f.d.s.financiero.NorteCambiosScraper   : NorteCambiosScraper: 3 monedas obtenidas de nortecambios
2026-07-23 04:42:08.902  INFO 87586 --- [MessageBroker-1] c.f.d.s.f.CotizacionMercadoScheduler     : CotizacionMercadoScheduler: 3 monedas actualizadas
Successfully Authentication
Successfully Authentication
Successfully Authentication
Successfully Authentication
2026-07-23 04:52:08.908  INFO 87586 --- [MessageBroker-4] c.f.d.s.f.CotizacionMercadoScheduler     : Actualizacion automatica de cotizaciones de mercado
2026-07-23 04:52:10.291  INFO 87586 --- [MessageBroker-4] c.f.d.s.financiero.NorteCambiosScraper   : NorteCambiosScraper: 3 monedas obtenidas de nortecambios
2026-07-23 04:52:10.300  INFO 87586 --- [MessageBroker-4] c.f.d.s.f.CotizacionMercadoScheduler     : CotizacionMercadoScheduler: 3 monedas actualizadas
Successfully Authentication
Successfully Authentication
Successfully Authentication
Successfully Authentication
2026-07-23 05:02:10.305  INFO 87586 --- [MessageBroker-1] c.f.d.s.f.CotizacionMercadoScheduler     : Actualizacion automatica de cotizaciones de mercado
2026-07-23 05:02:11.715  INFO 87586 --- [MessageBroker-1] c.f.d.s.financiero.NorteCambiosScraper   : NorteCambiosScraper: 3 monedas obtenidas de nortecambios
2026-07-23 05:02:11.730  INFO 87586 --- [MessageBroker-1] c.f.d.s.f.CotizacionMercadoScheduler     : CotizacionMercadoScheduler: 3 monedas actualizadas
Successfully Authentication
Successfully Authentication
Successfully Authentication
Successfully Authentication
2026-07-23 05:12:11.737  INFO 87586 --- [MessageBroker-4] c.f.d.s.f.CotizacionMercadoScheduler     : Actualizacion automatica de cotizaciones de mercado
2026-07-23 05:12:13.104  INFO 87586 --- [MessageBroker-4] c.f.d.s.financiero.NorteCambiosScraper   : NorteCambiosScraper: 3 monedas obtenidas de nortecambios
2026-07-23 05:12:13.112  INFO 87586 --- [MessageBroker-4] c.f.d.s.f.CotizacionMercadoScheduler     : CotizacionMercadoScheduler: 3 monedas actualizadas
Successfully Authentication
Successfully Authentication
Successfully Authentication
Successfully Authentication
2026-07-23 05:22:13.119  INFO 87586 --- [MessageBroker-1] c.f.d.s.f.CotizacionMercadoScheduler     : Actualizacion automatica de cotizaciones de mercado
2026-07-23 05:22:14.512  INFO 87586 --- [MessageBroker-1] c.f.d.s.financiero.NorteCambiosScraper   : NorteCambiosScraper: 3 monedas obtenidas de nortecambios
2026-07-23 05:22:14.520  INFO 87586 --- [MessageBroker-1] c.f.d.s.f.CotizacionMercadoScheduler     : CotizacionMercadoScheduler: 3 monedas actualizadas
Successfully Authentication
Successfully Authentication
Successfully Authentication
Successfully Authentication
2026-07-23 05:32:14.414  INFO 87586 --- [MessageBroker-1] c.f.d.s.f.CotizacionMercadoScheduler     : Actualizacion automatica de cotizaciones de mercado
2026-07-23 05:32:15.775  INFO 87586 --- [MessageBroker-1] c.f.d.s.financiero.NorteCambiosScraper   : NorteCambiosScraper: 3 monedas obtenidas de nortecambios
2026-07-23 05:32:15.792  INFO 87586 --- [MessageBroker-1] c.f.d.s.f.CotizacionMercadoScheduler     : CotizacionMercadoScheduler: 3 monedas actualizadas
Successfully Authentication
Successfully Authentication
Successfully Authentication
Successfully Authentication
2026-07-23 05:42:15.780  INFO 87586 --- [MessageBroker-1] c.f.d.s.f.CotizacionMercadoScheduler     : Actualizacion automatica de cotizaciones de mercado
2026-07-23 05:42:17.156  INFO 87586 --- [MessageBroker-1] c.f.d.s.financiero.NorteCambiosScraper   : NorteCambiosScraper: 3 monedas obtenidas de nortecambios
2026-07-23 05:42:17.164  INFO 87586 --- [MessageBroker-1] c.f.d.s.f.CotizacionMercadoScheduler     : CotizacionMercadoScheduler: 3 monedas actualizadas
Successfully Authentication
Successfully Authentication
Successfully Authentication
Successfully Authentication
2026-07-23 05:52:17.235  INFO 87586 --- [MessageBroker-2] c.f.d.s.f.CotizacionMercadoScheduler     : Actualizacion automatica de cotizaciones de mercado
2026-07-23 05:52:18.629  INFO 87586 --- [MessageBroker-2] c.f.d.s.financiero.NorteCambiosScraper   : NorteCambiosScraper: 3 monedas obtenidas de nortecambios
2026-07-23 05:52:18.637  INFO 87586 --- [MessageBroker-2] c.f.d.s.f.CotizacionMercadoScheduler     : CotizacionMercadoScheduler: 3 monedas actualizadas
Successfully Authentication
Successfully Authentication
Successfully Authentication
Successfully Authentication
2026-07-23 06:02:18.644  INFO 87586 --- [MessageBroker-4] c.f.d.s.f.CotizacionMercadoScheduler     : Actualizacion automatica de cotizaciones de mercado
2026-07-23 06:02:20.028  INFO 87586 --- [MessageBroker-4] c.f.d.s.financiero.NorteCambiosScraper   : NorteCambiosScraper: 3 monedas obtenidas de nortecambios
2026-07-23 06:02:20.037  INFO 87586 --- [MessageBroker-4] c.f.d.s.f.CotizacionMercadoScheduler     : CotizacionMercadoScheduler: 3 monedas actualizadas
Successfully Authentication
Successfully Authentication
Successfully Authentication
Successfully Authentication
2026-07-23 06:12:20.042  INFO 87586 --- [MessageBroker-4] c.f.d.s.f.CotizacionMercadoScheduler     : Actualizacion automatica de cotizaciones de mercado
2026-07-23 06:12:21.407  INFO 87586 --- [MessageBroker-4] c.f.d.s.financiero.NorteCambiosScraper   : NorteCambiosScraper: 3 monedas obtenidas de nortecambios
2026-07-23 06:12:21.414  INFO 87586 --- [MessageBroker-4] c.f.d.s.f.CotizacionMercadoScheduler     : CotizacionMercadoScheduler: 3 monedas actualizadas
Successfully Authentication
Successfully Authentication
Successfully Authentication
Successfully Authentication
2026-07-23 06:22:21.346  INFO 87586 --- [MessageBroker-2] c.f.d.s.f.CotizacionMercadoScheduler     : Actualizacion automatica de cotizaciones de mercado
2026-07-23 06:22:22.739  INFO 87586 --- [MessageBroker-2] c.f.d.s.financiero.NorteCambiosScraper   : NorteCambiosScraper: 3 monedas obtenidas de nortecambios
2026-07-23 06:22:22.745  INFO 87586 --- [MessageBroker-2] c.f.d.s.f.CotizacionMercadoScheduler     : CotizacionMercadoScheduler: 3 monedas actualizadas
Successfully Authentication
Successfully Authentication
Successfully Authentication
Successfully Authentication
2026-07-23 06:32:22.736  INFO 87586 --- [MessageBroker-2] c.f.d.s.f.CotizacionMercadoScheduler     : Actualizacion automatica de cotizaciones de mercado
2026-07-23 06:32:24.090  INFO 87586 --- [MessageBroker-2] c.f.d.s.financiero.NorteCambiosScraper   : NorteCambiosScraper: 3 monedas obtenidas de nortecambios
2026-07-23 06:32:24.107  INFO 87586 --- [MessageBroker-2] c.f.d.s.f.CotizacionMercadoScheduler     : CotizacionMercadoScheduler: 3 monedas actualizadas
Successfully Authentication
Successfully Authentication
Successfully Authentication
Successfully Authentication
2026-07-23 06:42:24.210  INFO 87586 --- [MessageBroker-2] c.f.d.s.f.CotizacionMercadoScheduler     : Actualizacion automatica de cotizaciones de mercado
2026-07-23 06:42:25.539  INFO 87586 --- [MessageBroker-2] c.f.d.s.financiero.NorteCambiosScraper   : NorteCambiosScraper: 3 monedas obtenidas de nortecambios
2026-07-23 06:42:25.545  INFO 87586 --- [MessageBroker-2] c.f.d.s.f.CotizacionMercadoScheduler     : CotizacionMercadoScheduler: 3 monedas actualizadas
Successfully Authentication
Successfully Authentication
Successfully Authentication
Successfully Authentication
2026-07-23 06:52:25.551  INFO 87586 --- [MessageBroker-4] c.f.d.s.f.CotizacionMercadoScheduler     : Actualizacion automatica de cotizaciones de mercado
2026-07-23 06:52:26.875  INFO 87586 --- [MessageBroker-4] c.f.d.s.financiero.NorteCambiosScraper   : NorteCambiosScraper: 3 monedas obtenidas de nortecambios
2026-07-23 06:52:26.883  INFO 87586 --- [MessageBroker-4] c.f.d.s.f.CotizacionMercadoScheduler     : CotizacionMercadoScheduler: 3 monedas actualizadas
Successfully Authentication
Successfully Authentication
Successfully Authentication
Successfully Authentication
2026-07-23 07:00:00.347  INFO 87586 --- [MessageBroker-3] c.f.d.s.rrhh.RrhhNotificacionScheduler   : RrhhNotificacionScheduler: alerta enviada -> 1 cuota(s) de prestamo vencida(s) · 391 liquidacion(es) pendiente(s) de pago
2026-07-23 07:02:26.891  INFO 87586 --- [MessageBroker-3] c.f.d.s.f.CotizacionMercadoScheduler     : Actualizacion automatica de cotizaciones de mercado
2026-07-23 07:02:28.223  INFO 87586 --- [MessageBroker-3] c.f.d.s.financiero.NorteCambiosScraper   : NorteCambiosScraper: 3 monedas obtenidas de nortecambios
2026-07-23 07:02:28.235  INFO 87586 --- [MessageBroker-3] c.f.d.s.f.CotizacionMercadoScheduler     : CotizacionMercadoScheduler: 3 monedas actualizadas
Successfully Authentication
Successfully Authentication
Successfully Authentication
Successfully Authentication
2026-07-23 07:12:28.170  INFO 87586 --- [MessageBroker-2] c.f.d.s.f.CotizacionMercadoScheduler     : Actualizacion automatica de cotizaciones de mercado
2026-07-23 07:12:29.982  INFO 87586 --- [MessageBroker-2] c.f.d.s.financiero.NorteCambiosScraper   : NorteCambiosScraper: 3 monedas obtenidas de nortecambios
2026-07-23 07:12:29.989  INFO 87586 --- [MessageBroker-2] c.f.d.s.f.CotizacionMercadoScheduler     : CotizacionMercadoScheduler: 3 monedas actualizadas
Successfully Authentication
Successfully Authentication
Successfully Authentication
Successfully Authentication
2026-07-23 07:22:29.990  INFO 87586 --- [MessageBroker-1] c.f.d.s.f.CotizacionMercadoScheduler     : Actualizacion automatica de cotizaciones de mercado
2026-07-23 07:22:31.372  INFO 87586 --- [MessageBroker-1] c.f.d.s.financiero.NorteCambiosScraper   : NorteCambiosScraper: 3 monedas obtenidas de nortecambios
2026-07-23 07:22:31.379  INFO 87586 --- [MessageBroker-1] c.f.d.s.f.CotizacionMercadoScheduler     : CotizacionMercadoScheduler: 3 monedas actualizadas
Successfully Authentication
Successfully Authentication
Successfully Authentication
Successfully Authentication
2026-07-23 07:32:31.378  INFO 87586 --- [MessageBroker-4] c.f.d.s.f.CotizacionMercadoScheduler     : Actualizacion automatica de cotizaciones de mercado
2026-07-23 07:32:32.724  INFO 87586 --- [MessageBroker-4] c.f.d.s.financiero.NorteCambiosScraper   : NorteCambiosScraper: 3 monedas obtenidas de nortecambios
2026-07-23 07:32:32.735  INFO 87586 --- [MessageBroker-4] c.f.d.s.f.CotizacionMercadoScheduler     : CotizacionMercadoScheduler: 3 monedas actualizadas
Successfully Authentication
Successfully Authentication
Successfully Authentication
Successfully Authentication
2026-07-23 07:42:32.800  INFO 87586 --- [MessageBroker-4] c.f.d.s.f.CotizacionMercadoScheduler     : Actualizacion automatica de cotizaciones de mercado
2026-07-23 07:42:34.463  INFO 87586 --- [MessageBroker-4] c.f.d.s.financiero.NorteCambiosScraper   : NorteCambiosScraper: 3 monedas obtenidas de nortecambios
2026-07-23 07:42:34.471  INFO 87586 --- [MessageBroker-4] c.f.d.s.f.CotizacionMercadoScheduler     : CotizacionMercadoScheduler: 3 monedas actualizadas
Successfully Authentication
Successfully Authentication
Successfully Authentication
Successfully Authentication
2026-07-23 07:52:34.474  INFO 87586 --- [MessageBroker-1] c.f.d.s.f.CotizacionMercadoScheduler     : Actualizacion automatica de cotizaciones de mercado
2026-07-23 07:52:35.837  INFO 87586 --- [MessageBroker-1] c.f.d.s.financiero.NorteCambiosScraper   : NorteCambiosScraper: 3 monedas obtenidas de nortecambios
2026-07-23 07:52:35.843  INFO 87586 --- [MessageBroker-1] c.f.d.s.f.CotizacionMercadoScheduler     : CotizacionMercadoScheduler: 3 monedas actualizadas
Successfully Authentication
Successfully Authentication
Successfully Authentication
Successfully Authentication
2026-07-23 08:02:35.852  INFO 87586 --- [MessageBroker-1] c.f.d.s.f.CotizacionMercadoScheduler     : Actualizacion automatica de cotizaciones de mercado
2026-07-23 08:02:37.222  INFO 87586 --- [MessageBroker-1] c.f.d.s.financiero.NorteCambiosScraper   : NorteCambiosScraper: 3 monedas obtenidas de nortecambios
2026-07-23 08:02:37.237  INFO 87586 --- [MessageBroker-1] c.f.d.s.f.CotizacionMercadoScheduler     : CotizacionMercadoScheduler: 3 monedas actualizadas
Successfully Authentication
Successfully Authentication
Successfully Authentication
Successfully Authentication
2026-07-23 08:12:37.240  INFO 87586 --- [MessageBroker-4] c.f.d.s.f.CotizacionMercadoScheduler     : Actualizacion automatica de cotizaciones de mercado
2026-07-23 08:12:38.602  INFO 87586 --- [MessageBroker-4] c.f.d.s.financiero.NorteCambiosScraper   : NorteCambiosScraper: 3 monedas obtenidas de nortecambios
2026-07-23 08:12:38.614  INFO 87586 --- [MessageBroker-4] c.f.d.s.f.CotizacionMercadoScheduler     : CotizacionMercadoScheduler: 3 monedas actualizadas
Successfully Authentication
Successfully Authentication
Successfully Authentication
Successfully Authentication
2026-07-23 08:22:38.530  INFO 87586 --- [MessageBroker-1] c.f.d.s.f.CotizacionMercadoScheduler     : Actualizacion automatica de cotizaciones de mercado
2026-07-23 08:22:39.877  INFO 87586 --- [MessageBroker-1] c.f.d.s.financiero.NorteCambiosScraper   : NorteCambiosScraper: 3 monedas obtenidas de nortecambios
2026-07-23 08:22:39.884  INFO 87586 --- [MessageBroker-1] c.f.d.s.f.CotizacionMercadoScheduler     : CotizacionMercadoScheduler: 3 monedas actualizadas
Successfully Authentication
Successfully Authentication
Successfully Authentication
Successfully Authentication
2026-07-23 08:32:39.876  INFO 87586 --- [MessageBroker-3] c.f.d.s.f.CotizacionMercadoScheduler     : Actualizacion automatica de cotizaciones de mercado
2026-07-23 08:32:41.235  INFO 87586 --- [MessageBroker-3] c.f.d.s.financiero.NorteCambiosScraper   : NorteCambiosScraper: 3 monedas obtenidas de nortecambios
2026-07-23 08:32:41.249  INFO 87586 --- [MessageBroker-3] c.f.d.s.f.CotizacionMercadoScheduler     : CotizacionMercadoScheduler: 3 monedas actualizadas
Successfully Authentication
Successfully Authentication
Successfully Authentication
Successfully Authentication
2026-07-23 08:42:41.244  INFO 87586 --- [MessageBroker-2] c.f.d.s.f.CotizacionMercadoScheduler     : Actualizacion automatica de cotizaciones de mercado
2026-07-23 08:42:42.582  INFO 87586 --- [MessageBroker-2] c.f.d.s.financiero.NorteCambiosScraper   : NorteCambiosScraper: 3 monedas obtenidas de nortecambios
2026-07-23 08:42:42.590  INFO 87586 --- [MessageBroker-2] c.f.d.s.f.CotizacionMercadoScheduler     : CotizacionMercadoScheduler: 3 monedas actualizadas
Successfully Authentication
Successfully Authentication
Successfully Authentication
Successfully Authentication
2026-07-23 08:52:42.601  INFO 87586 --- [MessageBroker-1] c.f.d.s.f.CotizacionMercadoScheduler     : Actualizacion automatica de cotizaciones de mercado
2026-07-23 08:52:43.927  INFO 87586 --- [MessageBroker-1] c.f.d.s.financiero.NorteCambiosScraper   : NorteCambiosScraper: 3 monedas obtenidas de nortecambios
2026-07-23 08:52:43.934  INFO 87586 --- [MessageBroker-1] c.f.d.s.f.CotizacionMercadoScheduler     : CotizacionMercadoScheduler: 3 monedas actualizadas
Successfully Authentication
Successfully Authentication
Successfully Authentication
Successfully Authentication
2026-07-23 09:02:43.926  INFO 87586 --- [MessageBroker-3] c.f.d.s.f.CotizacionMercadoScheduler     : Actualizacion automatica de cotizaciones de mercado
2026-07-23 09:02:45.281  INFO 87586 --- [MessageBroker-3] c.f.d.s.financiero.NorteCambiosScraper   : NorteCambiosScraper: 3 monedas obtenidas de nortecambios
2026-07-23 09:02:45.288  INFO 87586 --- [MessageBroker-3] c.f.d.s.f.CotizacionMercadoScheduler     : CotizacionMercadoScheduler: 3 monedas actualizadas
Successfully Authentication
Successfully Authentication
Successfully Authentication
Successfully Authentication
2026-07-23 09:12:45.284  INFO 87586 --- [MessageBroker-3] c.f.d.s.f.CotizacionMercadoScheduler     : Actualizacion automatica de cotizaciones de mercado
2026-07-23 09:12:46.633  INFO 87586 --- [MessageBroker-3] c.f.d.s.financiero.NorteCambiosScraper   : NorteCambiosScraper: 3 monedas obtenidas de nortecambios
2026-07-23 09:12:46.727  INFO 87586 --- [MessageBroker-3] c.f.d.s.f.CotizacionMercadoScheduler     : CotizacionMercadoScheduler: 3 monedas actualizadas
Successfully Authentication
Successfully Authentication
Successfully Authentication
Successfully Authentication
2026-07-23 09:22:46.727  INFO 87586 --- [MessageBroker-2] c.f.d.s.f.CotizacionMercadoScheduler     : Actualizacion automatica de cotizaciones de mercado
2026-07-23 09:22:48.088  INFO 87586 --- [MessageBroker-2] c.f.d.s.financiero.NorteCambiosScraper   : NorteCambiosScraper: 3 monedas obtenidas de nortecambios
2026-07-23 09:22:48.095  INFO 87586 --- [MessageBroker-2] c.f.d.s.f.CotizacionMercadoScheduler     : CotizacionMercadoScheduler: 3 monedas actualizadas
Successfully Authentication
Successfully Authentication
Successfully Authentication
Successfully Authentication
2026-07-23 09:32:48.204  INFO 87586 --- [MessageBroker-2] c.f.d.s.f.CotizacionMercadoScheduler     : Actualizacion automatica de cotizaciones de mercado
2026-07-23 09:32:49.558  INFO 87586 --- [MessageBroker-2] c.f.d.s.financiero.NorteCambiosScraper   : NorteCambiosScraper: 3 monedas obtenidas de nortecambios
2026-07-23 09:32:49.573  INFO 87586 --- [MessageBroker-2] c.f.d.s.f.CotizacionMercadoScheduler     : CotizacionMercadoScheduler: 3 monedas actualizadas
Successfully Authentication
Successfully Authentication
Successfully Authentication
Successfully Authentication
2026-07-23 09:42:49.592  INFO 87586 --- [MessageBroker-1] c.f.d.s.f.CotizacionMercadoScheduler     : Actualizacion automatica de cotizaciones de mercado
2026-07-23 09:42:50.904  INFO 87586 --- [MessageBroker-1] c.f.d.s.financiero.NorteCambiosScraper   : NorteCambiosScraper: 3 monedas obtenidas de nortecambios
2026-07-23 09:42:50.911  INFO 87586 --- [MessageBroker-1] c.f.d.s.f.CotizacionMercadoScheduler     : CotizacionMercadoScheduler: 3 monedas actualizadas
Successfully Authentication
Successfully Authentication
Successfully Authentication
Successfully Authentication
2026-07-23 09:52:50.927  INFO 87586 --- [MessageBroker-1] c.f.d.s.f.CotizacionMercadoScheduler     : Actualizacion automatica de cotizaciones de mercado
2026-07-23 09:52:52.268  INFO 87586 --- [MessageBroker-1] c.f.d.s.financiero.NorteCambiosScraper   : NorteCambiosScraper: 3 monedas obtenidas de nortecambios
2026-07-23 09:52:52.275  INFO 87586 --- [MessageBroker-1] c.f.d.s.f.CotizacionMercadoScheduler     : CotizacionMercadoScheduler: 3 monedas actualizadas
Successfully Authentication
Successfully Authentication
Successfully Authentication
Successfully Authentication
2026-07-23 10:02:52.288  INFO 87586 --- [MessageBroker-2] c.f.d.s.f.CotizacionMercadoScheduler     : Actualizacion automatica de cotizaciones de mercado
2026-07-23 10:02:53.611  INFO 87586 --- [MessageBroker-2] c.f.d.s.financiero.NorteCambiosScraper   : NorteCambiosScraper: 3 monedas obtenidas de nortecambios
2026-07-23 10:02:53.629  INFO 87586 --- [MessageBroker-2] c.f.d.s.f.CotizacionMercadoScheduler     : CotizacionMercadoScheduler: 3 monedas actualizadas
Successfully Authentication
Successfully Authentication
Successfully Authentication
Successfully Authentication
2026-07-23 10:12:53.640  INFO 87586 --- [MessageBroker-3] c.f.d.s.f.CotizacionMercadoScheduler     : Actualizacion automatica de cotizaciones de mercado
2026-07-23 10:12:54.984  INFO 87586 --- [MessageBroker-3] c.f.d.s.financiero.NorteCambiosScraper   : NorteCambiosScraper: 3 monedas obtenidas de nortecambios
2026-07-23 10:12:54.991  INFO 87586 --- [MessageBroker-3] c.f.d.s.f.CotizacionMercadoScheduler     : CotizacionMercadoScheduler: 3 monedas actualizadas
Successfully Authentication
Successfully Authentication
Successfully Authentication
Successfully Authentication
2026-07-23 10:22:55.011  INFO 87586 --- [MessageBroker-1] c.f.d.s.f.CotizacionMercadoScheduler     : Actualizacion automatica de cotizaciones de mercado
2026-07-23 10:22:56.363  INFO 87586 --- [MessageBroker-1] c.f.d.s.financiero.NorteCambiosScraper   : NorteCambiosScraper: 3 monedas obtenidas de nortecambios
2026-07-23 10:22:56.370  INFO 87586 --- [MessageBroker-1] c.f.d.s.f.CotizacionMercadoScheduler     : CotizacionMercadoScheduler: 3 monedas actualizadas
Successfully Authentication
Successfully Authentication
Successfully Authentication
Successfully Authentication
2026-07-23 10:32:56.393  INFO 87586 --- [MessageBroker-4] c.f.d.s.f.CotizacionMercadoScheduler     : Actualizacion automatica de cotizaciones de mercado
2026-07-23 10:32:57.730  INFO 87586 --- [MessageBroker-4] c.f.d.s.financiero.NorteCambiosScraper   : NorteCambiosScraper: 3 monedas obtenidas de nortecambios
2026-07-23 10:32:57.746  INFO 87586 --- [MessageBroker-4] c.f.d.s.f.CotizacionMercadoScheduler     : CotizacionMercadoScheduler: 3 monedas actualizadas
Successfully Authentication
Successfully Authentication
Successfully Authentication
Successfully Authentication
2026-07-23 10:42:57.761  INFO 87586 --- [MessageBroker-1] c.f.d.s.f.CotizacionMercadoScheduler     : Actualizacion automatica de cotizaciones de mercado
2026-07-23 10:42:59.131  INFO 87586 --- [MessageBroker-1] c.f.d.s.financiero.NorteCambiosScraper   : NorteCambiosScraper: 3 monedas obtenidas de nortecambios
2026-07-23 10:42:59.141  INFO 87586 --- [MessageBroker-1] c.f.d.s.f.CotizacionMercadoScheduler     : CotizacionMercadoScheduler: 3 monedas actualizadas
Successfully Authentication
Successfully Authentication
Successfully Authentication
Successfully Authentication
Successfully Authentication
Successfully Authentication
Successfully Authentication
Successfully Authentication
Successfully Authentication
Successfully Authentication
Successfully Authentication
Successfully Authentication
Successfully Authentication
Successfully Authentication
Successfully Authentication
Successfully Authentication
Successfully Authentication
Successfully Authentication
Successfully Authentication
Successfully Authentication
Successfully Authentication
Successfully Authentication
Successfully Authentication
Successfully Authentication
Successfully Authentication
Successfully Authentication
Successfully Authentication
Successfully Authentication
Successfully Authentication
Successfully Authentication
Successfully Authentication
Successfully Authentication
Successfully Authentication
Successfully Authentication
Successfully Authentication
Successfully Authentication
Successfully Authentication
Successfully Authentication
Successfully Authentication
Successfully Authentication
Successfully Authentication
Successfully Authentication
Successfully Authentication
Successfully Authentication
Successfully Authentication
Successfully Authentication
Successfully Authentication
Successfully Authentication
Successfully Authentication
Successfully Authentication
2026-07-23 10:52:59.157  INFO 87586 --- [MessageBroker-2] c.f.d.s.f.CotizacionMercadoScheduler     : Actualizacion automatica de cotizaciones de mercado
2026-07-23 10:53:00.579  INFO 87586 --- [MessageBroker-2] c.f.d.s.financiero.NorteCambiosScraper   : NorteCambiosScraper: 3 monedas obtenidas de nortecambios
2026-07-23 10:53:00.595  INFO 87586 --- [MessageBroker-2] c.f.d.s.f.CotizacionMercadoScheduler     : CotizacionMercadoScheduler: 3 monedas actualizadas
Successfully Authentication
Successfully Authentication
Successfully Authentication
Successfully Authentication
Successfully Authentication
Successfully Authentication
Successfully Authentication
Successfully Authentication
Successfully Authentication
Successfully Authentication
Successfully Authentication
Successfully Authentication
2026-07-23 10:58:57.963  INFO 87586 --- [   File Watcher] rtingClassPathChangeChangedEventListener : Restarting due to 2152 class path changes (0 additions, 1678 deletions, 474 modifications)
2026-07-23 10:58:58.033  INFO 87586 --- [       Thread-5] o.s.m.s.b.SimpleBrokerMessageHandler     : Stopping...
2026-07-23 10:58:58.033  INFO 87586 --- [       Thread-5] o.s.m.s.b.SimpleBrokerMessageHandler     : BrokerAvailabilityEvent[available=false, SimpleBrokerMessageHandler [org.springframework.messaging.simp.broker.DefaultSubscriptionRegistry@19fa46f3]]
2026-07-23 10:58:58.034  INFO 87586 --- [       Thread-5] o.s.m.s.b.SimpleBrokerMessageHandler     : Stopped.
2026-07-23 10:58:58.044  INFO 87586 --- [       Thread-5] o.apache.catalina.core.StandardService   : Stopping service [Tomcat]
2026-07-23 10:58:58.048  INFO 87586 --- [       Thread-5] o.a.c.c.C.[Tomcat].[localhost].[/]       : Destroying Spring FrameworkServlet 'dispatcherServlet'
2026-07-23 10:58:58.055  WARN 87586 --- [       Thread-5] o.a.c.loader.WebappClassLoaderBase       : The web application [ROOT] appears to have started a thread named [Hibernate Search - Engine - Timing thread - 0] but has failed to stop it. This is very likely to create a memory leak. Stack trace of thread:
 java.base@17.0.17/jdk.internal.misc.Unsafe.park(Native Method)
 java.base@17.0.17/java.util.concurrent.locks.LockSupport.parkNanos(LockSupport.java:252)
 java.base@17.0.17/java.util.concurrent.locks.AbstractQueuedSynchronizer$ConditionObject.awaitNanos(AbstractQueuedSynchronizer.java:1679)
 java.base@17.0.17/java.util.concurrent.ScheduledThreadPoolExecutor$DelayedWorkQueue.take(ScheduledThreadPoolExecutor.java:1182)
 java.base@17.0.17/java.util.concurrent.ScheduledThreadPoolExecutor$DelayedWorkQueue.take(ScheduledThreadPoolExecutor.java:899)
 java.base@17.0.17/java.util.concurrent.ThreadPoolExecutor.getTask(ThreadPoolExecutor.java:1062)
 java.base@17.0.17/java.util.concurrent.ThreadPoolExecutor.runWorker(ThreadPoolExecutor.java:1122)
 java.base@17.0.17/java.util.concurrent.ThreadPoolExecutor$Worker.run(ThreadPoolExecutor.java:635)
 java.base@17.0.17/java.lang.Thread.run(Thread.java:840)
2026-07-23 10:58:58.057  WARN 87586 --- [       Thread-5] o.a.c.loader.WebappClassLoaderBase       : The web application [ROOT] appears to have started a thread named [Hibernate Search - default backend - Worker thread - 0] but has failed to stop it. This is very likely to create a memory leak. Stack trace of thread:
 java.base@17.0.17/jdk.internal.misc.Unsafe.park(Native Method)
 java.base@17.0.17/java.util.concurrent.locks.LockSupport.park(LockSupport.java:341)
 java.base@17.0.17/java.util.concurrent.locks.AbstractQueuedSynchronizer$ConditionNode.block(AbstractQueuedSynchronizer.java:506)
 java.base@17.0.17/java.util.concurrent.ForkJoinPool.unmanagedBlock(ForkJoinPool.java:3465)
 java.base@17.0.17/java.util.concurrent.ForkJoinPool.managedBlock(ForkJoinPool.java:3436)
 java.base@17.0.17/java.util.concurrent.locks.AbstractQueuedSynchronizer$ConditionObject.await(AbstractQueuedSynchronizer.java:1630)
 java.base@17.0.17/java.util.concurrent.ScheduledThreadPoolExecutor$DelayedWorkQueue.take(ScheduledThreadPoolExecutor.java:1170)
 java.base@17.0.17/java.util.concurrent.ScheduledThreadPoolExecutor$DelayedWorkQueue.take(ScheduledThreadPoolExecutor.java:899)
 java.base@17.0.17/java.util.concurrent.ThreadPoolExecutor.getTask(ThreadPoolExecutor.java:1062)
 java.base@17.0.17/java.util.concurrent.ThreadPoolExecutor.runWorker(ThreadPoolExecutor.java:1122)
 java.base@17.0.17/java.util.concurrent.ThreadPoolExecutor$Worker.run(ThreadPoolExecutor.java:635)
 java.base@17.0.17/java.lang.Thread.run(Thread.java:840)
2026-07-23 10:58:58.058  WARN 87586 --- [       Thread-5] o.a.c.loader.WebappClassLoaderBase       : The web application [ROOT] appears to have started a thread named [Hibernate Search - default backend - Worker thread - 1] but has failed to stop it. This is very likely to create a memory leak. Stack trace of thread:
 java.base@17.0.17/jdk.internal.misc.Unsafe.park(Native Method)
 java.base@17.0.17/java.util.concurrent.locks.LockSupport.park(LockSupport.java:341)
 java.base@17.0.17/java.util.concurrent.locks.AbstractQueuedSynchronizer$ConditionNode.block(AbstractQueuedSynchronizer.java:506)
 java.base@17.0.17/java.util.concurrent.ForkJoinPool.unmanagedBlock(ForkJoinPool.java:3465)
 java.base@17.0.17/java.util.concurrent.ForkJoinPool.managedBlock(ForkJoinPool.java:3436)
 java.base@17.0.17/java.util.concurrent.locks.AbstractQueuedSynchronizer$ConditionObject.await(AbstractQueuedSynchronizer.java:1630)
 java.base@17.0.17/java.util.concurrent.ScheduledThreadPoolExecutor$DelayedWorkQueue.take(ScheduledThreadPoolExecutor.java:1170)
 java.base@17.0.17/java.util.concurrent.ScheduledThreadPoolExecutor$DelayedWorkQueue.take(ScheduledThreadPoolExecutor.java:899)
 java.base@17.0.17/java.util.concurrent.ThreadPoolExecutor.getTask(ThreadPoolExecutor.java:1062)
 java.base@17.0.17/java.util.concurrent.ThreadPoolExecutor.runWorker(ThreadPoolExecutor.java:1122)
 java.base@17.0.17/java.util.concurrent.ThreadPoolExecutor$Worker.run(ThreadPoolExecutor.java:635)
 java.base@17.0.17/java.lang.Thread.run(Thread.java:840)
2026-07-23 10:58:58.058  WARN 87586 --- [       Thread-5] o.a.c.loader.WebappClassLoaderBase       : The web application [ROOT] appears to have started a thread named [HikariPool-1 housekeeper] but has failed to stop it. This is very likely to create a memory leak. Stack trace of thread:
 java.base@17.0.17/jdk.internal.misc.Unsafe.park(Native Method)
 java.base@17.0.17/java.util.concurrent.locks.LockSupport.parkNanos(LockSupport.java:252)
 java.base@17.0.17/java.util.concurrent.locks.AbstractQueuedSynchronizer$ConditionObject.awaitNanos(AbstractQueuedSynchronizer.java:1679)
 java.base@17.0.17/java.util.concurrent.ScheduledThreadPoolExecutor$DelayedWorkQueue.take(ScheduledThreadPoolExecutor.java:1182)
 java.base@17.0.17/java.util.concurrent.ScheduledThreadPoolExecutor$DelayedWorkQueue.take(ScheduledThreadPoolExecutor.java:899)
 java.base@17.0.17/java.util.concurrent.ThreadPoolExecutor.getTask(ThreadPoolExecutor.java:1062)
 java.base@17.0.17/java.util.concurrent.ThreadPoolExecutor.runWorker(ThreadPoolExecutor.java:1122)
 java.base@17.0.17/java.util.concurrent.ThreadPoolExecutor$Worker.run(ThreadPoolExecutor.java:635)
 java.base@17.0.17/java.lang.Thread.run(Thread.java:840)
2026-07-23 10:58:58.059  WARN 87586 --- [       Thread-5] o.a.c.loader.WebappClassLoaderBase       : The web application [ROOT] appears to have started a thread named [pool-1-thread-1] but has failed to stop it. This is very likely to create a memory leak. Stack trace of thread:
 java.base@17.0.17/jdk.internal.misc.Unsafe.park(Native Method)
 java.base@17.0.17/java.util.concurrent.locks.LockSupport.park(LockSupport.java:341)
 java.base@17.0.17/java.util.concurrent.locks.AbstractQueuedSynchronizer$ConditionNode.block(AbstractQueuedSynchronizer.java:506)
 java.base@17.0.17/java.util.concurrent.ForkJoinPool.unmanagedBlock(ForkJoinPool.java:3465)
 java.base@17.0.17/java.util.concurrent.ForkJoinPool.managedBlock(ForkJoinPool.java:3436)
 java.base@17.0.17/java.util.concurrent.locks.AbstractQueuedSynchronizer$ConditionObject.await(AbstractQueuedSynchronizer.java:1630)
 java.base@17.0.17/java.util.concurrent.ScheduledThreadPoolExecutor$DelayedWorkQueue.take(ScheduledThreadPoolExecutor.java:1177)
 java.base@17.0.17/java.util.concurrent.ScheduledThreadPoolExecutor$DelayedWorkQueue.take(ScheduledThreadPoolExecutor.java:899)
 java.base@17.0.17/java.util.concurrent.ThreadPoolExecutor.getTask(ThreadPoolExecutor.java:1062)
 java.base@17.0.17/java.util.concurrent.ThreadPoolExecutor.runWorker(ThreadPoolExecutor.java:1122)
 java.base@17.0.17/java.util.concurrent.ThreadPoolExecutor$Worker.run(ThreadPoolExecutor.java:635)
 java.base@17.0.17/java.lang.Thread.run(Thread.java:840)
2026-07-23 10:58:58.059  WARN 87586 --- [       Thread-5] o.a.c.loader.WebappClassLoaderBase       : The web application [ROOT] appears to have started a thread named [pool-1-thread-2] but has failed to stop it. This is very likely to create a memory leak. Stack trace of thread:
 java.base@17.0.17/jdk.internal.misc.Unsafe.park(Native Method)
 java.base@17.0.17/java.util.concurrent.locks.LockSupport.park(LockSupport.java:341)
 java.base@17.0.17/java.util.concurrent.locks.AbstractQueuedSynchronizer$ConditionNode.block(AbstractQueuedSynchronizer.java:506)
 java.base@17.0.17/java.util.concurrent.ForkJoinPool.unmanagedBlock(ForkJoinPool.java:3465)
 java.base@17.0.17/java.util.concurrent.ForkJoinPool.managedBlock(ForkJoinPool.java:3436)
 java.base@17.0.17/java.util.concurrent.locks.AbstractQueuedSynchronizer$ConditionObject.await(AbstractQueuedSynchronizer.java:1630)
 java.base@17.0.17/java.util.concurrent.ScheduledThreadPoolExecutor$DelayedWorkQueue.take(ScheduledThreadPoolExecutor.java:1177)
 java.base@17.0.17/java.util.concurrent.ScheduledThreadPoolExecutor$DelayedWorkQueue.take(ScheduledThreadPoolExecutor.java:899)
 java.base@17.0.17/java.util.concurrent.ThreadPoolExecutor.getTask(ThreadPoolExecutor.java:1062)
 java.base@17.0.17/java.util.concurrent.ThreadPoolExecutor.runWorker(ThreadPoolExecutor.java:1122)
 java.base@17.0.17/java.util.concurrent.ThreadPoolExecutor$Worker.run(ThreadPoolExecutor.java:635)
 java.base@17.0.17/java.lang.Thread.run(Thread.java:840)
2026-07-23 10:58:58.059  WARN 87586 --- [       Thread-5] o.a.c.loader.WebappClassLoaderBase       : The web application [ROOT] appears to have started a thread named [pool-1-thread-3] but has failed to stop it. This is very likely to create a memory leak. Stack trace of thread:
 java.base@17.0.17/jdk.internal.misc.Unsafe.park(Native Method)
 java.base@17.0.17/java.util.concurrent.locks.LockSupport.park(LockSupport.java:341)
 java.base@17.0.17/java.util.concurrent.locks.AbstractQueuedSynchronizer$ConditionNode.block(AbstractQueuedSynchronizer.java:506)
 java.base@17.0.17/java.util.concurrent.ForkJoinPool.unmanagedBlock(ForkJoinPool.java:3465)
 java.base@17.0.17/java.util.concurrent.ForkJoinPool.managedBlock(ForkJoinPool.java:3436)
 java.base@17.0.17/java.util.concurrent.locks.AbstractQueuedSynchronizer$ConditionObject.await(AbstractQueuedSynchronizer.java:1630)
 java.base@17.0.17/java.util.concurrent.ScheduledThreadPoolExecutor$DelayedWorkQueue.take(ScheduledThreadPoolExecutor.java:1177)
 java.base@17.0.17/java.util.concurrent.ScheduledThreadPoolExecutor$DelayedWorkQueue.take(ScheduledThreadPoolExecutor.java:899)
 java.base@17.0.17/java.util.concurrent.ThreadPoolExecutor.getTask(ThreadPoolExecutor.java:1062)
 java.base@17.0.17/java.util.concurrent.ThreadPoolExecutor.runWorker(ThreadPoolExecutor.java:1122)
 java.base@17.0.17/java.util.concurrent.ThreadPoolExecutor$Worker.run(ThreadPoolExecutor.java:635)
 java.base@17.0.17/java.lang.Thread.run(Thread.java:840)
2026-07-23 10:58:58.060  WARN 87586 --- [       Thread-5] o.a.c.loader.WebappClassLoaderBase       : The web application [ROOT] appears to have started a thread named [pool-1-thread-4] but has failed to stop it. This is very likely to create a memory leak. Stack trace of thread:
 java.base@17.0.17/jdk.internal.misc.Unsafe.park(Native Method)
 java.base@17.0.17/java.util.concurrent.locks.LockSupport.parkNanos(LockSupport.java:252)
 java.base@17.0.17/java.util.concurrent.locks.AbstractQueuedSynchronizer$ConditionObject.awaitNanos(AbstractQueuedSynchronizer.java:1679)
 java.base@17.0.17/java.util.concurrent.ScheduledThreadPoolExecutor$DelayedWorkQueue.take(ScheduledThreadPoolExecutor.java:1182)
 java.base@17.0.17/java.util.concurrent.ScheduledThreadPoolExecutor$DelayedWorkQueue.take(ScheduledThreadPoolExecutor.java:899)
 java.base@17.0.17/java.util.concurrent.ThreadPoolExecutor.getTask(ThreadPoolExecutor.java:1062)
 java.base@17.0.17/java.util.concurrent.ThreadPoolExecutor.runWorker(ThreadPoolExecutor.java:1122)
 java.base@17.0.17/java.util.concurrent.ThreadPoolExecutor$Worker.run(ThreadPoolExecutor.java:635)
 java.base@17.0.17/java.lang.Thread.run(Thread.java:840)
2026-07-23 10:58:58.060  WARN 87586 --- [       Thread-5] o.a.c.loader.WebappClassLoaderBase       : The web application [ROOT] appears to have started a thread named [pool-1-thread-5] but has failed to stop it. This is very likely to create a memory leak. Stack trace of thread:
 java.base@17.0.17/jdk.internal.misc.Unsafe.park(Native Method)
 java.base@17.0.17/java.util.concurrent.locks.LockSupport.park(LockSupport.java:341)
 java.base@17.0.17/java.util.concurrent.locks.AbstractQueuedSynchronizer$ConditionNode.block(AbstractQueuedSynchronizer.java:506)
 java.base@17.0.17/java.util.concurrent.ForkJoinPool.unmanagedBlock(ForkJoinPool.java:3465)
 java.base@17.0.17/java.util.concurrent.ForkJoinPool.managedBlock(ForkJoinPool.java:3436)
 java.base@17.0.17/java.util.concurrent.locks.AbstractQueuedSynchronizer$ConditionObject.await(AbstractQueuedSynchronizer.java:1630)
 java.base@17.0.17/java.util.concurrent.ScheduledThreadPoolExecutor$DelayedWorkQueue.take(ScheduledThreadPoolExecutor.java:1177)
 java.base@17.0.17/java.util.concurrent.ScheduledThreadPoolExecutor$DelayedWorkQueue.take(ScheduledThreadPoolExecutor.java:899)
 java.base@17.0.17/java.util.concurrent.ThreadPoolExecutor.getTask(ThreadPoolExecutor.java:1062)
 java.base@17.0.17/java.util.concurrent.ThreadPoolExecutor.runWorker(ThreadPoolExecutor.java:1122)
 java.base@17.0.17/java.util.concurrent.ThreadPoolExecutor$Worker.run(ThreadPoolExecutor.java:635)
 java.base@17.0.17/java.lang.Thread.run(Thread.java:840)
2026-07-23 10:58:58.060  WARN 87586 --- [       Thread-5] o.a.c.loader.WebappClassLoaderBase       : The web application [ROOT] appears to have started a thread named [pool-1-thread-6] but has failed to stop it. This is very likely to create a memory leak. Stack trace of thread:
 java.base@17.0.17/jdk.internal.misc.Unsafe.park(Native Method)
 java.base@17.0.17/java.util.concurrent.locks.LockSupport.park(LockSupport.java:341)
 java.base@17.0.17/java.util.concurrent.locks.AbstractQueuedSynchronizer$ConditionNode.block(AbstractQueuedSynchronizer.java:506)
 java.base@17.0.17/java.util.concurrent.ForkJoinPool.unmanagedBlock(ForkJoinPool.java:3465)
 java.base@17.0.17/java.util.concurrent.ForkJoinPool.managedBlock(ForkJoinPool.java:3436)
 java.base@17.0.17/java.util.concurrent.locks.AbstractQueuedSynchronizer$ConditionObject.await(AbstractQueuedSynchronizer.java:1630)
 java.base@17.0.17/java.util.concurrent.ScheduledThreadPoolExecutor$DelayedWorkQueue.take(ScheduledThreadPoolExecutor.java:1177)
 java.base@17.0.17/java.util.concurrent.ScheduledThreadPoolExecutor$DelayedWorkQueue.take(ScheduledThreadPoolExecutor.java:899)
 java.base@17.0.17/java.util.concurrent.ThreadPoolExecutor.getTask(ThreadPoolExecutor.java:1062)
 java.base@17.0.17/java.util.concurrent.ThreadPoolExecutor.runWorker(ThreadPoolExecutor.java:1122)
 java.base@17.0.17/java.util.concurrent.ThreadPoolExecutor$Worker.run(ThreadPoolExecutor.java:635)
 java.base@17.0.17/java.lang.Thread.run(Thread.java:840)
2026-07-23 10:58:58.061  WARN 87586 --- [       Thread-5] o.a.c.loader.WebappClassLoaderBase       : The web application [ROOT] appears to have started a thread named [pool-1-thread-7] but has failed to stop it. This is very likely to create a memory leak. Stack trace of thread:
 java.base@17.0.17/jdk.internal.misc.Unsafe.park(Native Method)
 java.base@17.0.17/java.util.concurrent.locks.LockSupport.park(LockSupport.java:341)
 java.base@17.0.17/java.util.concurrent.locks.AbstractQueuedSynchronizer$ConditionNode.block(AbstractQueuedSynchronizer.java:506)
 java.base@17.0.17/java.util.concurrent.ForkJoinPool.unmanagedBlock(ForkJoinPool.java:3465)
 java.base@17.0.17/java.util.concurrent.ForkJoinPool.managedBlock(ForkJoinPool.java:3436)
 java.base@17.0.17/java.util.concurrent.locks.AbstractQueuedSynchronizer$ConditionObject.await(AbstractQueuedSynchronizer.java:1630)
 java.base@17.0.17/java.util.concurrent.ScheduledThreadPoolExecutor$DelayedWorkQueue.take(ScheduledThreadPoolExecutor.java:1177)
 java.base@17.0.17/java.util.concurrent.ScheduledThreadPoolExecutor$DelayedWorkQueue.take(ScheduledThreadPoolExecutor.java:899)
 java.base@17.0.17/java.util.concurrent.ThreadPoolExecutor.getTask(ThreadPoolExecutor.java:1062)
 java.base@17.0.17/java.util.concurrent.ThreadPoolExecutor.runWorker(ThreadPoolExecutor.java:1122)
 java.base@17.0.17/java.util.concurrent.ThreadPoolExecutor$Worker.run(ThreadPoolExecutor.java:635)
 java.base@17.0.17/java.lang.Thread.run(Thread.java:840)
2026-07-23 10:58:58.061  WARN 87586 --- [       Thread-5] o.a.c.loader.WebappClassLoaderBase       : The web application [ROOT] appears to have started a thread named [pool-1-thread-8] but has failed to stop it. This is very likely to create a memory leak. Stack trace of thread:
 java.base@17.0.17/jdk.internal.misc.Unsafe.park(Native Method)
 java.base@17.0.17/java.util.concurrent.locks.LockSupport.park(LockSupport.java:341)
 java.base@17.0.17/java.util.concurrent.locks.AbstractQueuedSynchronizer$ConditionNode.block(AbstractQueuedSynchronizer.java:506)
 java.base@17.0.17/java.util.concurrent.ForkJoinPool.unmanagedBlock(ForkJoinPool.java:3465)
 java.base@17.0.17/java.util.concurrent.ForkJoinPool.managedBlock(ForkJoinPool.java:3436)
 java.base@17.0.17/java.util.concurrent.locks.AbstractQueuedSynchronizer$ConditionObject.await(AbstractQueuedSynchronizer.java:1630)
 java.base@17.0.17/java.util.concurrent.ScheduledThreadPoolExecutor$DelayedWorkQueue.take(ScheduledThreadPoolExecutor.java:1177)
 java.base@17.0.17/java.util.concurrent.ScheduledThreadPoolExecutor$DelayedWorkQueue.take(ScheduledThreadPoolExecutor.java:899)
 java.base@17.0.17/java.util.concurrent.ThreadPoolExecutor.getTask(ThreadPoolExecutor.java:1062)
 java.base@17.0.17/java.util.concurrent.ThreadPoolExecutor.runWorker(ThreadPoolExecutor.java:1122)
 java.base@17.0.17/java.util.concurrent.ThreadPoolExecutor$Worker.run(ThreadPoolExecutor.java:635)
 java.base@17.0.17/java.lang.Thread.run(Thread.java:840)
2026-07-23 10:58:58.061  WARN 87586 --- [       Thread-5] o.a.c.loader.WebappClassLoaderBase       : The web application [ROOT] appears to have started a thread named [pool-1-thread-9] but has failed to stop it. This is very likely to create a memory leak. Stack trace of thread:
 java.base@17.0.17/jdk.internal.misc.Unsafe.park(Native Method)
 java.base@17.0.17/java.util.concurrent.locks.LockSupport.park(LockSupport.java:341)
 java.base@17.0.17/java.util.concurrent.locks.AbstractQueuedSynchronizer$ConditionNode.block(AbstractQueuedSynchronizer.java:506)
 java.base@17.0.17/java.util.concurrent.ForkJoinPool.unmanagedBlock(ForkJoinPool.java:3465)
 java.base@17.0.17/java.util.concurrent.ForkJoinPool.managedBlock(ForkJoinPool.java:3436)
 java.base@17.0.17/java.util.concurrent.locks.AbstractQueuedSynchronizer$ConditionObject.await(AbstractQueuedSynchronizer.java:1630)
 java.base@17.0.17/java.util.concurrent.ScheduledThreadPoolExecutor$DelayedWorkQueue.take(ScheduledThreadPoolExecutor.java:1177)
 java.base@17.0.17/java.util.concurrent.ScheduledThreadPoolExecutor$DelayedWorkQueue.take(ScheduledThreadPoolExecutor.java:899)
 java.base@17.0.17/java.util.concurrent.ThreadPoolExecutor.getTask(ThreadPoolExecutor.java:1062)
 java.base@17.0.17/java.util.concurrent.ThreadPoolExecutor.runWorker(ThreadPoolExecutor.java:1122)
 java.base@17.0.17/java.util.concurrent.ThreadPoolExecutor$Worker.run(ThreadPoolExecutor.java:635)
 java.base@17.0.17/java.lang.Thread.run(Thread.java:840)
2026-07-23 10:58:58.062  WARN 87586 --- [       Thread-5] o.a.c.loader.WebappClassLoaderBase       : The web application [ROOT] appears to have started a thread named [pool-1-thread-10] but has failed to stop it. This is very likely to create a memory leak. Stack trace of thread:
 java.base@17.0.17/jdk.internal.misc.Unsafe.park(Native Method)
 java.base@17.0.17/java.util.concurrent.locks.LockSupport.park(LockSupport.java:341)
 java.base@17.0.17/java.util.concurrent.locks.AbstractQueuedSynchronizer$ConditionNode.block(AbstractQueuedSynchronizer.java:506)
 java.base@17.0.17/java.util.concurrent.ForkJoinPool.unmanagedBlock(ForkJoinPool.java:3465)
 java.base@17.0.17/java.util.concurrent.ForkJoinPool.managedBlock(ForkJoinPool.java:3436)
 java.base@17.0.17/java.util.concurrent.locks.AbstractQueuedSynchronizer$ConditionObject.await(AbstractQueuedSynchronizer.java:1630)
 java.base@17.0.17/java.util.concurrent.ScheduledThreadPoolExecutor$DelayedWorkQueue.take(ScheduledThreadPoolExecutor.java:1177)
 java.base@17.0.17/java.util.concurrent.ScheduledThreadPoolExecutor$DelayedWorkQueue.take(ScheduledThreadPoolExecutor.java:899)
 java.base@17.0.17/java.util.concurrent.ThreadPoolExecutor.getTask(ThreadPoolExecutor.java:1062)
 java.base@17.0.17/java.util.concurrent.ThreadPoolExecutor.runWorker(ThreadPoolExecutor.java:1122)
 java.base@17.0.17/java.util.concurrent.ThreadPoolExecutor$Worker.run(ThreadPoolExecutor.java:635)
 java.base@17.0.17/java.lang.Thread.run(Thread.java:840)
2026-07-23 10:58:58.309  INFO 87586 --- [       Thread-5] j.LocalContainerEntityManagerFactoryBean : Closing JPA EntityManagerFactory for persistence unit 'default'
2026-07-23 10:58:58.363  INFO 87586 --- [       Thread-5] com.zaxxer.hikari.HikariDataSource       : HikariPool-1 - Shutdown initiated...
2026-07-23 10:58:58.368  INFO 87586 --- [       Thread-5] com.zaxxer.hikari.HikariDataSource       : HikariPool-1 - Shutdown completed.
Iniciando sistema
2026-07-23 10:58:58.848 ERROR 87586 --- [  restartedMain] o.s.boot.SpringApplication               : Application run failed

java.lang.IllegalArgumentException: Unable to instantiate com.franco.dev.config.UserDevPropertiesEnvironmentPostProcessor [org.springframework.boot.env.EnvironmentPostProcessor]
	at org.springframework.boot.util.Instantiator.lambda$static$0(Instantiator.java:53) ~[spring-boot-2.7.18.jar:2.7.18]
	at org.springframework.boot.util.Instantiator.instantiate(Instantiator.java:153) ~[spring-boot-2.7.18.jar:2.7.18]
	at java.base/java.util.stream.ReferencePipeline$3$1.accept(ReferencePipeline.java:197) ~[na:na]
	at java.base/java.util.stream.ReferencePipeline$3$1.accept(ReferencePipeline.java:197) ~[na:na]
	at java.base/java.util.ArrayList$ArrayListSpliterator.forEachRemaining(ArrayList.java:1625) ~[na:na]
	at java.base/java.util.stream.AbstractPipeline.copyInto(AbstractPipeline.java:509) ~[na:na]
	at java.base/java.util.stream.AbstractPipeline.wrapAndCopyInto(AbstractPipeline.java:499) ~[na:na]
	at java.base/java.util.stream.ReduceOps$ReduceOp.evaluateSequential(ReduceOps.java:921) ~[na:na]
	at java.base/java.util.stream.AbstractPipeline.evaluate(AbstractPipeline.java:234) ~[na:na]
	at java.base/java.util.stream.ReferencePipeline.collect(ReferencePipeline.java:682) ~[na:na]
	at org.springframework.boot.util.Instantiator.instantiate(Instantiator.java:141) ~[spring-boot-2.7.18.jar:2.7.18]
	at org.springframework.boot.util.Instantiator.instantiate(Instantiator.java:126) ~[spring-boot-2.7.18.jar:2.7.18]
	at org.springframework.boot.env.ReflectionEnvironmentPostProcessorsFactory.getEnvironmentPostProcessors(ReflectionEnvironmentPostProcessorsFactory.java:72) ~[spring-boot-2.7.18.jar:2.7.18]
	at org.springframework.boot.env.EnvironmentPostProcessorApplicationListener.getEnvironmentPostProcessors(EnvironmentPostProcessorApplicationListener.java:122) ~[spring-boot-2.7.18.jar:2.7.18]
	at org.springframework.boot.env.EnvironmentPostProcessorApplicationListener.onApplicationEnvironmentPreparedEvent(EnvironmentPostProcessorApplicationListener.java:100) ~[spring-boot-2.7.18.jar:2.7.18]
	at org.springframework.boot.env.EnvironmentPostProcessorApplicationListener.onApplicationEvent(EnvironmentPostProcessorApplicationListener.java:87) ~[spring-boot-2.7.18.jar:2.7.18]
	at org.springframework.context.event.SimpleApplicationEventMulticaster.doInvokeListener(SimpleApplicationEventMulticaster.java:178) ~[spring-context-5.3.31.jar:5.3.31]
	at org.springframework.context.event.SimpleApplicationEventMulticaster.invokeListener(SimpleApplicationEventMulticaster.java:171) ~[spring-context-5.3.31.jar:5.3.31]
	at org.springframework.context.event.SimpleApplicationEventMulticaster.multicastEvent(SimpleApplicationEventMulticaster.java:145) ~[spring-context-5.3.31.jar:5.3.31]
	at org.springframework.context.event.SimpleApplicationEventMulticaster.multicastEvent(SimpleApplicationEventMulticaster.java:133) ~[spring-context-5.3.31.jar:5.3.31]
	at org.springframework.boot.context.event.EventPublishingRunListener.environmentPrepared(EventPublishingRunListener.java:85) ~[spring-boot-2.7.18.jar:2.7.18]
	at org.springframework.boot.SpringApplicationRunListeners.lambda$environmentPrepared$2(SpringApplicationRunListeners.java:66) ~[spring-boot-2.7.18.jar:2.7.18]
	at java.base/java.util.ArrayList.forEach(ArrayList.java:1511) ~[na:na]
	at org.springframework.boot.SpringApplicationRunListeners.doWithListeners(SpringApplicationRunListeners.java:120) ~[spring-boot-2.7.18.jar:2.7.18]
	at org.springframework.boot.SpringApplicationRunListeners.doWithListeners(SpringApplicationRunListeners.java:114) ~[spring-boot-2.7.18.jar:2.7.18]
	at org.springframework.boot.SpringApplicationRunListeners.environmentPrepared(SpringApplicationRunListeners.java:65) ~[spring-boot-2.7.18.jar:2.7.18]
	at org.springframework.boot.SpringApplication.prepareEnvironment(SpringApplication.java:344) ~[spring-boot-2.7.18.jar:2.7.18]
	at org.springframework.boot.SpringApplication.run(SpringApplication.java:302) ~[spring-boot-2.7.18.jar:2.7.18]
	at org.springframework.boot.SpringApplication.run(SpringApplication.java:1300) ~[spring-boot-2.7.18.jar:2.7.18]
	at org.springframework.boot.SpringApplication.run(SpringApplication.java:1289) ~[spring-boot-2.7.18.jar:2.7.18]
	at com.franco.dev.FrancoSystemsApplication.main(FrancoSystemsApplication.java:45) ~[classes/:na]
	at java.base/jdk.internal.reflect.NativeMethodAccessorImpl.invoke0(Native Method) ~[na:na]
	at java.base/jdk.internal.reflect.NativeMethodAccessorImpl.invoke(NativeMethodAccessorImpl.java:77) ~[na:na]
	at java.base/jdk.internal.reflect.DelegatingMethodAccessorImpl.invoke(DelegatingMethodAccessorImpl.java:43) ~[na:na]
	at java.base/java.lang.reflect.Method.invoke(Method.java:569) ~[na:na]
	at org.springframework.boot.devtools.restart.RestartLauncher.run(RestartLauncher.java:50) ~[spring-boot-devtools-2.7.18.jar:2.7.18]
Caused by: java.lang.ClassNotFoundException: com.franco.dev.config.UserDevPropertiesEnvironmentPostProcessor
	at java.base/jdk.internal.loader.BuiltinClassLoader.loadClass(BuiltinClassLoader.java:641) ~[na:na]
	at java.base/jdk.internal.loader.ClassLoaders$AppClassLoader.loadClass(ClassLoaders.java:188) ~[na:na]
	at java.base/java.lang.ClassLoader.loadClass(ClassLoader.java:525) ~[na:na]
	at java.base/java.lang.Class.forName0(Native Method) ~[na:na]
	at java.base/java.lang.Class.forName(Class.java:469) ~[na:na]
	at org.springframework.boot.devtools.restart.classloader.RestartClassLoader.loadClass(RestartClassLoader.java:145) ~[spring-boot-devtools-2.7.18.jar:2.7.18]
	at java.base/java.lang.ClassLoader.loadClass(ClassLoader.java:525) ~[na:na]
	at java.base/java.lang.Class.forName0(Native Method) ~[na:na]
	at java.base/java.lang.Class.forName(Class.java:469) ~[na:na]
	at org.springframework.util.ClassUtils.forName(ClassUtils.java:291) ~[spring-core-5.3.31.jar:5.3.31]
	at org.springframework.boot.util.Instantiator$TypeSupplier$1.get(Instantiator.java:233) ~[spring-boot-2.7.18.jar:2.7.18]
	at org.springframework.boot.util.Instantiator.instantiate(Instantiator.java:148) ~[spring-boot-2.7.18.jar:2.7.18]
	... 34 common frames omitted

Iniciando sistema

  .   ____          _            __ _ _
 /\\ / ___'_ __ _ _(_)_ __  __ _ \ \ \ \
( ( )\___ | '_ | '_| | '_ \/ _` | \ \ \ \
 \\/  ___)| |_)| | | | | || (_| |  ) ) ) )
  '  |____| .__|_| |_|_| |_\__, | / / / /
 =========|_|==============|___/=/_/_/_/
 :: Spring Boot ::               (v2.7.18)

2026-07-23 10:59:37.579  INFO 87586 --- [  restartedMain] com.franco.dev.FrancoSystemsApplication  : Starting FrancoSystemsApplication using Java 17.0.17 on IMACs-iMac.local with PID 87586 (/Users/gabfranck/workspace/frc-sistemas-informaticos/frc-comercial/central/target/classes started by gabfranck in /Users/gabfranck/workspace/frc-sistemas-informaticos/frc-comercial/central)
2026-07-23 10:59:37.580  INFO 87586 --- [  restartedMain] com.franco.dev.FrancoSystemsApplication  : The following 1 profile is active: "dev"
2026-07-23 10:59:38.655  INFO 87586 --- [  restartedMain] .s.d.r.c.RepositoryConfigurationDelegate : Bootstrapping Spring Data JPA repositories in DEFAULT mode.
2026-07-23 10:59:39.475  INFO 87586 --- [  restartedMain] .s.d.r.c.RepositoryConfigurationDelegate : Finished Spring Data repository scanning in 818 ms. Found 221 JPA repository interfaces.
2026-07-23 10:59:40.164  INFO 87586 --- [  restartedMain] o.s.b.w.embedded.tomcat.TomcatWebServer  : Tomcat initialized with port(s): 8081 (http)
2026-07-23 10:59:40.165  INFO 87586 --- [  restartedMain] o.apache.catalina.core.StandardService   : Starting service [Tomcat]
2026-07-23 10:59:40.165  INFO 87586 --- [  restartedMain] org.apache.catalina.core.StandardEngine  : Starting Servlet engine: [Apache Tomcat/9.0.83]
2026-07-23 10:59:40.200  INFO 87586 --- [  restartedMain] o.a.c.c.C.[Tomcat].[localhost].[/]       : Initializing Spring embedded WebApplicationContext
2026-07-23 10:59:40.200  INFO 87586 --- [  restartedMain] w.s.c.ServletWebServerApplicationContext : Root WebApplicationContext: initialization completed in 2615 ms
2026-07-23 10:59:40.491  INFO 87586 --- [  restartedMain] c.f.d.c.RetryableDatabasePostProcessor   : -----> configuring a retryable datasource for beanName = dataSource
2026-07-23 10:59:40.513  INFO 87586 --- [  restartedMain] c.f.dev.config.multitenant.FlywayConfig  : Scanning for duplicate migrations in: target/classes/db/migration
2026-07-23 10:59:40.526  INFO 87586 --- [  restartedMain] c.f.dev.config.multitenant.FlywayConfig  : Duplicate migration cleanup complete
2026-07-23 10:59:40.534  INFO 87586 --- [  restartedMain] o.f.c.internal.license.VersionPrinter    : Flyway Community Edition 8.5.13 by Redgate
2026-07-23 10:59:40.534  INFO 87586 --- [  restartedMain] o.f.c.internal.license.VersionPrinter    : See what's new here: https://flywaydb.org/documentation/learnmore/releaseNotes#8.5.13
2026-07-23 10:59:40.534  INFO 87586 --- [  restartedMain] o.f.c.internal.license.VersionPrinter    : 
2026-07-23 10:59:40.551  INFO 87586 --- [  restartedMain] o.f.c.i.resource.ResourceNameValidator   : 1 SQL migrations were detected but not run because they did not follow the filename convention.
2026-07-23 10:59:40.551  INFO 87586 --- [  restartedMain] o.f.c.i.resource.ResourceNameValidator   : If this is in error, enable debug logging or 'validateMigrationNaming' to fail fast and see a list of the invalid file names.
2026-07-23 10:59:40.560  INFO 87586 --- [  restartedMain] o.f.c.i.database.base.BaseDatabaseType   : Database: jdbc:postgresql://localhost:5551/bodega_producto_devoluciones (PostgreSQL 16.4)
2026-07-23 10:59:40.562  WARN 87586 --- [  restartedMain] o.f.c.internal.database.base.Database    : Flyway upgrade recommended: PostgreSQL 16.4 is newer than this version of Flyway and support has not been tested. The latest supported version of PostgreSQL is 14.
2026-07-23 10:59:40.573  INFO 87586 --- [  restartedMain] o.f.c.i.s.JdbcTableSchemaHistory         : Repair of failed migration in Schema History table "public"."flyway_schema_history" not necessary. No failed migration detected.
2026-07-23 10:59:40.717  INFO 87586 --- [  restartedMain] o.f.core.internal.command.DbRepair       : Successfully repaired schema history table "public"."flyway_schema_history" (execution time 00:00.153s).
2026-07-23 10:59:40.719  INFO 87586 --- [  restartedMain] o.f.c.internal.license.VersionPrinter    : Flyway Community Edition 8.5.13 by Redgate
2026-07-23 10:59:40.719  INFO 87586 --- [  restartedMain] o.f.c.internal.license.VersionPrinter    : See what's new here: https://flywaydb.org/documentation/learnmore/releaseNotes#8.5.13
2026-07-23 10:59:40.719  INFO 87586 --- [  restartedMain] o.f.c.internal.license.VersionPrinter    : 
2026-07-23 10:59:40.722  INFO 87586 --- [  restartedMain] o.f.c.i.resource.ResourceNameValidator   : 1 SQL migrations were detected but not run because they did not follow the filename convention.
2026-07-23 10:59:40.722  INFO 87586 --- [  restartedMain] o.f.c.i.resource.ResourceNameValidator   : If this is in error, enable debug logging or 'validateMigrationNaming' to fail fast and see a list of the invalid file names.
2026-07-23 10:59:40.732  WARN 87586 --- [  restartedMain] o.f.c.internal.database.base.Database    : Flyway upgrade recommended: PostgreSQL 16.4 is newer than this version of Flyway and support has not been tested. The latest supported version of PostgreSQL is 14.
2026-07-23 10:59:40.823  INFO 87586 --- [  restartedMain] o.f.core.internal.command.DbMigrate      : Current version of schema "public": 168.0
2026-07-23 10:59:40.825  WARN 87586 --- [  restartedMain] o.f.core.internal.command.DbMigrate      : outOfOrder mode is active. Migration of schema "public" may not be reproducible.
2026-07-23 10:59:40.825  INFO 87586 --- [  restartedMain] o.f.core.internal.command.DbMigrate      : Schema "public" is up to date. No migration necessary.
2026-07-23 10:59:40.949  INFO 87586 --- [  restartedMain] o.hibernate.jpa.internal.util.LogHelper  : HHH000204: Processing PersistenceUnitInfo [name: default]
2026-07-23 10:59:40.976  INFO 87586 --- [  restartedMain] org.hibernate.dialect.Dialect            : HHH000400: Using dialect: org.hibernate.dialect.PostgreSQLDialect
2026-07-23 10:59:41.326  INFO 87586 --- [  restartedMain] b.i.HibernateSearchPreIntegrationService : HSEARCH000034: Hibernate Search version 6.2.5.Final
2026-07-23 10:59:43.326  INFO 87586 --- [  restartedMain] o.h.e.t.j.p.i.JtaPlatformInitiator       : HHH000490: Using JtaPlatform implementation: [org.hibernate.engine.transaction.jta.platform.internal.NoJtaPlatform]
2026-07-23 10:59:43.857  WARN 87586 --- [  restartedMain] o.h.s.b.l.impl.LuceneBackendFactory      : HSEARCH000075: Missing value for configuration property 'hibernate.search.backend.lucene_version': using LATEST (currently '8.11.2'). Context: default backend
2026-07-23 10:59:43.870  WARN 87586 --- [  restartedMain] o.h.s.e.c.s.ConfigurationPropertyChecker : HSEARCH000568: Invalid configuration passed to Hibernate Search: some properties in the given configuration are not used. There might be misspelled property keys in your configuration. Unused properties: [hibernate.search.indexing.automatic.enabled]. To disable this warning, set the property 'hibernate.search.configuration_property_checking.strategy' to 'ignore'.
2026-07-23 10:59:43.871  INFO 87586 --- [  restartedMain] j.LocalContainerEntityManagerFactoryBean : Initialized JPA EntityManagerFactory for persistence unit 'default'
2026-07-23 10:59:44.129  WARN 87586 --- [  restartedMain] o.h.dialect.function.TemplateRenderer    : HHH000174: Function template anticipated 4 arguments, but 1 arguments encountered
2026-07-23 10:59:44.339  WARN 87586 --- [  restartedMain] c.franco.dev.service.utils.ImageService  : Mac OS X
2026-07-23 10:59:44.363  INFO 87586 --- [  restartedMain] com.zaxxer.hikari.HikariDataSource       : HikariPool-2 - Starting...
2026-07-23 10:59:44.369  INFO 87586 --- [  restartedMain] com.zaxxer.hikari.HikariDataSource       : HikariPool-2 - Start completed.
2026-07-23 10:59:44.430  INFO 87586 --- [  restartedMain] c.f.d.s.p.UsuarioEmbeddingCacheService   : Caché de embeddings faciales: 0 usuarios activos con galería
2026-07-23 10:59:47.888  INFO 87586 --- [  restartedMain] c.franco.dev.fmc.service.FCMInitializer  : Initializing Firebase using config path: file:/opt/frc-backend-central/central/secrets/bodega-franco-frc-18e8c6ef35cf.json
2026-07-23 10:59:47.889 ERROR 87586 --- [  restartedMain] c.franco.dev.fmc.service.FCMInitializer  : Error initializing Firebase: config file not found at file:/opt/frc-backend-central/central/secrets/bodega-franco-frc-18e8c6ef35cf.json
2026-07-23 10:59:50.914  WARN 87586 --- [  restartedMain] o.h.dialect.function.TemplateRenderer    : HHH000174: Function template anticipated 4 arguments, but 1 arguments encountered
2026-07-23 10:59:50.915  WARN 87586 --- [  restartedMain] o.h.dialect.function.TemplateRenderer    : HHH000174: Function template anticipated 4 arguments, but 1 arguments encountered
2026-07-23 10:59:50.915  WARN 87586 --- [  restartedMain] o.h.dialect.function.TemplateRenderer    : HHH000174: Function template anticipated 4 arguments, but 1 arguments encountered
2026-07-23 10:59:50.915  WARN 87586 --- [  restartedMain] o.h.dialect.function.TemplateRenderer    : HHH000174: Function template anticipated 4 arguments, but 1 arguments encountered
2026-07-23 11:00:09.665  WARN 87586 --- [  restartedMain] g.kickstart.tools.SchemaClassScanner     : Cannot find definition for field 'estado: EstadoDE' on input type 'DocumentoElectronicoInput' -> com.franco.dev.graphql.financiero.input.DocumentoElectronicoInput. Try adding it manually to the dictionary
2026-07-23 11:00:10.150  WARN 87586 --- [  restartedMain] g.kickstart.tools.SchemaClassScanner     : Cannot find definition for field 'creadoEn: Date' on input type 'BarrioInput' -> com.franco.dev.graphql.general.input.BarrioInput. Try adding it manually to the dictionary
2026-07-23 11:00:10.170  WARN 87586 --- [  restartedMain] g.kickstart.tools.SchemaClassScanner     : Cannot find definition for field 'creadoEn: Date' on input type 'ContactoInput' -> com.franco.dev.graphql.general.input.ContactoInput. Try adding it manually to the dictionary
2026-07-23 11:00:10.182  WARN 87586 --- [  restartedMain] g.kickstart.tools.SchemaClassScanner     : Cannot find definition for field 'creadoEn: Date' on input type 'PaisInput' -> com.franco.dev.graphql.general.input.PaisInput. Try adding it manually to the dictionary
2026-07-23 11:00:10.933  WARN 87586 --- [  restartedMain] g.kickstart.tools.SchemaClassScanner     : Cannot find definition for field 'estadoVerificacion: EstadoVerificacion' on input type 'RecepcionMercaderiaItemInput' -> com.franco.dev.graphql.operaciones.input.RecepcionMercaderiaItemInput. Try adding it manually to the dictionary
2026-07-23 11:00:11.251  WARN 87586 --- [  restartedMain] g.kickstart.tools.SchemaClassScanner     : Cannot find definition for field 'creadoEn: Date' on input type 'ClienteInput' -> com.franco.dev.graphql.personas.input.ClienteInput. Try adding it manually to the dictionary
2026-07-23 11:00:11.298  WARN 87586 --- [  restartedMain] g.kickstart.tools.SchemaClassScanner     : Cannot find definition for field 'creadoEn: Date' on input type 'ProveedorDiasVisitaInput' -> com.franco.dev.graphql.personas.input.ProveedorDiasVisitaInput. Try adding it manually to the dictionary
2026-07-23 11:00:13.184  WARN 87586 --- [  restartedMain] g.kickstart.tools.SchemaClassScanner     : Schema type was defined but can never be accessed, and can be safely deleted: DateTime
2026-07-23 11:00:13.184  WARN 87586 --- [  restartedMain] g.kickstart.tools.SchemaClassScanner     : Schema type was defined but can never be accessed, and can be safely deleted: NotificacionPush
2026-07-23 11:00:13.184  WARN 87586 --- [  restartedMain] g.kickstart.tools.SchemaClassScanner     : Schema type was defined but can never be accessed, and can be safely deleted: ChequePage
2026-07-23 11:00:13.184  WARN 87586 --- [  restartedMain] g.kickstart.tools.SchemaClassScanner     : Schema type was defined but can never be accessed, and can be safely deleted: ChequeraPage
2026-07-23 11:00:13.184  WARN 87586 --- [  restartedMain] g.kickstart.tools.SchemaClassScanner     : Schema type was defined but can never be accessed, and can be safely deleted: EventoCancelacionDEInput
2026-07-23 11:00:13.184  WARN 87586 --- [  restartedMain] g.kickstart.tools.SchemaClassScanner     : Schema type was defined but can never be accessed, and can be safely deleted: EventoNominacionDEInput
2026-07-23 11:00:13.184  WARN 87586 --- [  restartedMain] g.kickstart.tools.SchemaClassScanner     : Schema type was defined but can never be accessed, and can be safely deleted: EventoInutilizacionDEInput
2026-07-23 11:00:13.184  WARN 87586 --- [  restartedMain] g.kickstart.tools.SchemaClassScanner     : Schema type was defined but can never be accessed, and can be safely deleted: Meses
2026-07-23 11:00:13.184  WARN 87586 --- [  restartedMain] g.kickstart.tools.SchemaClassScanner     : Schema type was defined but can never be accessed, and can be safely deleted: DeliveryUpdate
2026-07-23 11:00:13.184  WARN 87586 --- [  restartedMain] g.kickstart.tools.SchemaClassScanner     : Schema type was defined but can never be accessed, and can be safely deleted: ResumenMovimientoStock
2026-07-23 11:00:13.184  WARN 87586 --- [  restartedMain] g.kickstart.tools.SchemaClassScanner     : Schema type was defined but can never be accessed, and can be safely deleted: PagoDetallePage
2026-07-23 11:00:13.184  WARN 87586 --- [  restartedMain] g.kickstart.tools.SchemaClassScanner     : Schema type was defined but can never be accessed, and can be safely deleted: PagoPage
2026-07-23 11:00:13.184  WARN 87586 --- [  restartedMain] g.kickstart.tools.SchemaClassScanner     : Schema type was defined but can never be accessed, and can be safely deleted: SolicitudPagoMultipleRecepcionesInput
2026-07-23 11:00:13.184  WARN 87586 --- [  restartedMain] g.kickstart.tools.SchemaClassScanner     : Schema type was defined but can never be accessed, and can be safely deleted: SolicitudPagoNotaRecepcionInput
2026-07-23 11:00:13.184  WARN 87586 --- [  restartedMain] g.kickstart.tools.SchemaClassScanner     : Schema type was defined but can never be accessed, and can be safely deleted: PrintData
2026-07-23 11:00:13.184  WARN 87586 --- [  restartedMain] g.kickstart.tools.SchemaClassScanner     : Schema type was defined but can never be accessed, and can be safely deleted: ExistenciaCostoPorSucursal
2026-07-23 11:00:13.184  WARN 87586 --- [  restartedMain] g.kickstart.tools.SchemaClassScanner     : Schema type was defined but can never be accessed, and can be safely deleted: ProductoExistenciaCostos
2026-07-23 11:00:13.184  WARN 87586 --- [  restartedMain] g.kickstart.tools.SchemaClassScanner     : Schema type was defined but can never be accessed, and can be safely deleted: MultiPageInput
2026-07-23 11:00:13.188  WARN 87586 --- [  restartedMain] g.kickstart.tools.SchemaClassScanner     : Root query resolver was provided but no methods on it were used in data fetchers for GraphQL type 'Query'!  Either remove the graphql.kickstart.tools.GraphQLQueryResolver interface from the resolver or remove the resolver entirely: com.franco.dev.graphql.financiero.FacturaLegalItemGraphQL@4978a1fd
2026-07-23 11:00:13.188  WARN 87586 --- [  restartedMain] g.kickstart.tools.SchemaClassScanner     : Root query resolver was provided but no methods on it were used in data fetchers for GraphQL type 'Query'!  Either remove the graphql.kickstart.tools.GraphQLQueryResolver interface from the resolver or remove the resolver entirely: com.franco.dev.graphql.operaciones.RecepcionMercaderiaItemVariacionGraphQL@e336c4b
2026-07-23 11:00:13.188  WARN 87586 --- [  restartedMain] g.kickstart.tools.SchemaClassScanner     : Root query resolver was provided but no methods on it were used in data fetchers for GraphQL type 'Query'!  Either remove the graphql.kickstart.tools.GraphQLQueryResolver interface from the resolver or remove the resolver entirely: com.franco.dev.graphql.productos.ProductoExistenciaCostoGraphQL@17fafd8b
2026-07-23 11:00:13.189  WARN 87586 --- [  restartedMain] g.kickstart.tools.SchemaClassScanner     : Root mutation resolver was provided but no methods on it were used in data fetchers for GraphQL type 'Mutation'!  Either remove the graphql.kickstart.tools.GraphQLMutationResolver interface from the resolver or remove the resolver entirely: com.franco.dev.graphql.financiero.FacturaLegalItemGraphQL@4978a1fd
2026-07-23 11:00:13.189  WARN 87586 --- [  restartedMain] g.kickstart.tools.SchemaClassScanner     : Root mutation resolver was provided but no methods on it were used in data fetchers for GraphQL type 'Mutation'!  Either remove the graphql.kickstart.tools.GraphQLMutationResolver interface from the resolver or remove the resolver entirely: com.franco.dev.graphql.print.PrintGraphQL@3445c53b
2026-07-23 11:00:13.189  WARN 87586 --- [  restartedMain] g.kickstart.tools.SchemaClassScanner     : Root mutation resolver was provided but no methods on it were used in data fetchers for GraphQL type 'Mutation'!  Either remove the graphql.kickstart.tools.GraphQLMutationResolver interface from the resolver or remove the resolver entirely: com.franco.dev.graphql.productos.ProductoExistenciaCostoGraphQL@17fafd8b
2026-07-23 11:00:14.567  WARN 87586 --- [  restartedMain] JpaBaseConfiguration$JpaWebConfiguration : spring.jpa.open-in-view is enabled by default. Therefore, database queries may be performed during view rendering. Explicitly configure spring.jpa.open-in-view to disable this warning
2026-07-23 11:00:15.664  INFO 87586 --- [  restartedMain] o.s.b.w.embedded.tomcat.TomcatWebServer  : Tomcat started on port(s): 8081 (http) with context path ''
2026-07-23 11:00:15.672  INFO 87586 --- [  restartedMain] o.s.b.d.a.OptionalLiveReloadServer       : LiveReload server is running on port 35729
2026-07-23 11:00:15.674  INFO 87586 --- [  restartedMain] o.s.m.s.b.SimpleBrokerMessageHandler     : Starting...
2026-07-23 11:00:15.674  INFO 87586 --- [  restartedMain] o.s.m.s.b.SimpleBrokerMessageHandler     : BrokerAvailabilityEvent[available=true, SimpleBrokerMessageHandler [org.springframework.messaging.simp.broker.DefaultSubscriptionRegistry@5ad4c69]]
2026-07-23 11:00:15.674  INFO 87586 --- [  restartedMain] o.s.m.s.b.SimpleBrokerMessageHandler     : Started.
2026-07-23 11:00:15.707  INFO 87586 --- [  restartedMain] com.franco.dev.FrancoSystemsApplication  : Started FrancoSystemsApplication in 38.192 seconds (JVM running for 60683.03)
2026-07-23 11:00:15.728  INFO 87586 --- [  restartedMain] .ConditionEvaluationDeltaLoggingListener : Condition evaluation unchanged
2026-07-23 11:00:22.308  INFO 87586 --- [0.0-8081-exec-1] o.a.c.c.C.[Tomcat].[localhost].[/]       : Initializing Spring DispatcherServlet 'dispatcherServlet'
2026-07-23 11:00:22.308  INFO 87586 --- [0.0-8081-exec-1] o.s.web.servlet.DispatcherServlet        : Initializing Servlet 'dispatcherServlet'
2026-07-23 11:00:22.557  INFO 87586 --- [0.0-8081-exec-1] o.s.b.a.e.web.EndpointLinksResolver      : Exposing 2 endpoint(s) beneath base path '/actuator'
2026-07-23 11:00:22.651  INFO 87586 --- [0.0-8081-exec-1] o.s.web.servlet.DispatcherServlet        : Completed initialization in 343 ms
2026-07-23 11:00:22.698  INFO 87586 --- [0.0-8081-exec-1] o.s.s.web.DefaultSecurityFilterChain     : Will secure any request with [org.springframework.security.web.session.DisableEncodeUrlFilter@7247c8af, org.springframework.security.web.context.request.async.WebAsyncManagerIntegrationFilter@20200b3b, org.springframework.security.web.context.SecurityContextPersistenceFilter@40439832, org.springframework.security.web.header.HeaderWriterFilter@7f508b2, org.springframework.web.filter.CorsFilter@4b7b9cdf, org.springframework.security.web.authentication.logout.LogoutFilter@5b0a5fa1, com.franco.dev.security.JwtAuthenticationTokenFilter@3fea5bd9, org.springframework.security.web.savedrequest.RequestCacheAwareFilter@1babec2, org.springframework.security.web.servletapi.SecurityContextHolderAwareRequestFilter@2e2586df, org.springframework.security.web.authentication.AnonymousAuthenticationFilter@3f71ba2, org.springframework.security.web.session.SessionManagementFilter@702b2e64, org.springframework.security.web.access.ExceptionTranslationFilter@1a0b767e, org.springframework.security.web.access.intercept.FilterSecurityInterceptor@7c968a58]
2026-07-23 11:01:15.701  INFO 87586 --- [MessageBroker-3] c.f.d.s.f.CotizacionMercadoScheduler     : Actualizacion automatica de cotizaciones de mercado
2026-07-23 11:01:17.447  INFO 87586 --- [MessageBroker-3] c.f.d.s.financiero.NorteCambiosScraper   : NorteCambiosScraper: 3 monedas obtenidas de nortecambios
2026-07-23 11:01:17.566  INFO 87586 --- [MessageBroker-3] c.f.d.s.f.CotizacionMercadoScheduler     : CotizacionMercadoScheduler: 3 monedas actualizadas
[INFO] ------------------------------------------------------------------------
[INFO] BUILD FAILURE
[INFO] ------------------------------------------------------------------------
[INFO] Total time:  16:53 h
[INFO] Finished at: 2026-07-23T11:01:49-03:00
[INFO] ------------------------------------------------------------------------
[ERROR] Failed to execute goal org.springframework.boot:spring-boot-maven-plugin:2.7.18:run (default-cli) on project franco-dev-systems: Application finished with exit code: 137 -> [Help 1]
[ERROR] 
[ERROR] To see the full stack trace of the errors, re-run Maven with the -e switch.
[ERROR] Re-run Maven using the -X switch to enable full debug logging.
[ERROR] 
[ERROR] For more information about the errors and possible solutions, please read the following articles:
[ERROR] [Help 1] http://cwiki.apache.org/confluence/display/MAVEN/MojoExecutionException
