[INFO] Scanning for projects...
[INFO] 
[INFO] -----------------< com.franco.dev:franco-dev-systems >------------------
[INFO] Building Franco Systems 3.0.9
[INFO] --------------------------------[ jar ]---------------------------------
[INFO] 
[INFO] >>> spring-boot-maven-plugin:2.7.18:run (default-cli) > test-compile @ franco-dev-systems >>>
[INFO] 
[INFO] --- maven-clean-plugin:3.1.0:clean (auto-clean) @ franco-dev-systems ---
[INFO] Deleting /Users/gabfranck/workspace/frc-sistemas-informaticos/frc-comercial/central/target
[INFO] 
[INFO] --- maven-resources-plugin:3.2.0:resources (default-resources) @ franco-dev-systems ---
[INFO] Using 'UTF-8' encoding to copy filtered resources.
[INFO] Using 'UTF-8' encoding to copy filtered properties files.
[INFO] Copying 4 resources
[INFO] Copying 468 resources
[INFO] 
[INFO] --- maven-resources-plugin:3.2.0:resources (copy-resources) @ franco-dev-systems ---
[INFO] Using 'UTF-8' encoding to copy filtered resources.
[INFO] Using 'UTF-8' encoding to copy filtered properties files.
[INFO] Copying 4 resources
[INFO] Copying 468 resources
[INFO] 
[INFO] --- exec-maven-plugin:3.0.0:exec (cleanup-duplicate-migrations) @ franco-dev-systems ---
Scanning for duplicate migration files in ./target/classes/db/migration...
Duplicate migration cleanup complete.
[INFO] 
[INFO] --- flyway-maven-plugin:8.5.13:validate (default) @ franco-dev-systems ---
[INFO] Skipping Flyway execution
[INFO] 
[INFO] --- maven-compiler-plugin:3.10.1:compile (default-compile) @ franco-dev-systems ---
[INFO] Changes detected - recompiling the module!
[INFO] Compiling 1601 source files to /Users/gabfranck/workspace/frc-sistemas-informaticos/frc-comercial/central/target/classes
[INFO] /Users/gabfranck/workspace/frc-sistemas-informaticos/frc-comercial/central/src/main/java/com/franco/dev/service/CrudService.java: Some input files use or override a deprecated API.
[INFO] /Users/gabfranck/workspace/frc-sistemas-informaticos/frc-comercial/central/src/main/java/com/franco/dev/service/CrudService.java: Recompile with -Xlint:deprecation for details.
[INFO] /Users/gabfranck/workspace/frc-sistemas-informaticos/frc-comercial/central/src/main/java/com/franco/dev/graphql/financiero/resolver/GastoResolver.java: /Users/gabfranck/workspace/frc-sistemas-informaticos/frc-comercial/central/src/main/java/com/franco/dev/graphql/financiero/resolver/GastoResolver.java uses or overrides a deprecated API that is marked for removal.
[INFO] /Users/gabfranck/workspace/frc-sistemas-informaticos/frc-comercial/central/src/main/java/com/franco/dev/graphql/financiero/resolver/GastoResolver.java: Recompile with -Xlint:removal for details.
[INFO] /Users/gabfranck/workspace/frc-sistemas-informaticos/frc-comercial/central/src/main/java/com/franco/dev/service/CrudService.java: Some input files use unchecked or unsafe operations.
[INFO] /Users/gabfranck/workspace/frc-sistemas-informaticos/frc-comercial/central/src/main/java/com/franco/dev/service/CrudService.java: Recompile with -Xlint:unchecked for details.
[INFO] 
[INFO] --- maven-resources-plugin:3.2.0:testResources (default-testResources) @ franco-dev-systems ---
[INFO] Using 'UTF-8' encoding to copy filtered resources.
[INFO] Using 'UTF-8' encoding to copy filtered properties files.
[INFO] skip non existing resourceDirectory /Users/gabfranck/workspace/frc-sistemas-informaticos/frc-comercial/central/src/test/resources
[INFO] 
[INFO] --- maven-compiler-plugin:3.10.1:testCompile (default-testCompile) @ franco-dev-systems ---
[INFO] Changes detected - recompiling the module!
[INFO] Compiling 18 source files to /Users/gabfranck/workspace/frc-sistemas-informaticos/frc-comercial/central/target/test-classes
[INFO] 
[INFO] <<< spring-boot-maven-plugin:2.7.18:run (default-cli) < test-compile @ franco-dev-systems <<<
[INFO] 
[INFO] 
[INFO] --- spring-boot-maven-plugin:2.7.18:run (default-cli) @ franco-dev-systems ---
[INFO] Attaching agents: []
Iniciando sistema
13:55:35.192 [Thread-0] DEBUG org.springframework.boot.devtools.restart.classloader.RestartClassLoader - Created RestartClassLoader org.springframework.boot.devtools.restart.classloader.RestartClassLoader@58ab55a9
Iniciando sistema

  .   ____          _            __ _ _
 /\\ / ___'_ __ _ _(_)_ __  __ _ \ \ \ \
( ( )\___ | '_ | '_| | '_ \/ _` | \ \ \ \
 \\/  ___)| |_)| | | | | || (_| |  ) ) ) )
  '  |____| .__|_| |_|_| |_\__, | / / / /
 =========|_|==============|___/=/_/_/_/
 :: Spring Boot ::               (v2.7.18)

2026-07-22 13:55:35.680  INFO 32570 --- [  restartedMain] com.franco.dev.FrancoSystemsApplication  : Starting FrancoSystemsApplication using Java 17.0.17 on IMACs-iMac.local with PID 32570 (/Users/gabfranck/workspace/frc-sistemas-informaticos/frc-comercial/central/target/classes started by gabfranck in /Users/gabfranck/workspace/frc-sistemas-informaticos/frc-comercial/central)
2026-07-22 13:55:35.682  INFO 32570 --- [  restartedMain] com.franco.dev.FrancoSystemsApplication  : The following 1 profile is active: "dev"
2026-07-22 13:55:35.745  INFO 32570 --- [  restartedMain] .e.DevToolsPropertyDefaultsPostProcessor : Devtools property defaults active! Set 'spring.devtools.add-properties' to 'false' to disable
2026-07-22 13:55:35.745  INFO 32570 --- [  restartedMain] .e.DevToolsPropertyDefaultsPostProcessor : For additional web related logging consider setting the 'logging.level.web' property to 'DEBUG'
2026-07-22 13:55:37.612  INFO 32570 --- [  restartedMain] .s.d.r.c.RepositoryConfigurationDelegate : Bootstrapping Spring Data JPA repositories in DEFAULT mode.
2026-07-22 13:55:38.610  INFO 32570 --- [  restartedMain] .s.d.r.c.RepositoryConfigurationDelegate : Finished Spring Data repository scanning in 989 ms. Found 221 JPA repository interfaces.
2026-07-22 13:55:40.460  INFO 32570 --- [  restartedMain] o.s.b.w.embedded.tomcat.TomcatWebServer  : Tomcat initialized with port(s): 8081 (http)
2026-07-22 13:55:40.476  INFO 32570 --- [  restartedMain] o.apache.catalina.core.StandardService   : Starting service [Tomcat]
2026-07-22 13:55:40.476  INFO 32570 --- [  restartedMain] org.apache.catalina.core.StandardEngine  : Starting Servlet engine: [Apache Tomcat/9.0.83]
2026-07-22 13:55:40.596  INFO 32570 --- [  restartedMain] o.a.c.c.C.[Tomcat].[localhost].[/]       : Initializing Spring embedded WebApplicationContext
2026-07-22 13:55:40.596  INFO 32570 --- [  restartedMain] w.s.c.ServletWebServerApplicationContext : Root WebApplicationContext: initialization completed in 4850 ms
2026-07-22 13:55:40.892  INFO 32570 --- [  restartedMain] c.f.d.c.RetryableDatabasePostProcessor   : -----> configuring a retryable datasource for beanName = dataSource
2026-07-22 13:55:40.962  INFO 32570 --- [  restartedMain] c.f.dev.config.multitenant.FlywayConfig  : Scanning for duplicate migrations in: target/classes/db/migration
2026-07-22 13:55:40.977  INFO 32570 --- [  restartedMain] c.f.dev.config.multitenant.FlywayConfig  : Duplicate migration cleanup complete
2026-07-22 13:55:41.082  INFO 32570 --- [  restartedMain] o.f.c.internal.license.VersionPrinter    : Flyway Community Edition 8.5.13 by Redgate
2026-07-22 13:55:41.082  INFO 32570 --- [  restartedMain] o.f.c.internal.license.VersionPrinter    : See what's new here: https://flywaydb.org/documentation/learnmore/releaseNotes#8.5.13
2026-07-22 13:55:41.082  INFO 32570 --- [  restartedMain] o.f.c.internal.license.VersionPrinter    : 
2026-07-22 13:55:41.132  INFO 32570 --- [  restartedMain] o.f.c.i.resource.ResourceNameValidator   : 1 SQL migrations were detected but not run because they did not follow the filename convention.
2026-07-22 13:55:41.132  INFO 32570 --- [  restartedMain] o.f.c.i.resource.ResourceNameValidator   : If this is in error, enable debug logging or 'validateMigrationNaming' to fail fast and see a list of the invalid file names.
2026-07-22 13:55:41.243  INFO 32570 --- [  restartedMain] o.f.c.i.database.base.BaseDatabaseType   : Database: jdbc:postgresql://localhost:5551/bodega_producto_devoluciones (PostgreSQL 16.4)
2026-07-22 13:55:41.251  WARN 32570 --- [  restartedMain] o.f.c.internal.database.base.Database    : Flyway upgrade recommended: PostgreSQL 16.4 is newer than this version of Flyway and support has not been tested. The latest supported version of PostgreSQL is 14.
2026-07-22 13:55:41.322  INFO 32570 --- [  restartedMain] o.f.c.i.s.JdbcTableSchemaHistory         : Repair of failed migration in Schema History table "public"."flyway_schema_history" not necessary. No failed migration detected.
2026-07-22 13:55:41.512  INFO 32570 --- [  restartedMain] o.f.core.internal.command.DbRepair       : Successfully repaired schema history table "public"."flyway_schema_history" (execution time 00:00.248s).
2026-07-22 13:55:41.516  INFO 32570 --- [  restartedMain] o.f.c.internal.license.VersionPrinter    : Flyway Community Edition 8.5.13 by Redgate
2026-07-22 13:55:41.516  INFO 32570 --- [  restartedMain] o.f.c.internal.license.VersionPrinter    : See what's new here: https://flywaydb.org/documentation/learnmore/releaseNotes#8.5.13
2026-07-22 13:55:41.516  INFO 32570 --- [  restartedMain] o.f.c.internal.license.VersionPrinter    : 
2026-07-22 13:55:41.522  INFO 32570 --- [  restartedMain] o.f.c.i.resource.ResourceNameValidator   : 1 SQL migrations were detected but not run because they did not follow the filename convention.
2026-07-22 13:55:41.522  INFO 32570 --- [  restartedMain] o.f.c.i.resource.ResourceNameValidator   : If this is in error, enable debug logging or 'validateMigrationNaming' to fail fast and see a list of the invalid file names.
2026-07-22 13:55:41.531  WARN 32570 --- [  restartedMain] o.f.c.internal.database.base.Database    : Flyway upgrade recommended: PostgreSQL 16.4 is newer than this version of Flyway and support has not been tested. The latest supported version of PostgreSQL is 14.
2026-07-22 13:55:41.626  INFO 32570 --- [  restartedMain] o.f.core.internal.command.DbMigrate      : Current version of schema "public": 165.0
2026-07-22 13:55:41.627  WARN 32570 --- [  restartedMain] o.f.core.internal.command.DbMigrate      : outOfOrder mode is active. Migration of schema "public" may not be reproducible.
2026-07-22 13:55:41.644  INFO 32570 --- [  restartedMain] o.f.core.internal.command.DbMigrate      : Migrating schema "public" to version "166.0 - rrhh configuracion historico"
2026-07-22 13:55:41.679  INFO 32570 --- [  restartedMain] o.f.core.internal.command.DbMigrate      : Successfully applied 1 migration to schema "public", now at version v166.0 (execution time 00:00.141s)
2026-07-22 13:55:41.855  INFO 32570 --- [  restartedMain] o.hibernate.jpa.internal.util.LogHelper  : HHH000204: Processing PersistenceUnitInfo [name: default]
2026-07-22 13:55:41.916  INFO 32570 --- [  restartedMain] org.hibernate.Version                    : HHH000412: Hibernate ORM core version 5.6.15.Final
2026-07-22 13:55:42.132  INFO 32570 --- [  restartedMain] o.hibernate.annotations.common.Version   : HCANN000001: Hibernate Commons Annotations {5.1.2.Final}
2026-07-22 13:55:42.261  INFO 32570 --- [  restartedMain] org.hibernate.dialect.Dialect            : HHH000400: Using dialect: org.hibernate.dialect.PostgreSQLDialect
2026-07-22 13:55:43.108  INFO 32570 --- [  restartedMain] b.i.HibernateSearchPreIntegrationService : HSEARCH000034: Hibernate Search version 6.2.5.Final
2026-07-22 13:55:45.805  INFO 32570 --- [  restartedMain] o.h.e.t.j.p.i.JtaPlatformInitiator       : HHH000490: Using JtaPlatform implementation: [org.hibernate.engine.transaction.jta.platform.internal.NoJtaPlatform]
2026-07-22 13:55:46.579  WARN 32570 --- [  restartedMain] o.h.s.b.l.impl.LuceneBackendFactory      : HSEARCH000075: Missing value for configuration property 'hibernate.search.backend.lucene_version': using LATEST (currently '8.11.2'). Context: default backend
2026-07-22 13:55:47.018  WARN 32570 --- [  restartedMain] o.h.s.e.c.s.ConfigurationPropertyChecker : HSEARCH000568: Invalid configuration passed to Hibernate Search: some properties in the given configuration are not used. There might be misspelled property keys in your configuration. Unused properties: [hibernate.search.indexing.automatic.enabled]. To disable this warning, set the property 'hibernate.search.configuration_property_checking.strategy' to 'ignore'.
2026-07-22 13:55:47.020  INFO 32570 --- [  restartedMain] j.LocalContainerEntityManagerFactoryBean : Initialized JPA EntityManagerFactory for persistence unit 'default'
2026-07-22 13:55:47.596  WARN 32570 --- [  restartedMain] o.h.dialect.function.TemplateRenderer    : HHH000174: Function template anticipated 4 arguments, but 1 arguments encountered
2026-07-22 13:55:47.849  WARN 32570 --- [  restartedMain] c.franco.dev.service.utils.ImageService  : Mac OS X
2026-07-22 13:55:47.898  INFO 32570 --- [  restartedMain] com.zaxxer.hikari.HikariDataSource       : HikariPool-1 - Starting...
2026-07-22 13:55:47.918  INFO 32570 --- [  restartedMain] com.zaxxer.hikari.HikariDataSource       : HikariPool-1 - Start completed.
2026-07-22 13:55:48.110  INFO 32570 --- [  restartedMain] c.f.d.s.p.UsuarioEmbeddingCacheService   : Caché de embeddings faciales: 0 usuarios activos con galería
2026-07-22 13:55:51.631  INFO 32570 --- [  restartedMain] c.franco.dev.fmc.service.FCMInitializer  : Initializing Firebase using config path: file:/opt/frc-backend-central/central/secrets/bodega-franco-frc-18e8c6ef35cf.json
2026-07-22 13:55:51.631 ERROR 32570 --- [  restartedMain] c.franco.dev.fmc.service.FCMInitializer  : Error initializing Firebase: config file not found at file:/opt/frc-backend-central/central/secrets/bodega-franco-frc-18e8c6ef35cf.json
2026-07-22 13:55:55.010  WARN 32570 --- [  restartedMain] o.h.dialect.function.TemplateRenderer    : HHH000174: Function template anticipated 4 arguments, but 1 arguments encountered
2026-07-22 13:55:55.010  WARN 32570 --- [  restartedMain] o.h.dialect.function.TemplateRenderer    : HHH000174: Function template anticipated 4 arguments, but 1 arguments encountered
2026-07-22 13:55:55.010  WARN 32570 --- [  restartedMain] o.h.dialect.function.TemplateRenderer    : HHH000174: Function template anticipated 4 arguments, but 1 arguments encountered
2026-07-22 13:55:55.010  WARN 32570 --- [  restartedMain] o.h.dialect.function.TemplateRenderer    : HHH000174: Function template anticipated 4 arguments, but 1 arguments encountered
2026-07-22 13:56:12.380  WARN 32570 --- [  restartedMain] g.kickstart.tools.SchemaClassScanner     : Cannot find definition for field 'estado: EstadoDE' on input type 'DocumentoElectronicoInput' -> com.franco.dev.graphql.financiero.input.DocumentoElectronicoInput. Try adding it manually to the dictionary
2026-07-22 13:56:12.913  WARN 32570 --- [  restartedMain] g.kickstart.tools.SchemaClassScanner     : Cannot find definition for field 'creadoEn: Date' on input type 'BarrioInput' -> com.franco.dev.graphql.general.input.BarrioInput. Try adding it manually to the dictionary
2026-07-22 13:56:12.930  WARN 32570 --- [  restartedMain] g.kickstart.tools.SchemaClassScanner     : Cannot find definition for field 'creadoEn: Date' on input type 'ContactoInput' -> com.franco.dev.graphql.general.input.ContactoInput. Try adding it manually to the dictionary
2026-07-22 13:56:12.939  WARN 32570 --- [  restartedMain] g.kickstart.tools.SchemaClassScanner     : Cannot find definition for field 'creadoEn: Date' on input type 'PaisInput' -> com.franco.dev.graphql.general.input.PaisInput. Try adding it manually to the dictionary
2026-07-22 13:56:13.484  WARN 32570 --- [  restartedMain] g.kickstart.tools.SchemaClassScanner     : Cannot find definition for field 'estadoVerificacion: EstadoVerificacion' on input type 'RecepcionMercaderiaItemInput' -> com.franco.dev.graphql.operaciones.input.RecepcionMercaderiaItemInput. Try adding it manually to the dictionary
2026-07-22 13:56:13.795  WARN 32570 --- [  restartedMain] g.kickstart.tools.SchemaClassScanner     : Cannot find definition for field 'creadoEn: Date' on input type 'ClienteInput' -> com.franco.dev.graphql.personas.input.ClienteInput. Try adding it manually to the dictionary
2026-07-22 13:56:13.840  WARN 32570 --- [  restartedMain] g.kickstart.tools.SchemaClassScanner     : Cannot find definition for field 'creadoEn: Date' on input type 'ProveedorDiasVisitaInput' -> com.franco.dev.graphql.personas.input.ProveedorDiasVisitaInput. Try adding it manually to the dictionary
2026-07-22 13:56:15.694  WARN 32570 --- [  restartedMain] g.kickstart.tools.SchemaClassScanner     : Schema type was defined but can never be accessed, and can be safely deleted: DateTime
2026-07-22 13:56:15.694  WARN 32570 --- [  restartedMain] g.kickstart.tools.SchemaClassScanner     : Schema type was defined but can never be accessed, and can be safely deleted: NotificacionPush
2026-07-22 13:56:15.694  WARN 32570 --- [  restartedMain] g.kickstart.tools.SchemaClassScanner     : Schema type was defined but can never be accessed, and can be safely deleted: ChequePage
2026-07-22 13:56:15.694  WARN 32570 --- [  restartedMain] g.kickstart.tools.SchemaClassScanner     : Schema type was defined but can never be accessed, and can be safely deleted: ChequeraPage
2026-07-22 13:56:15.694  WARN 32570 --- [  restartedMain] g.kickstart.tools.SchemaClassScanner     : Schema type was defined but can never be accessed, and can be safely deleted: EventoCancelacionDEInput
2026-07-22 13:56:15.694  WARN 32570 --- [  restartedMain] g.kickstart.tools.SchemaClassScanner     : Schema type was defined but can never be accessed, and can be safely deleted: EventoNominacionDEInput
2026-07-22 13:56:15.695  WARN 32570 --- [  restartedMain] g.kickstart.tools.SchemaClassScanner     : Schema type was defined but can never be accessed, and can be safely deleted: EventoInutilizacionDEInput
2026-07-22 13:56:15.695  WARN 32570 --- [  restartedMain] g.kickstart.tools.SchemaClassScanner     : Schema type was defined but can never be accessed, and can be safely deleted: Meses
2026-07-22 13:56:15.695  WARN 32570 --- [  restartedMain] g.kickstart.tools.SchemaClassScanner     : Schema type was defined but can never be accessed, and can be safely deleted: DeliveryUpdate
2026-07-22 13:56:15.695  WARN 32570 --- [  restartedMain] g.kickstart.tools.SchemaClassScanner     : Schema type was defined but can never be accessed, and can be safely deleted: ResumenMovimientoStock
2026-07-22 13:56:15.695  WARN 32570 --- [  restartedMain] g.kickstart.tools.SchemaClassScanner     : Schema type was defined but can never be accessed, and can be safely deleted: PagoDetallePage
2026-07-22 13:56:15.695  WARN 32570 --- [  restartedMain] g.kickstart.tools.SchemaClassScanner     : Schema type was defined but can never be accessed, and can be safely deleted: PagoPage
2026-07-22 13:56:15.695  WARN 32570 --- [  restartedMain] g.kickstart.tools.SchemaClassScanner     : Schema type was defined but can never be accessed, and can be safely deleted: SolicitudPagoMultipleRecepcionesInput
2026-07-22 13:56:15.695  WARN 32570 --- [  restartedMain] g.kickstart.tools.SchemaClassScanner     : Schema type was defined but can never be accessed, and can be safely deleted: SolicitudPagoNotaRecepcionInput
2026-07-22 13:56:15.695  WARN 32570 --- [  restartedMain] g.kickstart.tools.SchemaClassScanner     : Schema type was defined but can never be accessed, and can be safely deleted: PrintData
2026-07-22 13:56:15.695  WARN 32570 --- [  restartedMain] g.kickstart.tools.SchemaClassScanner     : Schema type was defined but can never be accessed, and can be safely deleted: ExistenciaCostoPorSucursal
2026-07-22 13:56:15.695  WARN 32570 --- [  restartedMain] g.kickstart.tools.SchemaClassScanner     : Schema type was defined but can never be accessed, and can be safely deleted: ProductoExistenciaCostos
2026-07-22 13:56:15.695  WARN 32570 --- [  restartedMain] g.kickstart.tools.SchemaClassScanner     : Schema type was defined but can never be accessed, and can be safely deleted: MultiPageInput
2026-07-22 13:56:15.703  WARN 32570 --- [  restartedMain] g.kickstart.tools.SchemaClassScanner     : Root query resolver was provided but no methods on it were used in data fetchers for GraphQL type 'Query'!  Either remove the graphql.kickstart.tools.GraphQLQueryResolver interface from the resolver or remove the resolver entirely: com.franco.dev.graphql.financiero.FacturaLegalItemGraphQL@752c82dd
2026-07-22 13:56:15.703  WARN 32570 --- [  restartedMain] g.kickstart.tools.SchemaClassScanner     : Root query resolver was provided but no methods on it were used in data fetchers for GraphQL type 'Query'!  Either remove the graphql.kickstart.tools.GraphQLQueryResolver interface from the resolver or remove the resolver entirely: com.franco.dev.graphql.operaciones.RecepcionMercaderiaItemVariacionGraphQL@2f07c749
2026-07-22 13:56:15.703  WARN 32570 --- [  restartedMain] g.kickstart.tools.SchemaClassScanner     : Root query resolver was provided but no methods on it were used in data fetchers for GraphQL type 'Query'!  Either remove the graphql.kickstart.tools.GraphQLQueryResolver interface from the resolver or remove the resolver entirely: com.franco.dev.graphql.productos.ProductoExistenciaCostoGraphQL@39ad2d8c
2026-07-22 13:56:15.704  WARN 32570 --- [  restartedMain] g.kickstart.tools.SchemaClassScanner     : Root mutation resolver was provided but no methods on it were used in data fetchers for GraphQL type 'Mutation'!  Either remove the graphql.kickstart.tools.GraphQLMutationResolver interface from the resolver or remove the resolver entirely: com.franco.dev.graphql.financiero.FacturaLegalItemGraphQL@752c82dd
2026-07-22 13:56:15.704  WARN 32570 --- [  restartedMain] g.kickstart.tools.SchemaClassScanner     : Root mutation resolver was provided but no methods on it were used in data fetchers for GraphQL type 'Mutation'!  Either remove the graphql.kickstart.tools.GraphQLMutationResolver interface from the resolver or remove the resolver entirely: com.franco.dev.graphql.print.PrintGraphQL@7d020299
2026-07-22 13:56:15.704  WARN 32570 --- [  restartedMain] g.kickstart.tools.SchemaClassScanner     : Root mutation resolver was provided but no methods on it were used in data fetchers for GraphQL type 'Mutation'!  Either remove the graphql.kickstart.tools.GraphQLMutationResolver interface from the resolver or remove the resolver entirely: com.franco.dev.graphql.productos.ProductoExistenciaCostoGraphQL@39ad2d8c
2026-07-22 13:56:16.902  WARN 32570 --- [  restartedMain] JpaBaseConfiguration$JpaWebConfiguration : spring.jpa.open-in-view is enabled by default. Therefore, database queries may be performed during view rendering. Explicitly configure spring.jpa.open-in-view to disable this warning
2026-07-22 13:56:17.734  INFO 32570 --- [  restartedMain] o.s.b.w.embedded.tomcat.TomcatWebServer  : Tomcat started on port(s): 8081 (http) with context path ''
2026-07-22 13:56:17.743  INFO 32570 --- [  restartedMain] o.s.b.d.a.OptionalLiveReloadServer       : LiveReload server is running on port 35729
2026-07-22 13:56:17.745  INFO 32570 --- [  restartedMain] o.s.m.s.b.SimpleBrokerMessageHandler     : Starting...
2026-07-22 13:56:17.746  INFO 32570 --- [  restartedMain] o.s.m.s.b.SimpleBrokerMessageHandler     : BrokerAvailabilityEvent[available=true, SimpleBrokerMessageHandler [org.springframework.messaging.simp.broker.DefaultSubscriptionRegistry@582159ba]]
2026-07-22 13:56:17.746  INFO 32570 --- [  restartedMain] o.s.m.s.b.SimpleBrokerMessageHandler     : Started.
2026-07-22 13:56:17.778  INFO 32570 --- [  restartedMain] com.franco.dev.FrancoSystemsApplication  : Started FrancoSystemsApplication in 42.576 seconds (JVM running for 43.208)
2026-07-22 13:56:25.115  INFO 32570 --- [0.0-8081-exec-1] o.a.c.c.C.[Tomcat].[localhost].[/]       : Initializing Spring DispatcherServlet 'dispatcherServlet'
2026-07-22 13:56:25.115  INFO 32570 --- [0.0-8081-exec-1] o.s.web.servlet.DispatcherServlet        : Initializing Servlet 'dispatcherServlet'
2026-07-22 13:56:25.506  INFO 32570 --- [0.0-8081-exec-1] o.s.b.a.e.web.EndpointLinksResolver      : Exposing 2 endpoint(s) beneath base path '/actuator'
2026-07-22 13:56:25.670  INFO 32570 --- [0.0-8081-exec-1] o.s.web.servlet.DispatcherServlet        : Completed initialization in 555 ms
2026-07-22 13:56:25.833  INFO 32570 --- [0.0-8081-exec-1] o.s.s.web.DefaultSecurityFilterChain     : Will secure any request with [org.springframework.security.web.session.DisableEncodeUrlFilter@440e6d20, org.springframework.security.web.context.request.async.WebAsyncManagerIntegrationFilter@c900e23, org.springframework.security.web.context.SecurityContextPersistenceFilter@68e79503, org.springframework.security.web.header.HeaderWriterFilter@6b05a72c, org.springframework.web.filter.CorsFilter@668bef50, org.springframework.security.web.authentication.logout.LogoutFilter@5145ab6b, com.franco.dev.security.JwtAuthenticationTokenFilter@2094b25e, org.springframework.security.web.savedrequest.RequestCacheAwareFilter@67e181a8, org.springframework.security.web.servletapi.SecurityContextHolderAwareRequestFilter@73e5c9a6, org.springframework.security.web.authentication.AnonymousAuthenticationFilter@2b028473, org.springframework.security.web.session.SessionManagementFilter@6aa0ccd, org.springframework.security.web.access.ExceptionTranslationFilter@7c360db0, org.springframework.security.web.access.intercept.FilterSecurityInterceptor@181617ff]
Successfully Authentication
Successfully Authentication
Successfully Authentication
Successfully Authentication
Successfully Authentication
Successfully Authentication
Successfully Authentication
Successfully Authentication
Successfully Authentication
Successfully Authentication
Successfully Authentication
Successfully Authentication
Successfully Authentication
Successfully Authentication
Successfully Authentication
Successfully Authentication
Successfully Authentication
Successfully Authentication
Successfully Authentication
Successfully Authentication
Successfully Authentication
Successfully Authentication
Successfully Authentication
Successfully Authentication
Successfully Authentication
Successfully Authentication
2026-07-22 13:57:07.809  INFO 32570 --- [   File Watcher] rtingClassPathChangeChangedEventListener : Restarting due to 2150 class path changes (0 additions, 1678 deletions, 472 modifications)
2026-07-22 13:57:07.813  INFO 32570 --- [       Thread-5] o.s.m.s.b.SimpleBrokerMessageHandler     : Stopping...
2026-07-22 13:57:07.813  INFO 32570 --- [       Thread-5] o.s.m.s.b.SimpleBrokerMessageHandler     : BrokerAvailabilityEvent[available=false, SimpleBrokerMessageHandler [org.springframework.messaging.simp.broker.DefaultSubscriptionRegistry@582159ba]]
2026-07-22 13:57:07.813  INFO 32570 --- [       Thread-5] o.s.m.s.b.SimpleBrokerMessageHandler     : Stopped.
2026-07-22 13:57:07.820  INFO 32570 --- [       Thread-5] o.apache.catalina.core.StandardService   : Stopping service [Tomcat]
2026-07-22 13:57:07.821  INFO 32570 --- [       Thread-5] o.a.c.c.C.[Tomcat].[localhost].[/]       : Destroying Spring FrameworkServlet 'dispatcherServlet'
2026-07-22 13:57:07.824  WARN 32570 --- [       Thread-5] o.a.c.loader.WebappClassLoaderBase       : The web application [ROOT] appears to have started a thread named [Hibernate Search - Engine - Timing thread - 0] but has failed to stop it. This is very likely to create a memory leak. Stack trace of thread:
 java.base@17.0.17/jdk.internal.misc.Unsafe.park(Native Method)
 java.base@17.0.17/java.util.concurrent.locks.LockSupport.parkNanos(LockSupport.java:252)
 java.base@17.0.17/java.util.concurrent.locks.AbstractQueuedSynchronizer$ConditionObject.awaitNanos(AbstractQueuedSynchronizer.java:1679)
 java.base@17.0.17/java.util.concurrent.ScheduledThreadPoolExecutor$DelayedWorkQueue.take(ScheduledThreadPoolExecutor.java:1182)
 java.base@17.0.17/java.util.concurrent.ScheduledThreadPoolExecutor$DelayedWorkQueue.take(ScheduledThreadPoolExecutor.java:899)
 java.base@17.0.17/java.util.concurrent.ThreadPoolExecutor.getTask(ThreadPoolExecutor.java:1062)
 java.base@17.0.17/java.util.concurrent.ThreadPoolExecutor.runWorker(ThreadPoolExecutor.java:1122)
 java.base@17.0.17/java.util.concurrent.ThreadPoolExecutor$Worker.run(ThreadPoolExecutor.java:635)
 java.base@17.0.17/java.lang.Thread.run(Thread.java:840)
2026-07-22 13:57:07.824  WARN 32570 --- [       Thread-5] o.a.c.loader.WebappClassLoaderBase       : The web application [ROOT] appears to have started a thread named [Hibernate Search - default backend - Worker thread - 0] but has failed to stop it. This is very likely to create a memory leak. Stack trace of thread:
 java.base@17.0.17/jdk.internal.misc.Unsafe.park(Native Method)
 java.base@17.0.17/java.util.concurrent.locks.LockSupport.park(LockSupport.java:341)
 java.base@17.0.17/java.util.concurrent.locks.AbstractQueuedSynchronizer$ConditionNode.block(AbstractQueuedSynchronizer.java:506)
 java.base@17.0.17/java.util.concurrent.ForkJoinPool.unmanagedBlock(ForkJoinPool.java:3465)
 java.base@17.0.17/java.util.concurrent.ForkJoinPool.managedBlock(ForkJoinPool.java:3436)
 java.base@17.0.17/java.util.concurrent.locks.AbstractQueuedSynchronizer$ConditionObject.await(AbstractQueuedSynchronizer.java:1630)
 java.base@17.0.17/java.util.concurrent.ScheduledThreadPoolExecutor$DelayedWorkQueue.take(ScheduledThreadPoolExecutor.java:1170)
 java.base@17.0.17/java.util.concurrent.ScheduledThreadPoolExecutor$DelayedWorkQueue.take(ScheduledThreadPoolExecutor.java:899)
 java.base@17.0.17/java.util.concurrent.ThreadPoolExecutor.getTask(ThreadPoolExecutor.java:1062)
 java.base@17.0.17/java.util.concurrent.ThreadPoolExecutor.runWorker(ThreadPoolExecutor.java:1122)
 java.base@17.0.17/java.util.concurrent.ThreadPoolExecutor$Worker.run(ThreadPoolExecutor.java:635)
 java.base@17.0.17/java.lang.Thread.run(Thread.java:840)
2026-07-22 13:57:07.825  WARN 32570 --- [       Thread-5] o.a.c.loader.WebappClassLoaderBase       : The web application [ROOT] appears to have started a thread named [Hibernate Search - default backend - Worker thread - 1] but has failed to stop it. This is very likely to create a memory leak. Stack trace of thread:
 java.base@17.0.17/jdk.internal.misc.Unsafe.park(Native Method)
 java.base@17.0.17/java.util.concurrent.locks.LockSupport.park(LockSupport.java:341)
 java.base@17.0.17/java.util.concurrent.locks.AbstractQueuedSynchronizer$ConditionNode.block(AbstractQueuedSynchronizer.java:506)
 java.base@17.0.17/java.util.concurrent.ForkJoinPool.unmanagedBlock(ForkJoinPool.java:3465)
 java.base@17.0.17/java.util.concurrent.ForkJoinPool.managedBlock(ForkJoinPool.java:3436)
 java.base@17.0.17/java.util.concurrent.locks.AbstractQueuedSynchronizer$ConditionObject.await(AbstractQueuedSynchronizer.java:1630)
 java.base@17.0.17/java.util.concurrent.ScheduledThreadPoolExecutor$DelayedWorkQueue.take(ScheduledThreadPoolExecutor.java:1170)
 java.base@17.0.17/java.util.concurrent.ScheduledThreadPoolExecutor$DelayedWorkQueue.take(ScheduledThreadPoolExecutor.java:899)
 java.base@17.0.17/java.util.concurrent.ThreadPoolExecutor.getTask(ThreadPoolExecutor.java:1062)
 java.base@17.0.17/java.util.concurrent.ThreadPoolExecutor.runWorker(ThreadPoolExecutor.java:1122)
 java.base@17.0.17/java.util.concurrent.ThreadPoolExecutor$Worker.run(ThreadPoolExecutor.java:635)
 java.base@17.0.17/java.lang.Thread.run(Thread.java:840)
2026-07-22 13:57:07.825  WARN 32570 --- [       Thread-5] o.a.c.loader.WebappClassLoaderBase       : The web application [ROOT] appears to have started a thread named [HikariPool-1 housekeeper] but has failed to stop it. This is very likely to create a memory leak. Stack trace of thread:
 java.base@17.0.17/jdk.internal.misc.Unsafe.park(Native Method)
 java.base@17.0.17/java.util.concurrent.locks.LockSupport.parkNanos(LockSupport.java:252)
 java.base@17.0.17/java.util.concurrent.locks.AbstractQueuedSynchronizer$ConditionObject.awaitNanos(AbstractQueuedSynchronizer.java:1679)
 java.base@17.0.17/java.util.concurrent.ScheduledThreadPoolExecutor$DelayedWorkQueue.take(ScheduledThreadPoolExecutor.java:1182)
 java.base@17.0.17/java.util.concurrent.ScheduledThreadPoolExecutor$DelayedWorkQueue.take(ScheduledThreadPoolExecutor.java:899)
 java.base@17.0.17/java.util.concurrent.ThreadPoolExecutor.getTask(ThreadPoolExecutor.java:1062)
 java.base@17.0.17/java.util.concurrent.ThreadPoolExecutor.runWorker(ThreadPoolExecutor.java:1122)
 java.base@17.0.17/java.util.concurrent.ThreadPoolExecutor$Worker.run(ThreadPoolExecutor.java:635)
 java.base@17.0.17/java.lang.Thread.run(Thread.java:840)
2026-07-22 13:57:07.825  WARN 32570 --- [       Thread-5] o.a.c.loader.WebappClassLoaderBase       : The web application [ROOT] appears to have started a thread named [pool-1-thread-1] but has failed to stop it. This is very likely to create a memory leak. Stack trace of thread:
 java.base@17.0.17/jdk.internal.misc.Unsafe.park(Native Method)
 java.base@17.0.17/java.util.concurrent.locks.LockSupport.parkNanos(LockSupport.java:252)
 java.base@17.0.17/java.util.concurrent.locks.AbstractQueuedSynchronizer$ConditionObject.awaitNanos(AbstractQueuedSynchronizer.java:1679)
 java.base@17.0.17/java.util.concurrent.ScheduledThreadPoolExecutor$DelayedWorkQueue.take(ScheduledThreadPoolExecutor.java:1182)
 java.base@17.0.17/java.util.concurrent.ScheduledThreadPoolExecutor$DelayedWorkQueue.take(ScheduledThreadPoolExecutor.java:899)
 java.base@17.0.17/java.util.concurrent.ThreadPoolExecutor.getTask(ThreadPoolExecutor.java:1062)
 java.base@17.0.17/java.util.concurrent.ThreadPoolExecutor.runWorker(ThreadPoolExecutor.java:1122)
 java.base@17.0.17/java.util.concurrent.ThreadPoolExecutor$Worker.run(ThreadPoolExecutor.java:635)
 java.base@17.0.17/java.lang.Thread.run(Thread.java:840)
2026-07-22 13:57:07.825  WARN 32570 --- [       Thread-5] o.a.c.loader.WebappClassLoaderBase       : The web application [ROOT] appears to have started a thread named [pool-1-thread-2] but has failed to stop it. This is very likely to create a memory leak. Stack trace of thread:
 java.base@17.0.17/jdk.internal.misc.Unsafe.park(Native Method)
 java.base@17.0.17/java.util.concurrent.locks.LockSupport.park(LockSupport.java:341)
 java.base@17.0.17/java.util.concurrent.locks.AbstractQueuedSynchronizer$ConditionNode.block(AbstractQueuedSynchronizer.java:506)
 java.base@17.0.17/java.util.concurrent.ForkJoinPool.unmanagedBlock(ForkJoinPool.java:3465)
 java.base@17.0.17/java.util.concurrent.ForkJoinPool.managedBlock(ForkJoinPool.java:3436)
 java.base@17.0.17/java.util.concurrent.locks.AbstractQueuedSynchronizer$ConditionObject.await(AbstractQueuedSynchronizer.java:1630)
 java.base@17.0.17/java.util.concurrent.ScheduledThreadPoolExecutor$DelayedWorkQueue.take(ScheduledThreadPoolExecutor.java:1177)
 java.base@17.0.17/java.util.concurrent.ScheduledThreadPoolExecutor$DelayedWorkQueue.take(ScheduledThreadPoolExecutor.java:899)
 java.base@17.0.17/java.util.concurrent.ThreadPoolExecutor.getTask(ThreadPoolExecutor.java:1062)
 java.base@17.0.17/java.util.concurrent.ThreadPoolExecutor.runWorker(ThreadPoolExecutor.java:1122)
 java.base@17.0.17/java.util.concurrent.ThreadPoolExecutor$Worker.run(ThreadPoolExecutor.java:635)
 java.base@17.0.17/java.lang.Thread.run(Thread.java:840)
2026-07-22 13:57:07.826  WARN 32570 --- [       Thread-5] o.a.c.loader.WebappClassLoaderBase       : The web application [ROOT] appears to have started a thread named [pool-1-thread-3] but has failed to stop it. This is very likely to create a memory leak. Stack trace of thread:
 java.base@17.0.17/jdk.internal.misc.Unsafe.park(Native Method)
 java.base@17.0.17/java.util.concurrent.locks.LockSupport.park(LockSupport.java:341)
 java.base@17.0.17/java.util.concurrent.locks.AbstractQueuedSynchronizer$ConditionNode.block(AbstractQueuedSynchronizer.java:506)
 java.base@17.0.17/java.util.concurrent.ForkJoinPool.unmanagedBlock(ForkJoinPool.java:3465)
 java.base@17.0.17/java.util.concurrent.ForkJoinPool.managedBlock(ForkJoinPool.java:3436)
 java.base@17.0.17/java.util.concurrent.locks.AbstractQueuedSynchronizer$ConditionObject.await(AbstractQueuedSynchronizer.java:1630)
 java.base@17.0.17/java.util.concurrent.ScheduledThreadPoolExecutor$DelayedWorkQueue.take(ScheduledThreadPoolExecutor.java:1177)
 java.base@17.0.17/java.util.concurrent.ScheduledThreadPoolExecutor$DelayedWorkQueue.take(ScheduledThreadPoolExecutor.java:899)
 java.base@17.0.17/java.util.concurrent.ThreadPoolExecutor.getTask(ThreadPoolExecutor.java:1062)
 java.base@17.0.17/java.util.concurrent.ThreadPoolExecutor.runWorker(ThreadPoolExecutor.java:1122)
 java.base@17.0.17/java.util.concurrent.ThreadPoolExecutor$Worker.run(ThreadPoolExecutor.java:635)
 java.base@17.0.17/java.lang.Thread.run(Thread.java:840)
2026-07-22 13:57:07.826  WARN 32570 --- [       Thread-5] o.a.c.loader.WebappClassLoaderBase       : The web application [ROOT] appears to have started a thread named [pool-1-thread-4] but has failed to stop it. This is very likely to create a memory leak. Stack trace of thread:
 java.base@17.0.17/jdk.internal.misc.Unsafe.park(Native Method)
 java.base@17.0.17/java.util.concurrent.locks.LockSupport.park(LockSupport.java:341)
 java.base@17.0.17/java.util.concurrent.locks.AbstractQueuedSynchronizer$ConditionNode.block(AbstractQueuedSynchronizer.java:506)
 java.base@17.0.17/java.util.concurrent.ForkJoinPool.unmanagedBlock(ForkJoinPool.java:3465)
 java.base@17.0.17/java.util.concurrent.ForkJoinPool.managedBlock(ForkJoinPool.java:3436)
 java.base@17.0.17/java.util.concurrent.locks.AbstractQueuedSynchronizer$ConditionObject.await(AbstractQueuedSynchronizer.java:1630)
 java.base@17.0.17/java.util.concurrent.ScheduledThreadPoolExecutor$DelayedWorkQueue.take(ScheduledThreadPoolExecutor.java:1177)
 java.base@17.0.17/java.util.concurrent.ScheduledThreadPoolExecutor$DelayedWorkQueue.take(ScheduledThreadPoolExecutor.java:899)
 java.base@17.0.17/java.util.concurrent.ThreadPoolExecutor.getTask(ThreadPoolExecutor.java:1062)
 java.base@17.0.17/java.util.concurrent.ThreadPoolExecutor.runWorker(ThreadPoolExecutor.java:1122)
 java.base@17.0.17/java.util.concurrent.ThreadPoolExecutor$Worker.run(ThreadPoolExecutor.java:635)
 java.base@17.0.17/java.lang.Thread.run(Thread.java:840)
2026-07-22 13:57:08.204  INFO 32570 --- [       Thread-5] j.LocalContainerEntityManagerFactoryBean : Closing JPA EntityManagerFactory for persistence unit 'default'
2026-07-22 13:57:08.218  INFO 32570 --- [       Thread-5] com.zaxxer.hikari.HikariDataSource       : HikariPool-1 - Shutdown initiated...
2026-07-22 13:57:08.228  INFO 32570 --- [       Thread-5] com.zaxxer.hikari.HikariDataSource       : HikariPool-1 - Shutdown completed.
Iniciando sistema
2026-07-22 13:57:08.553 ERROR 32570 --- [  restartedMain] o.s.boot.SpringApplication               : Application run failed

java.lang.IllegalArgumentException: Unable to instantiate com.franco.dev.config.UserDevPropertiesEnvironmentPostProcessor [org.springframework.boot.env.EnvironmentPostProcessor]
	at org.springframework.boot.util.Instantiator.lambda$static$0(Instantiator.java:53) ~[spring-boot-2.7.18.jar:2.7.18]
	at org.springframework.boot.util.Instantiator.instantiate(Instantiator.java:153) ~[spring-boot-2.7.18.jar:2.7.18]
	at java.base/java.util.stream.ReferencePipeline$3$1.accept(ReferencePipeline.java:197) ~[na:na]
	at java.base/java.util.stream.ReferencePipeline$3$1.accept(ReferencePipeline.java:197) ~[na:na]
	at java.base/java.util.ArrayList$ArrayListSpliterator.forEachRemaining(ArrayList.java:1625) ~[na:na]
	at java.base/java.util.stream.AbstractPipeline.copyInto(AbstractPipeline.java:509) ~[na:na]
	at java.base/java.util.stream.AbstractPipeline.wrapAndCopyInto(AbstractPipeline.java:499) ~[na:na]
	at java.base/java.util.stream.ReduceOps$ReduceOp.evaluateSequential(ReduceOps.java:921) ~[na:na]
	at java.base/java.util.stream.AbstractPipeline.evaluate(AbstractPipeline.java:234) ~[na:na]
	at java.base/java.util.stream.ReferencePipeline.collect(ReferencePipeline.java:682) ~[na:na]
	at org.springframework.boot.util.Instantiator.instantiate(Instantiator.java:141) ~[spring-boot-2.7.18.jar:2.7.18]
	at org.springframework.boot.util.Instantiator.instantiate(Instantiator.java:126) ~[spring-boot-2.7.18.jar:2.7.18]
	at org.springframework.boot.env.ReflectionEnvironmentPostProcessorsFactory.getEnvironmentPostProcessors(ReflectionEnvironmentPostProcessorsFactory.java:72) ~[spring-boot-2.7.18.jar:2.7.18]
	at org.springframework.boot.env.EnvironmentPostProcessorApplicationListener.getEnvironmentPostProcessors(EnvironmentPostProcessorApplicationListener.java:122) ~[spring-boot-2.7.18.jar:2.7.18]
	at org.springframework.boot.env.EnvironmentPostProcessorApplicationListener.onApplicationEnvironmentPreparedEvent(EnvironmentPostProcessorApplicationListener.java:100) ~[spring-boot-2.7.18.jar:2.7.18]
	at org.springframework.boot.env.EnvironmentPostProcessorApplicationListener.onApplicationEvent(EnvironmentPostProcessorApplicationListener.java:87) ~[spring-boot-2.7.18.jar:2.7.18]
	at org.springframework.context.event.SimpleApplicationEventMulticaster.doInvokeListener(SimpleApplicationEventMulticaster.java:178) ~[spring-context-5.3.31.jar:5.3.31]
	at org.springframework.context.event.SimpleApplicationEventMulticaster.invokeListener(SimpleApplicationEventMulticaster.java:171) ~[spring-context-5.3.31.jar:5.3.31]
	at org.springframework.context.event.SimpleApplicationEventMulticaster.multicastEvent(SimpleApplicationEventMulticaster.java:145) ~[spring-context-5.3.31.jar:5.3.31]
	at org.springframework.context.event.SimpleApplicationEventMulticaster.multicastEvent(SimpleApplicationEventMulticaster.java:133) ~[spring-context-5.3.31.jar:5.3.31]
	at org.springframework.boot.context.event.EventPublishingRunListener.environmentPrepared(EventPublishingRunListener.java:85) ~[spring-boot-2.7.18.jar:2.7.18]
	at org.springframework.boot.SpringApplicationRunListeners.lambda$environmentPrepared$2(SpringApplicationRunListeners.java:66) ~[spring-boot-2.7.18.jar:2.7.18]
	at java.base/java.util.ArrayList.forEach(ArrayList.java:1511) ~[na:na]
	at org.springframework.boot.SpringApplicationRunListeners.doWithListeners(SpringApplicationRunListeners.java:120) ~[spring-boot-2.7.18.jar:2.7.18]
	at org.springframework.boot.SpringApplicationRunListeners.doWithListeners(SpringApplicationRunListeners.java:114) ~[spring-boot-2.7.18.jar:2.7.18]
	at org.springframework.boot.SpringApplicationRunListeners.environmentPrepared(SpringApplicationRunListeners.java:65) ~[spring-boot-2.7.18.jar:2.7.18]
	at org.springframework.boot.SpringApplication.prepareEnvironment(SpringApplication.java:344) ~[spring-boot-2.7.18.jar:2.7.18]
	at org.springframework.boot.SpringApplication.run(SpringApplication.java:302) ~[spring-boot-2.7.18.jar:2.7.18]
	at org.springframework.boot.SpringApplication.run(SpringApplication.java:1300) ~[spring-boot-2.7.18.jar:2.7.18]
	at org.springframework.boot.SpringApplication.run(SpringApplication.java:1289) ~[spring-boot-2.7.18.jar:2.7.18]
	at com.franco.dev.FrancoSystemsApplication.main(FrancoSystemsApplication.java:45) ~[classes/:na]
	at java.base/jdk.internal.reflect.NativeMethodAccessorImpl.invoke0(Native Method) ~[na:na]
	at java.base/jdk.internal.reflect.NativeMethodAccessorImpl.invoke(NativeMethodAccessorImpl.java:77) ~[na:na]
	at java.base/jdk.internal.reflect.DelegatingMethodAccessorImpl.invoke(DelegatingMethodAccessorImpl.java:43) ~[na:na]
	at java.base/java.lang.reflect.Method.invoke(Method.java:569) ~[na:na]
	at org.springframework.boot.devtools.restart.RestartLauncher.run(RestartLauncher.java:50) ~[spring-boot-devtools-2.7.18.jar:2.7.18]
Caused by: java.lang.ClassNotFoundException: com.franco.dev.config.UserDevPropertiesEnvironmentPostProcessor
	at java.base/jdk.internal.loader.BuiltinClassLoader.loadClass(BuiltinClassLoader.java:641) ~[na:na]
	at java.base/jdk.internal.loader.ClassLoaders$AppClassLoader.loadClass(ClassLoaders.java:188) ~[na:na]
	at java.base/java.lang.ClassLoader.loadClass(ClassLoader.java:525) ~[na:na]
	at java.base/java.lang.Class.forName0(Native Method) ~[na:na]
	at java.base/java.lang.Class.forName(Class.java:469) ~[na:na]
	at org.springframework.boot.devtools.restart.classloader.RestartClassLoader.loadClass(RestartClassLoader.java:145) ~[spring-boot-devtools-2.7.18.jar:2.7.18]
	at java.base/java.lang.ClassLoader.loadClass(ClassLoader.java:525) ~[na:na]
	at java.base/java.lang.Class.forName0(Native Method) ~[na:na]
	at java.base/java.lang.Class.forName(Class.java:469) ~[na:na]
	at org.springframework.util.ClassUtils.forName(ClassUtils.java:291) ~[spring-core-5.3.31.jar:5.3.31]
	at org.springframework.boot.util.Instantiator$TypeSupplier$1.get(Instantiator.java:233) ~[spring-boot-2.7.18.jar:2.7.18]
	at org.springframework.boot.util.Instantiator.instantiate(Instantiator.java:148) ~[spring-boot-2.7.18.jar:2.7.18]
	... 34 common frames omitted

Iniciando sistema
2026-07-22 13:57:33.763 ERROR 32570 --- [  restartedMain] o.s.boot.SpringApplication               : Application run failed

java.lang.IllegalArgumentException: Unable to instantiate com.franco.dev.config.UserDevPropertiesEnvironmentPostProcessor [org.springframework.boot.env.EnvironmentPostProcessor]
	at org.springframework.boot.util.Instantiator.lambda$static$0(Instantiator.java:53) ~[spring-boot-2.7.18.jar:2.7.18]
	at org.springframework.boot.util.Instantiator.instantiate(Instantiator.java:153) ~[spring-boot-2.7.18.jar:2.7.18]
	at java.base/java.util.stream.ReferencePipeline$3$1.accept(ReferencePipeline.java:197) ~[na:na]
	at java.base/java.util.stream.ReferencePipeline$3$1.accept(ReferencePipeline.java:197) ~[na:na]
	at java.base/java.util.ArrayList$ArrayListSpliterator.forEachRemaining(ArrayList.java:1625) ~[na:na]
	at java.base/java.util.stream.AbstractPipeline.copyInto(AbstractPipeline.java:509) ~[na:na]
	at java.base/java.util.stream.AbstractPipeline.wrapAndCopyInto(AbstractPipeline.java:499) ~[na:na]
	at java.base/java.util.stream.ReduceOps$ReduceOp.evaluateSequential(ReduceOps.java:921) ~[na:na]
	at java.base/java.util.stream.AbstractPipeline.evaluate(AbstractPipeline.java:234) ~[na:na]
	at java.base/java.util.stream.ReferencePipeline.collect(ReferencePipeline.java:682) ~[na:na]
	at org.springframework.boot.util.Instantiator.instantiate(Instantiator.java:141) ~[spring-boot-2.7.18.jar:2.7.18]
	at org.springframework.boot.util.Instantiator.instantiate(Instantiator.java:126) ~[spring-boot-2.7.18.jar:2.7.18]
	at org.springframework.boot.env.ReflectionEnvironmentPostProcessorsFactory.getEnvironmentPostProcessors(ReflectionEnvironmentPostProcessorsFactory.java:72) ~[spring-boot-2.7.18.jar:2.7.18]
	at org.springframework.boot.env.EnvironmentPostProcessorApplicationListener.getEnvironmentPostProcessors(EnvironmentPostProcessorApplicationListener.java:122) ~[spring-boot-2.7.18.jar:2.7.18]
	at org.springframework.boot.env.EnvironmentPostProcessorApplicationListener.onApplicationEnvironmentPreparedEvent(EnvironmentPostProcessorApplicationListener.java:100) ~[spring-boot-2.7.18.jar:2.7.18]
	at org.springframework.boot.env.EnvironmentPostProcessorApplicationListener.onApplicationEvent(EnvironmentPostProcessorApplicationListener.java:87) ~[spring-boot-2.7.18.jar:2.7.18]
	at org.springframework.context.event.SimpleApplicationEventMulticaster.doInvokeListener(SimpleApplicationEventMulticaster.java:178) ~[spring-context-5.3.31.jar:5.3.31]
	at org.springframework.context.event.SimpleApplicationEventMulticaster.invokeListener(SimpleApplicationEventMulticaster.java:171) ~[spring-context-5.3.31.jar:5.3.31]
	at org.springframework.context.event.SimpleApplicationEventMulticaster.multicastEvent(SimpleApplicationEventMulticaster.java:145) ~[spring-context-5.3.31.jar:5.3.31]
	at org.springframework.context.event.SimpleApplicationEventMulticaster.multicastEvent(SimpleApplicationEventMulticaster.java:133) ~[spring-context-5.3.31.jar:5.3.31]
	at org.springframework.boot.context.event.EventPublishingRunListener.environmentPrepared(EventPublishingRunListener.java:85) ~[spring-boot-2.7.18.jar:2.7.18]
	at org.springframework.boot.SpringApplicationRunListeners.lambda$environmentPrepared$2(SpringApplicationRunListeners.java:66) ~[spring-boot-2.7.18.jar:2.7.18]
	at java.base/java.util.ArrayList.forEach(ArrayList.java:1511) ~[na:na]
	at org.springframework.boot.SpringApplicationRunListeners.doWithListeners(SpringApplicationRunListeners.java:120) ~[spring-boot-2.7.18.jar:2.7.18]
	at org.springframework.boot.SpringApplicationRunListeners.doWithListeners(SpringApplicationRunListeners.java:114) ~[spring-boot-2.7.18.jar:2.7.18]
	at org.springframework.boot.SpringApplicationRunListeners.environmentPrepared(SpringApplicationRunListeners.java:65) ~[spring-boot-2.7.18.jar:2.7.18]
	at org.springframework.boot.SpringApplication.prepareEnvironment(SpringApplication.java:344) ~[spring-boot-2.7.18.jar:2.7.18]
	at org.springframework.boot.SpringApplication.run(SpringApplication.java:302) ~[spring-boot-2.7.18.jar:2.7.18]
	at org.springframework.boot.SpringApplication.run(SpringApplication.java:1300) ~[spring-boot-2.7.18.jar:2.7.18]
	at org.springframework.boot.SpringApplication.run(SpringApplication.java:1289) ~[spring-boot-2.7.18.jar:2.7.18]
	at com.franco.dev.FrancoSystemsApplication.main(FrancoSystemsApplication.java:45) ~[classes/:na]
	at java.base/jdk.internal.reflect.NativeMethodAccessorImpl.invoke0(Native Method) ~[na:na]
	at java.base/jdk.internal.reflect.NativeMethodAccessorImpl.invoke(NativeMethodAccessorImpl.java:77) ~[na:na]
	at java.base/jdk.internal.reflect.DelegatingMethodAccessorImpl.invoke(DelegatingMethodAccessorImpl.java:43) ~[na:na]
	at java.base/java.lang.reflect.Method.invoke(Method.java:569) ~[na:na]
	at org.springframework.boot.devtools.restart.RestartLauncher.run(RestartLauncher.java:50) ~[spring-boot-devtools-2.7.18.jar:2.7.18]
Caused by: java.lang.ClassNotFoundException: com.franco.dev.config.UserDevPropertiesEnvironmentPostProcessor
	at java.base/jdk.internal.loader.BuiltinClassLoader.loadClass(BuiltinClassLoader.java:641) ~[na:na]
	at java.base/jdk.internal.loader.ClassLoaders$AppClassLoader.loadClass(ClassLoaders.java:188) ~[na:na]
	at java.base/java.lang.ClassLoader.loadClass(ClassLoader.java:525) ~[na:na]
	at java.base/java.lang.Class.forName0(Native Method) ~[na:na]
	at java.base/java.lang.Class.forName(Class.java:469) ~[na:na]
	at org.springframework.boot.devtools.restart.classloader.RestartClassLoader.loadClass(RestartClassLoader.java:145) ~[spring-boot-devtools-2.7.18.jar:2.7.18]
	at java.base/java.lang.ClassLoader.loadClass(ClassLoader.java:525) ~[na:na]
	at java.base/java.lang.Class.forName0(Native Method) ~[na:na]
	at java.base/java.lang.Class.forName(Class.java:469) ~[na:na]
	at org.springframework.util.ClassUtils.forName(ClassUtils.java:291) ~[spring-core-5.3.31.jar:5.3.31]
	at org.springframework.boot.util.Instantiator$TypeSupplier$1.get(Instantiator.java:233) ~[spring-boot-2.7.18.jar:2.7.18]
	at org.springframework.boot.util.Instantiator.instantiate(Instantiator.java:148) ~[spring-boot-2.7.18.jar:2.7.18]
	... 34 common frames omitted

Iniciando sistema

  .   ____          _            __ _ _
 /\\ / ___'_ __ _ _(_)_ __  __ _ \ \ \ \
( ( )\___ | '_ | '_| | '_ \/ _` | \ \ \ \
 \\/  ___)| |_)| | | | | || (_| |  ) ) ) )
  '  |____| .__|_| |_|_| |_\__, | / / / /
 =========|_|==============|___/=/_/_/_/
 :: Spring Boot ::               (v2.7.18)

2026-07-22 13:57:47.712  INFO 32570 --- [  restartedMain] com.franco.dev.FrancoSystemsApplication  : Starting FrancoSystemsApplication using Java 17.0.17 on IMACs-iMac.local with PID 32570 (/Users/gabfranck/workspace/frc-sistemas-informaticos/frc-comercial/central/target/classes started by gabfranck in /Users/gabfranck/workspace/frc-sistemas-informaticos/frc-comercial/central)
2026-07-22 13:57:47.712  INFO 32570 --- [  restartedMain] com.franco.dev.FrancoSystemsApplication  : The following 1 profile is active: "dev"
2026-07-22 13:57:48.500  INFO 32570 --- [  restartedMain] .s.d.r.c.RepositoryConfigurationDelegate : Bootstrapping Spring Data JPA repositories in DEFAULT mode.
2026-07-22 13:57:49.026  INFO 32570 --- [  restartedMain] .s.d.r.c.RepositoryConfigurationDelegate : Finished Spring Data repository scanning in 525 ms. Found 221 JPA repository interfaces.
2026-07-22 13:57:49.605  INFO 32570 --- [  restartedMain] o.s.b.w.embedded.tomcat.TomcatWebServer  : Tomcat initialized with port(s): 8081 (http)
2026-07-22 13:57:49.606  INFO 32570 --- [  restartedMain] o.apache.catalina.core.StandardService   : Starting service [Tomcat]
2026-07-22 13:57:49.606  INFO 32570 --- [  restartedMain] org.apache.catalina.core.StandardEngine  : Starting Servlet engine: [Apache Tomcat/9.0.83]
2026-07-22 13:57:49.634  INFO 32570 --- [  restartedMain] o.a.c.c.C.[Tomcat].[localhost].[/]       : Initializing Spring embedded WebApplicationContext
2026-07-22 13:57:49.634  INFO 32570 --- [  restartedMain] w.s.c.ServletWebServerApplicationContext : Root WebApplicationContext: initialization completed in 1919 ms
2026-07-22 13:57:49.852  INFO 32570 --- [  restartedMain] c.f.d.c.RetryableDatabasePostProcessor   : -----> configuring a retryable datasource for beanName = dataSource
2026-07-22 13:57:49.875  INFO 32570 --- [  restartedMain] c.f.dev.config.multitenant.FlywayConfig  : Scanning for duplicate migrations in: target/classes/db/migration
2026-07-22 13:57:49.881  INFO 32570 --- [  restartedMain] c.f.dev.config.multitenant.FlywayConfig  : Duplicate migration cleanup complete
2026-07-22 13:57:49.889  INFO 32570 --- [  restartedMain] o.f.c.internal.license.VersionPrinter    : Flyway Community Edition 8.5.13 by Redgate
2026-07-22 13:57:49.889  INFO 32570 --- [  restartedMain] o.f.c.internal.license.VersionPrinter    : See what's new here: https://flywaydb.org/documentation/learnmore/releaseNotes#8.5.13
2026-07-22 13:57:49.889  INFO 32570 --- [  restartedMain] o.f.c.internal.license.VersionPrinter    : 
2026-07-22 13:57:49.900  INFO 32570 --- [  restartedMain] o.f.c.i.resource.ResourceNameValidator   : 1 SQL migrations were detected but not run because they did not follow the filename convention.
2026-07-22 13:57:49.900  INFO 32570 --- [  restartedMain] o.f.c.i.resource.ResourceNameValidator   : If this is in error, enable debug logging or 'validateMigrationNaming' to fail fast and see a list of the invalid file names.
2026-07-22 13:57:49.911  INFO 32570 --- [  restartedMain] o.f.c.i.database.base.BaseDatabaseType   : Database: jdbc:postgresql://localhost:5551/bodega_producto_devoluciones (PostgreSQL 16.4)
2026-07-22 13:57:49.916  WARN 32570 --- [  restartedMain] o.f.c.internal.database.base.Database    : Flyway upgrade recommended: PostgreSQL 16.4 is newer than this version of Flyway and support has not been tested. The latest supported version of PostgreSQL is 14.
2026-07-22 13:57:49.927  INFO 32570 --- [  restartedMain] o.f.c.i.s.JdbcTableSchemaHistory         : Repair of failed migration in Schema History table "public"."flyway_schema_history" not necessary. No failed migration detected.
2026-07-22 13:57:50.052  INFO 32570 --- [  restartedMain] o.f.core.internal.command.DbRepair       : Successfully repaired schema history table "public"."flyway_schema_history" (execution time 00:00.134s).
2026-07-22 13:57:50.053  INFO 32570 --- [  restartedMain] o.f.c.internal.license.VersionPrinter    : Flyway Community Edition 8.5.13 by Redgate
2026-07-22 13:57:50.053  INFO 32570 --- [  restartedMain] o.f.c.internal.license.VersionPrinter    : See what's new here: https://flywaydb.org/documentation/learnmore/releaseNotes#8.5.13
2026-07-22 13:57:50.053  INFO 32570 --- [  restartedMain] o.f.c.internal.license.VersionPrinter    : 
2026-07-22 13:57:50.056  INFO 32570 --- [  restartedMain] o.f.c.i.resource.ResourceNameValidator   : 1 SQL migrations were detected but not run because they did not follow the filename convention.
2026-07-22 13:57:50.056  INFO 32570 --- [  restartedMain] o.f.c.i.resource.ResourceNameValidator   : If this is in error, enable debug logging or 'validateMigrationNaming' to fail fast and see a list of the invalid file names.
2026-07-22 13:57:50.064  WARN 32570 --- [  restartedMain] o.f.c.internal.database.base.Database    : Flyway upgrade recommended: PostgreSQL 16.4 is newer than this version of Flyway and support has not been tested. The latest supported version of PostgreSQL is 14.
2026-07-22 13:57:50.141  INFO 32570 --- [  restartedMain] o.f.core.internal.command.DbMigrate      : Current version of schema "public": 166.0
2026-07-22 13:57:50.141  WARN 32570 --- [  restartedMain] o.f.core.internal.command.DbMigrate      : outOfOrder mode is active. Migration of schema "public" may not be reproducible.
2026-07-22 13:57:50.141  INFO 32570 --- [  restartedMain] o.f.core.internal.command.DbMigrate      : Schema "public" is up to date. No migration necessary.
2026-07-22 13:57:50.254  INFO 32570 --- [  restartedMain] o.hibernate.jpa.internal.util.LogHelper  : HHH000204: Processing PersistenceUnitInfo [name: default]
2026-07-22 13:57:50.272  INFO 32570 --- [  restartedMain] org.hibernate.dialect.Dialect            : HHH000400: Using dialect: org.hibernate.dialect.PostgreSQLDialect
2026-07-22 13:57:50.539  INFO 32570 --- [  restartedMain] b.i.HibernateSearchPreIntegrationService : HSEARCH000034: Hibernate Search version 6.2.5.Final
2026-07-22 13:57:52.231  INFO 32570 --- [  restartedMain] o.h.e.t.j.p.i.JtaPlatformInitiator       : HHH000490: Using JtaPlatform implementation: [org.hibernate.engine.transaction.jta.platform.internal.NoJtaPlatform]
2026-07-22 13:57:52.802  WARN 32570 --- [  restartedMain] o.h.s.b.l.impl.LuceneBackendFactory      : HSEARCH000075: Missing value for configuration property 'hibernate.search.backend.lucene_version': using LATEST (currently '8.11.2'). Context: default backend
2026-07-22 13:57:52.814  WARN 32570 --- [  restartedMain] o.h.s.e.c.s.ConfigurationPropertyChecker : HSEARCH000568: Invalid configuration passed to Hibernate Search: some properties in the given configuration are not used. There might be misspelled property keys in your configuration. Unused properties: [hibernate.search.indexing.automatic.enabled]. To disable this warning, set the property 'hibernate.search.configuration_property_checking.strategy' to 'ignore'.
2026-07-22 13:57:52.814  INFO 32570 --- [  restartedMain] j.LocalContainerEntityManagerFactoryBean : Initialized JPA EntityManagerFactory for persistence unit 'default'
2026-07-22 13:57:53.172  WARN 32570 --- [  restartedMain] o.h.dialect.function.TemplateRenderer    : HHH000174: Function template anticipated 4 arguments, but 1 arguments encountered
2026-07-22 13:57:53.367  WARN 32570 --- [  restartedMain] c.franco.dev.service.utils.ImageService  : Mac OS X
2026-07-22 13:57:53.387  INFO 32570 --- [  restartedMain] com.zaxxer.hikari.HikariDataSource       : HikariPool-2 - Starting...
2026-07-22 13:57:53.394  INFO 32570 --- [  restartedMain] com.zaxxer.hikari.HikariDataSource       : HikariPool-2 - Start completed.
2026-07-22 13:57:53.447  INFO 32570 --- [  restartedMain] c.f.d.s.p.UsuarioEmbeddingCacheService   : Caché de embeddings faciales: 0 usuarios activos con galería
2026-07-22 13:57:56.902  INFO 32570 --- [  restartedMain] c.franco.dev.fmc.service.FCMInitializer  : Initializing Firebase using config path: file:/opt/frc-backend-central/central/secrets/bodega-franco-frc-18e8c6ef35cf.json
2026-07-22 13:57:56.902 ERROR 32570 --- [  restartedMain] c.franco.dev.fmc.service.FCMInitializer  : Error initializing Firebase: config file not found at file:/opt/frc-backend-central/central/secrets/bodega-franco-frc-18e8c6ef35cf.json
2026-07-22 13:58:00.092  WARN 32570 --- [  restartedMain] o.h.dialect.function.TemplateRenderer    : HHH000174: Function template anticipated 4 arguments, but 1 arguments encountered
2026-07-22 13:58:00.092  WARN 32570 --- [  restartedMain] o.h.dialect.function.TemplateRenderer    : HHH000174: Function template anticipated 4 arguments, but 1 arguments encountered
2026-07-22 13:58:00.092  WARN 32570 --- [  restartedMain] o.h.dialect.function.TemplateRenderer    : HHH000174: Function template anticipated 4 arguments, but 1 arguments encountered
2026-07-22 13:58:00.092  WARN 32570 --- [  restartedMain] o.h.dialect.function.TemplateRenderer    : HHH000174: Function template anticipated 4 arguments, but 1 arguments encountered
2026-07-22 13:58:18.100  WARN 32570 --- [  restartedMain] g.kickstart.tools.SchemaClassScanner     : Cannot find definition for field 'estado: EstadoDE' on input type 'DocumentoElectronicoInput' -> com.franco.dev.graphql.financiero.input.DocumentoElectronicoInput. Try adding it manually to the dictionary
2026-07-22 13:58:18.465  WARN 32570 --- [  restartedMain] g.kickstart.tools.SchemaClassScanner     : Cannot find definition for field 'creadoEn: Date' on input type 'BarrioInput' -> com.franco.dev.graphql.general.input.BarrioInput. Try adding it manually to the dictionary
2026-07-22 13:58:18.481  WARN 32570 --- [  restartedMain] g.kickstart.tools.SchemaClassScanner     : Cannot find definition for field 'creadoEn: Date' on input type 'ContactoInput' -> com.franco.dev.graphql.general.input.ContactoInput. Try adding it manually to the dictionary
2026-07-22 13:58:18.490  WARN 32570 --- [  restartedMain] g.kickstart.tools.SchemaClassScanner     : Cannot find definition for field 'creadoEn: Date' on input type 'PaisInput' -> com.franco.dev.graphql.general.input.PaisInput. Try adding it manually to the dictionary
2026-07-22 13:58:19.019  WARN 32570 --- [  restartedMain] g.kickstart.tools.SchemaClassScanner     : Cannot find definition for field 'estadoVerificacion: EstadoVerificacion' on input type 'RecepcionMercaderiaItemInput' -> com.franco.dev.graphql.operaciones.input.RecepcionMercaderiaItemInput. Try adding it manually to the dictionary
2026-07-22 13:58:19.334  WARN 32570 --- [  restartedMain] g.kickstart.tools.SchemaClassScanner     : Cannot find definition for field 'creadoEn: Date' on input type 'ClienteInput' -> com.franco.dev.graphql.personas.input.ClienteInput. Try adding it manually to the dictionary
2026-07-22 13:58:19.385  WARN 32570 --- [  restartedMain] g.kickstart.tools.SchemaClassScanner     : Cannot find definition for field 'creadoEn: Date' on input type 'ProveedorDiasVisitaInput' -> com.franco.dev.graphql.personas.input.ProveedorDiasVisitaInput. Try adding it manually to the dictionary
2026-07-22 13:58:20.923  WARN 32570 --- [  restartedMain] g.kickstart.tools.SchemaClassScanner     : Schema type was defined but can never be accessed, and can be safely deleted: DateTime
2026-07-22 13:58:20.923  WARN 32570 --- [  restartedMain] g.kickstart.tools.SchemaClassScanner     : Schema type was defined but can never be accessed, and can be safely deleted: NotificacionPush
2026-07-22 13:58:20.923  WARN 32570 --- [  restartedMain] g.kickstart.tools.SchemaClassScanner     : Schema type was defined but can never be accessed, and can be safely deleted: ChequePage
2026-07-22 13:58:20.923  WARN 32570 --- [  restartedMain] g.kickstart.tools.SchemaClassScanner     : Schema type was defined but can never be accessed, and can be safely deleted: ChequeraPage
2026-07-22 13:58:20.923  WARN 32570 --- [  restartedMain] g.kickstart.tools.SchemaClassScanner     : Schema type was defined but can never be accessed, and can be safely deleted: EventoCancelacionDEInput
2026-07-22 13:58:20.923  WARN 32570 --- [  restartedMain] g.kickstart.tools.SchemaClassScanner     : Schema type was defined but can never be accessed, and can be safely deleted: EventoNominacionDEInput
2026-07-22 13:58:20.923  WARN 32570 --- [  restartedMain] g.kickstart.tools.SchemaClassScanner     : Schema type was defined but can never be accessed, and can be safely deleted: EventoInutilizacionDEInput
2026-07-22 13:58:20.923  WARN 32570 --- [  restartedMain] g.kickstart.tools.SchemaClassScanner     : Schema type was defined but can never be accessed, and can be safely deleted: Meses
2026-07-22 13:58:20.923  WARN 32570 --- [  restartedMain] g.kickstart.tools.SchemaClassScanner     : Schema type was defined but can never be accessed, and can be safely deleted: DeliveryUpdate
2026-07-22 13:58:20.924  WARN 32570 --- [  restartedMain] g.kickstart.tools.SchemaClassScanner     : Schema type was defined but can never be accessed, and can be safely deleted: ResumenMovimientoStock
2026-07-22 13:58:20.924  WARN 32570 --- [  restartedMain] g.kickstart.tools.SchemaClassScanner     : Schema type was defined but can never be accessed, and can be safely deleted: PagoDetallePage
2026-07-22 13:58:20.924  WARN 32570 --- [  restartedMain] g.kickstart.tools.SchemaClassScanner     : Schema type was defined but can never be accessed, and can be safely deleted: PagoPage
2026-07-22 13:58:20.924  WARN 32570 --- [  restartedMain] g.kickstart.tools.SchemaClassScanner     : Schema type was defined but can never be accessed, and can be safely deleted: SolicitudPagoMultipleRecepcionesInput
2026-07-22 13:58:20.924  WARN 32570 --- [  restartedMain] g.kickstart.tools.SchemaClassScanner     : Schema type was defined but can never be accessed, and can be safely deleted: SolicitudPagoNotaRecepcionInput
2026-07-22 13:58:20.924  WARN 32570 --- [  restartedMain] g.kickstart.tools.SchemaClassScanner     : Schema type was defined but can never be accessed, and can be safely deleted: PrintData
2026-07-22 13:58:20.924  WARN 32570 --- [  restartedMain] g.kickstart.tools.SchemaClassScanner     : Schema type was defined but can never be accessed, and can be safely deleted: ExistenciaCostoPorSucursal
2026-07-22 13:58:20.924  WARN 32570 --- [  restartedMain] g.kickstart.tools.SchemaClassScanner     : Schema type was defined but can never be accessed, and can be safely deleted: ProductoExistenciaCostos
2026-07-22 13:58:20.924  WARN 32570 --- [  restartedMain] g.kickstart.tools.SchemaClassScanner     : Schema type was defined but can never be accessed, and can be safely deleted: MultiPageInput
2026-07-22 13:58:20.927  WARN 32570 --- [  restartedMain] g.kickstart.tools.SchemaClassScanner     : Root query resolver was provided but no methods on it were used in data fetchers for GraphQL type 'Query'!  Either remove the graphql.kickstart.tools.GraphQLQueryResolver interface from the resolver or remove the resolver entirely: com.franco.dev.graphql.financiero.FacturaLegalItemGraphQL@2b417578
2026-07-22 13:58:20.927  WARN 32570 --- [  restartedMain] g.kickstart.tools.SchemaClassScanner     : Root query resolver was provided but no methods on it were used in data fetchers for GraphQL type 'Query'!  Either remove the graphql.kickstart.tools.GraphQLQueryResolver interface from the resolver or remove the resolver entirely: com.franco.dev.graphql.operaciones.RecepcionMercaderiaItemVariacionGraphQL@1cd24335
2026-07-22 13:58:20.927  WARN 32570 --- [  restartedMain] g.kickstart.tools.SchemaClassScanner     : Root query resolver was provided but no methods on it were used in data fetchers for GraphQL type 'Query'!  Either remove the graphql.kickstart.tools.GraphQLQueryResolver interface from the resolver or remove the resolver entirely: com.franco.dev.graphql.productos.ProductoExistenciaCostoGraphQL@5e26e49c
2026-07-22 13:58:20.928  WARN 32570 --- [  restartedMain] g.kickstart.tools.SchemaClassScanner     : Root mutation resolver was provided but no methods on it were used in data fetchers for GraphQL type 'Mutation'!  Either remove the graphql.kickstart.tools.GraphQLMutationResolver interface from the resolver or remove the resolver entirely: com.franco.dev.graphql.financiero.FacturaLegalItemGraphQL@2b417578
2026-07-22 13:58:20.928  WARN 32570 --- [  restartedMain] g.kickstart.tools.SchemaClassScanner     : Root mutation resolver was provided but no methods on it were used in data fetchers for GraphQL type 'Mutation'!  Either remove the graphql.kickstart.tools.GraphQLMutationResolver interface from the resolver or remove the resolver entirely: com.franco.dev.graphql.print.PrintGraphQL@fc9fb0c
2026-07-22 13:58:20.928  WARN 32570 --- [  restartedMain] g.kickstart.tools.SchemaClassScanner     : Root mutation resolver was provided but no methods on it were used in data fetchers for GraphQL type 'Mutation'!  Either remove the graphql.kickstart.tools.GraphQLMutationResolver interface from the resolver or remove the resolver entirely: com.franco.dev.graphql.productos.ProductoExistenciaCostoGraphQL@5e26e49c
2026-07-22 13:58:21.784  WARN 32570 --- [  restartedMain] JpaBaseConfiguration$JpaWebConfiguration : spring.jpa.open-in-view is enabled by default. Therefore, database queries may be performed during view rendering. Explicitly configure spring.jpa.open-in-view to disable this warning
2026-07-22 13:58:22.316  INFO 32570 --- [  restartedMain] o.s.b.w.embedded.tomcat.TomcatWebServer  : Tomcat started on port(s): 8081 (http) with context path ''
2026-07-22 13:58:22.320  INFO 32570 --- [  restartedMain] o.s.b.d.a.OptionalLiveReloadServer       : LiveReload server is running on port 35729
2026-07-22 13:58:22.322  INFO 32570 --- [  restartedMain] o.s.m.s.b.SimpleBrokerMessageHandler     : Starting...
2026-07-22 13:58:22.322  INFO 32570 --- [  restartedMain] o.s.m.s.b.SimpleBrokerMessageHandler     : BrokerAvailabilityEvent[available=true, SimpleBrokerMessageHandler [org.springframework.messaging.simp.broker.DefaultSubscriptionRegistry@6a8bdbfc]]
2026-07-22 13:58:22.322  INFO 32570 --- [  restartedMain] o.s.m.s.b.SimpleBrokerMessageHandler     : Started.
2026-07-22 13:58:22.341  INFO 32570 --- [  restartedMain] com.franco.dev.FrancoSystemsApplication  : Started FrancoSystemsApplication in 34.658 seconds (JVM running for 167.775)
2026-07-22 13:58:22.353  INFO 32570 --- [  restartedMain] .ConditionEvaluationDeltaLoggingListener : Condition evaluation unchanged
2026-07-22 13:58:22.365  INFO 32570 --- [0.0-8081-exec-1] o.a.c.c.C.[Tomcat].[localhost].[/]       : Initializing Spring DispatcherServlet 'dispatcherServlet'
2026-07-22 13:58:22.365  INFO 32570 --- [0.0-8081-exec-1] o.s.web.servlet.DispatcherServlet        : Initializing Servlet 'dispatcherServlet'
2026-07-22 13:58:22.604  INFO 32570 --- [0.0-8081-exec-1] o.s.b.a.e.web.EndpointLinksResolver      : Exposing 2 endpoint(s) beneath base path '/actuator'
2026-07-22 13:58:22.694  INFO 32570 --- [0.0-8081-exec-1] o.s.web.servlet.DispatcherServlet        : Completed initialization in 329 ms
2026-07-22 13:58:22.742  INFO 32570 --- [0.0-8081-exec-1] o.s.s.web.DefaultSecurityFilterChain     : Will secure any request with [org.springframework.security.web.session.DisableEncodeUrlFilter@68c6fecc, org.springframework.security.web.context.request.async.WebAsyncManagerIntegrationFilter@38ddda0d, org.springframework.security.web.context.SecurityContextPersistenceFilter@90ae94e, org.springframework.security.web.header.HeaderWriterFilter@2af1db47, org.springframework.web.filter.CorsFilter@55fc01a, org.springframework.security.web.authentication.logout.LogoutFilter@1d0ec549, com.franco.dev.security.JwtAuthenticationTokenFilter@2a267074, org.springframework.security.web.savedrequest.RequestCacheAwareFilter@56788558, org.springframework.security.web.servletapi.SecurityContextHolderAwareRequestFilter@72f75733, org.springframework.security.web.authentication.AnonymousAuthenticationFilter@65e392ee, org.springframework.security.web.session.SessionManagementFilter@470edb0a, org.springframework.security.web.access.ExceptionTranslationFilter@2c6e6867, org.springframework.security.web.access.intercept.FilterSecurityInterceptor@10ee1641]
2026-07-22 13:59:22.340  INFO 32570 --- [MessageBroker-2] c.f.d.s.f.CotizacionMercadoScheduler     : Actualizacion automatica de cotizaciones de mercado
2026-07-22 13:59:23.821  INFO 32570 --- [MessageBroker-2] c.f.d.s.financiero.NorteCambiosScraper   : NorteCambiosScraper: 3 monedas obtenidas de nortecambios
2026-07-22 13:59:23.909  INFO 32570 --- [MessageBroker-2] c.f.d.s.f.CotizacionMercadoScheduler     : CotizacionMercadoScheduler: 3 monedas actualizadas
Successfully Authentication
Successfully Authentication
Successfully Authentication
Successfully Authentication
2026-07-22 14:07:53.613  INFO 32570 --- [   File Watcher] rtingClassPathChangeChangedEventListener : Restarting due to 2150 class path changes (0 additions, 2150 deletions, 0 modifications)
2026-07-22 14:07:53.639  INFO 32570 --- [       Thread-8] o.s.m.s.b.SimpleBrokerMessageHandler     : Stopping...
2026-07-22 14:07:53.640  INFO 32570 --- [       Thread-8] o.s.m.s.b.SimpleBrokerMessageHandler     : BrokerAvailabilityEvent[available=false, SimpleBrokerMessageHandler [org.springframework.messaging.simp.broker.DefaultSubscriptionRegistry@6a8bdbfc]]
2026-07-22 14:07:53.640  INFO 32570 --- [       Thread-8] o.s.m.s.b.SimpleBrokerMessageHandler     : Stopped.
2026-07-22 14:07:53.644  INFO 32570 --- [       Thread-8] o.apache.catalina.core.StandardService   : Stopping service [Tomcat]
2026-07-22 14:07:53.645  INFO 32570 --- [       Thread-8] o.a.c.c.C.[Tomcat].[localhost].[/]       : Destroying Spring FrameworkServlet 'dispatcherServlet'
2026-07-22 14:07:53.651  WARN 32570 --- [       Thread-8] o.a.c.loader.WebappClassLoaderBase       : The web application [ROOT] appears to have started a thread named [Hibernate Search - Engine - Timing thread - 0] but has failed to stop it. This is very likely to create a memory leak. Stack trace of thread:
 java.base@17.0.17/jdk.internal.misc.Unsafe.park(Native Method)
 java.base@17.0.17/java.util.concurrent.locks.LockSupport.parkNanos(LockSupport.java:252)
 java.base@17.0.17/java.util.concurrent.locks.AbstractQueuedSynchronizer$ConditionObject.awaitNanos(AbstractQueuedSynchronizer.java:1679)
 java.base@17.0.17/java.util.concurrent.ScheduledThreadPoolExecutor$DelayedWorkQueue.take(ScheduledThreadPoolExecutor.java:1182)
 java.base@17.0.17/java.util.concurrent.ScheduledThreadPoolExecutor$DelayedWorkQueue.take(ScheduledThreadPoolExecutor.java:899)
 java.base@17.0.17/java.util.concurrent.ThreadPoolExecutor.getTask(ThreadPoolExecutor.java:1062)
 java.base@17.0.17/java.util.concurrent.ThreadPoolExecutor.runWorker(ThreadPoolExecutor.java:1122)
 java.base@17.0.17/java.util.concurrent.ThreadPoolExecutor$Worker.run(ThreadPoolExecutor.java:635)
 java.base@17.0.17/java.lang.Thread.run(Thread.java:840)
2026-07-22 14:07:53.652  WARN 32570 --- [       Thread-8] o.a.c.loader.WebappClassLoaderBase       : The web application [ROOT] appears to have started a thread named [Hibernate Search - default backend - Worker thread - 0] but has failed to stop it. This is very likely to create a memory leak. Stack trace of thread:
 java.base@17.0.17/jdk.internal.misc.Unsafe.park(Native Method)
 java.base@17.0.17/java.util.concurrent.locks.LockSupport.park(LockSupport.java:341)
 java.base@17.0.17/java.util.concurrent.locks.AbstractQueuedSynchronizer$ConditionNode.block(AbstractQueuedSynchronizer.java:506)
 java.base@17.0.17/java.util.concurrent.ForkJoinPool.unmanagedBlock(ForkJoinPool.java:3465)
 java.base@17.0.17/java.util.concurrent.ForkJoinPool.managedBlock(ForkJoinPool.java:3436)
 java.base@17.0.17/java.util.concurrent.locks.AbstractQueuedSynchronizer$ConditionObject.await(AbstractQueuedSynchronizer.java:1630)
 java.base@17.0.17/java.util.concurrent.ScheduledThreadPoolExecutor$DelayedWorkQueue.take(ScheduledThreadPoolExecutor.java:1170)
 java.base@17.0.17/java.util.concurrent.ScheduledThreadPoolExecutor$DelayedWorkQueue.take(ScheduledThreadPoolExecutor.java:899)
 java.base@17.0.17/java.util.concurrent.ThreadPoolExecutor.getTask(ThreadPoolExecutor.java:1062)
 java.base@17.0.17/java.util.concurrent.ThreadPoolExecutor.runWorker(ThreadPoolExecutor.java:1122)
 java.base@17.0.17/java.util.concurrent.ThreadPoolExecutor$Worker.run(ThreadPoolExecutor.java:635)
 java.base@17.0.17/java.lang.Thread.run(Thread.java:840)
2026-07-22 14:07:53.652  WARN 32570 --- [       Thread-8] o.a.c.loader.WebappClassLoaderBase       : The web application [ROOT] appears to have started a thread named [Hibernate Search - default backend - Worker thread - 1] but has failed to stop it. This is very likely to create a memory leak. Stack trace of thread:
 java.base@17.0.17/jdk.internal.misc.Unsafe.park(Native Method)
 java.base@17.0.17/java.util.concurrent.locks.LockSupport.park(LockSupport.java:341)
 java.base@17.0.17/java.util.concurrent.locks.AbstractQueuedSynchronizer$ConditionNode.block(AbstractQueuedSynchronizer.java:506)
 java.base@17.0.17/java.util.concurrent.ForkJoinPool.unmanagedBlock(ForkJoinPool.java:3465)
 java.base@17.0.17/java.util.concurrent.ForkJoinPool.managedBlock(ForkJoinPool.java:3436)
 java.base@17.0.17/java.util.concurrent.locks.AbstractQueuedSynchronizer$ConditionObject.await(AbstractQueuedSynchronizer.java:1630)
 java.base@17.0.17/java.util.concurrent.ScheduledThreadPoolExecutor$DelayedWorkQueue.take(ScheduledThreadPoolExecutor.java:1170)
 java.base@17.0.17/java.util.concurrent.ScheduledThreadPoolExecutor$DelayedWorkQueue.take(ScheduledThreadPoolExecutor.java:899)
 java.base@17.0.17/java.util.concurrent.ThreadPoolExecutor.getTask(ThreadPoolExecutor.java:1062)
 java.base@17.0.17/java.util.concurrent.ThreadPoolExecutor.runWorker(ThreadPoolExecutor.java:1122)
 java.base@17.0.17/java.util.concurrent.ThreadPoolExecutor$Worker.run(ThreadPoolExecutor.java:635)
 java.base@17.0.17/java.lang.Thread.run(Thread.java:840)
2026-07-22 14:07:53.652  WARN 32570 --- [       Thread-8] o.a.c.loader.WebappClassLoaderBase       : The web application [ROOT] appears to have started a thread named [HikariPool-2 housekeeper] but has failed to stop it. This is very likely to create a memory leak. Stack trace of thread:
 java.base@17.0.17/jdk.internal.misc.Unsafe.park(Native Method)
 java.base@17.0.17/java.util.concurrent.locks.LockSupport.parkNanos(LockSupport.java:252)
 java.base@17.0.17/java.util.concurrent.locks.AbstractQueuedSynchronizer$ConditionObject.awaitNanos(AbstractQueuedSynchronizer.java:1679)
 java.base@17.0.17/java.util.concurrent.ScheduledThreadPoolExecutor$DelayedWorkQueue.take(ScheduledThreadPoolExecutor.java:1182)
 java.base@17.0.17/java.util.concurrent.ScheduledThreadPoolExecutor$DelayedWorkQueue.take(ScheduledThreadPoolExecutor.java:899)
 java.base@17.0.17/java.util.concurrent.ThreadPoolExecutor.getTask(ThreadPoolExecutor.java:1062)
 java.base@17.0.17/java.util.concurrent.ThreadPoolExecutor.runWorker(ThreadPoolExecutor.java:1122)
 java.base@17.0.17/java.util.concurrent.ThreadPoolExecutor$Worker.run(ThreadPoolExecutor.java:635)
 java.base@17.0.17/java.lang.Thread.run(Thread.java:840)
2026-07-22 14:07:53.653  WARN 32570 --- [       Thread-8] o.a.c.loader.WebappClassLoaderBase       : The web application [ROOT] appears to have started a thread named [pool-2-thread-1] but has failed to stop it. This is very likely to create a memory leak. Stack trace of thread:
 java.base@17.0.17/jdk.internal.misc.Unsafe.park(Native Method)
 java.base@17.0.17/java.util.concurrent.locks.LockSupport.park(LockSupport.java:341)
 java.base@17.0.17/java.util.concurrent.locks.AbstractQueuedSynchronizer$ConditionNode.block(AbstractQueuedSynchronizer.java:506)
 java.base@17.0.17/java.util.concurrent.ForkJoinPool.unmanagedBlock(ForkJoinPool.java:3465)
 java.base@17.0.17/java.util.concurrent.ForkJoinPool.managedBlock(ForkJoinPool.java:3436)
 java.base@17.0.17/java.util.concurrent.locks.AbstractQueuedSynchronizer$ConditionObject.await(AbstractQueuedSynchronizer.java:1630)
 java.base@17.0.17/java.util.concurrent.ScheduledThreadPoolExecutor$DelayedWorkQueue.take(ScheduledThreadPoolExecutor.java:1177)
 java.base@17.0.17/java.util.concurrent.ScheduledThreadPoolExecutor$DelayedWorkQueue.take(ScheduledThreadPoolExecutor.java:899)
 java.base@17.0.17/java.util.concurrent.ThreadPoolExecutor.getTask(ThreadPoolExecutor.java:1062)
 java.base@17.0.17/java.util.concurrent.ThreadPoolExecutor.runWorker(ThreadPoolExecutor.java:1122)
 java.base@17.0.17/java.util.concurrent.ThreadPoolExecutor$Worker.run(ThreadPoolExecutor.java:635)
 java.base@17.0.17/java.lang.Thread.run(Thread.java:840)
2026-07-22 14:07:53.653  WARN 32570 --- [       Thread-8] o.a.c.loader.WebappClassLoaderBase       : The web application [ROOT] appears to have started a thread named [pool-2-thread-2] but has failed to stop it. This is very likely to create a memory leak. Stack trace of thread:
 java.base@17.0.17/jdk.internal.misc.Unsafe.park(Native Method)
 java.base@17.0.17/java.util.concurrent.locks.LockSupport.park(LockSupport.java:341)
 java.base@17.0.17/java.util.concurrent.locks.AbstractQueuedSynchronizer$ConditionNode.block(AbstractQueuedSynchronizer.java:506)
 java.base@17.0.17/java.util.concurrent.ForkJoinPool.unmanagedBlock(ForkJoinPool.java:3465)
 java.base@17.0.17/java.util.concurrent.ForkJoinPool.managedBlock(ForkJoinPool.java:3436)
 java.base@17.0.17/java.util.concurrent.locks.AbstractQueuedSynchronizer$ConditionObject.await(AbstractQueuedSynchronizer.java:1630)
 java.base@17.0.17/java.util.concurrent.ScheduledThreadPoolExecutor$DelayedWorkQueue.take(ScheduledThreadPoolExecutor.java:1177)
 java.base@17.0.17/java.util.concurrent.ScheduledThreadPoolExecutor$DelayedWorkQueue.take(ScheduledThreadPoolExecutor.java:899)
 java.base@17.0.17/java.util.concurrent.ThreadPoolExecutor.getTask(ThreadPoolExecutor.java:1062)
 java.base@17.0.17/java.util.concurrent.ThreadPoolExecutor.runWorker(ThreadPoolExecutor.java:1122)
 java.base@17.0.17/java.util.concurrent.ThreadPoolExecutor$Worker.run(ThreadPoolExecutor.java:635)
 java.base@17.0.17/java.lang.Thread.run(Thread.java:840)
2026-07-22 14:07:53.653  WARN 32570 --- [       Thread-8] o.a.c.loader.WebappClassLoaderBase       : The web application [ROOT] appears to have started a thread named [pool-2-thread-3] but has failed to stop it. This is very likely to create a memory leak. Stack trace of thread:
 java.base@17.0.17/jdk.internal.misc.Unsafe.park(Native Method)
 java.base@17.0.17/java.util.concurrent.locks.LockSupport.parkNanos(LockSupport.java:252)
 java.base@17.0.17/java.util.concurrent.locks.AbstractQueuedSynchronizer$ConditionObject.awaitNanos(AbstractQueuedSynchronizer.java:1679)
 java.base@17.0.17/java.util.concurrent.ScheduledThreadPoolExecutor$DelayedWorkQueue.take(ScheduledThreadPoolExecutor.java:1182)
 java.base@17.0.17/java.util.concurrent.ScheduledThreadPoolExecutor$DelayedWorkQueue.take(ScheduledThreadPoolExecutor.java:899)
 java.base@17.0.17/java.util.concurrent.ThreadPoolExecutor.getTask(ThreadPoolExecutor.java:1062)
 java.base@17.0.17/java.util.concurrent.ThreadPoolExecutor.runWorker(ThreadPoolExecutor.java:1122)
 java.base@17.0.17/java.util.concurrent.ThreadPoolExecutor$Worker.run(ThreadPoolExecutor.java:635)
 java.base@17.0.17/java.lang.Thread.run(Thread.java:840)
2026-07-22 14:07:53.653  WARN 32570 --- [       Thread-8] o.a.c.loader.WebappClassLoaderBase       : The web application [ROOT] appears to have started a thread named [pool-2-thread-4] but has failed to stop it. This is very likely to create a memory leak. Stack trace of thread:
 java.base@17.0.17/jdk.internal.misc.Unsafe.park(Native Method)
 java.base@17.0.17/java.util.concurrent.locks.LockSupport.park(LockSupport.java:341)
 java.base@17.0.17/java.util.concurrent.locks.AbstractQueuedSynchronizer$ConditionNode.block(AbstractQueuedSynchronizer.java:506)
 java.base@17.0.17/java.util.concurrent.ForkJoinPool.unmanagedBlock(ForkJoinPool.java:3465)
 java.base@17.0.17/java.util.concurrent.ForkJoinPool.managedBlock(ForkJoinPool.java:3436)
 java.base@17.0.17/java.util.concurrent.locks.AbstractQueuedSynchronizer$ConditionObject.await(AbstractQueuedSynchronizer.java:1630)
 java.base@17.0.17/java.util.concurrent.ScheduledThreadPoolExecutor$DelayedWorkQueue.take(ScheduledThreadPoolExecutor.java:1177)
 java.base@17.0.17/java.util.concurrent.ScheduledThreadPoolExecutor$DelayedWorkQueue.take(ScheduledThreadPoolExecutor.java:899)
 java.base@17.0.17/java.util.concurrent.ThreadPoolExecutor.getTask(ThreadPoolExecutor.java:1062)
 java.base@17.0.17/java.util.concurrent.ThreadPoolExecutor.runWorker(ThreadPoolExecutor.java:1122)
 java.base@17.0.17/java.util.concurrent.ThreadPoolExecutor$Worker.run(ThreadPoolExecutor.java:635)
 java.base@17.0.17/java.lang.Thread.run(Thread.java:840)
2026-07-22 14:07:53.654  WARN 32570 --- [       Thread-8] o.a.c.loader.WebappClassLoaderBase       : The web application [ROOT] appears to have started a thread named [pool-2-thread-5] but has failed to stop it. This is very likely to create a memory leak. Stack trace of thread:
 java.base@17.0.17/jdk.internal.misc.Unsafe.park(Native Method)
 java.base@17.0.17/java.util.concurrent.locks.LockSupport.park(LockSupport.java:341)
 java.base@17.0.17/java.util.concurrent.locks.AbstractQueuedSynchronizer$ConditionNode.block(AbstractQueuedSynchronizer.java:506)
 java.base@17.0.17/java.util.concurrent.ForkJoinPool.unmanagedBlock(ForkJoinPool.java:3465)
 java.base@17.0.17/java.util.concurrent.ForkJoinPool.managedBlock(ForkJoinPool.java:3436)
 java.base@17.0.17/java.util.concurrent.locks.AbstractQueuedSynchronizer$ConditionObject.await(AbstractQueuedSynchronizer.java:1630)
 java.base@17.0.17/java.util.concurrent.ScheduledThreadPoolExecutor$DelayedWorkQueue.take(ScheduledThreadPoolExecutor.java:1177)
 java.base@17.0.17/java.util.concurrent.ScheduledThreadPoolExecutor$DelayedWorkQueue.take(ScheduledThreadPoolExecutor.java:899)
 java.base@17.0.17/java.util.concurrent.ThreadPoolExecutor.getTask(ThreadPoolExecutor.java:1062)
 java.base@17.0.17/java.util.concurrent.ThreadPoolExecutor.runWorker(ThreadPoolExecutor.java:1122)
 java.base@17.0.17/java.util.concurrent.ThreadPoolExecutor$Worker.run(ThreadPoolExecutor.java:635)
 java.base@17.0.17/java.lang.Thread.run(Thread.java:840)
2026-07-22 14:07:53.654  WARN 32570 --- [       Thread-8] o.a.c.loader.WebappClassLoaderBase       : The web application [ROOT] appears to have started a thread named [pool-2-thread-6] but has failed to stop it. This is very likely to create a memory leak. Stack trace of thread:
 java.base@17.0.17/jdk.internal.misc.Unsafe.park(Native Method)
 java.base@17.0.17/java.util.concurrent.locks.LockSupport.park(LockSupport.java:341)
 java.base@17.0.17/java.util.concurrent.locks.AbstractQueuedSynchronizer$ConditionNode.block(AbstractQueuedSynchronizer.java:506)
 java.base@17.0.17/java.util.concurrent.ForkJoinPool.unmanagedBlock(ForkJoinPool.java:3465)
 java.base@17.0.17/java.util.concurrent.ForkJoinPool.managedBlock(ForkJoinPool.java:3436)
 java.base@17.0.17/java.util.concurrent.locks.AbstractQueuedSynchronizer$ConditionObject.await(AbstractQueuedSynchronizer.java:1630)
 java.base@17.0.17/java.util.concurrent.ScheduledThreadPoolExecutor$DelayedWorkQueue.take(ScheduledThreadPoolExecutor.java:1177)
 java.base@17.0.17/java.util.concurrent.ScheduledThreadPoolExecutor$DelayedWorkQueue.take(ScheduledThreadPoolExecutor.java:899)
 java.base@17.0.17/java.util.concurrent.ThreadPoolExecutor.getTask(ThreadPoolExecutor.java:1062)
 java.base@17.0.17/java.util.concurrent.ThreadPoolExecutor.runWorker(ThreadPoolExecutor.java:1122)
 java.base@17.0.17/java.util.concurrent.ThreadPoolExecutor$Worker.run(ThreadPoolExecutor.java:635)
 java.base@17.0.17/java.lang.Thread.run(Thread.java:840)
2026-07-22 14:07:53.654  WARN 32570 --- [       Thread-8] o.a.c.loader.WebappClassLoaderBase       : The web application [ROOT] appears to have started a thread named [pool-2-thread-7] but has failed to stop it. This is very likely to create a memory leak. Stack trace of thread:
 java.base@17.0.17/jdk.internal.misc.Unsafe.park(Native Method)
 java.base@17.0.17/java.util.concurrent.locks.LockSupport.park(LockSupport.java:341)
 java.base@17.0.17/java.util.concurrent.locks.AbstractQueuedSynchronizer$ConditionNode.block(AbstractQueuedSynchronizer.java:506)
 java.base@17.0.17/java.util.concurrent.ForkJoinPool.unmanagedBlock(ForkJoinPool.java:3465)
 java.base@17.0.17/java.util.concurrent.ForkJoinPool.managedBlock(ForkJoinPool.java:3436)
 java.base@17.0.17/java.util.concurrent.locks.AbstractQueuedSynchronizer$ConditionObject.await(AbstractQueuedSynchronizer.java:1630)
 java.base@17.0.17/java.util.concurrent.ScheduledThreadPoolExecutor$DelayedWorkQueue.take(ScheduledThreadPoolExecutor.java:1177)
 java.base@17.0.17/java.util.concurrent.ScheduledThreadPoolExecutor$DelayedWorkQueue.take(ScheduledThreadPoolExecutor.java:899)
 java.base@17.0.17/java.util.concurrent.ThreadPoolExecutor.getTask(ThreadPoolExecutor.java:1062)
 java.base@17.0.17/java.util.concurrent.ThreadPoolExecutor.runWorker(ThreadPoolExecutor.java:1122)
 java.base@17.0.17/java.util.concurrent.ThreadPoolExecutor$Worker.run(ThreadPoolExecutor.java:635)
 java.base@17.0.17/java.lang.Thread.run(Thread.java:840)
2026-07-22 14:07:53.655  WARN 32570 --- [       Thread-8] o.a.c.loader.WebappClassLoaderBase       : The web application [ROOT] appears to have started a thread named [pool-2-thread-8] but has failed to stop it. This is very likely to create a memory leak. Stack trace of thread:
 java.base@17.0.17/jdk.internal.misc.Unsafe.park(Native Method)
 java.base@17.0.17/java.util.concurrent.locks.LockSupport.park(LockSupport.java:341)
 java.base@17.0.17/java.util.concurrent.locks.AbstractQueuedSynchronizer$ConditionNode.block(AbstractQueuedSynchronizer.java:506)
 java.base@17.0.17/java.util.concurrent.ForkJoinPool.unmanagedBlock(ForkJoinPool.java:3465)
 java.base@17.0.17/java.util.concurrent.ForkJoinPool.managedBlock(ForkJoinPool.java:3436)
 java.base@17.0.17/java.util.concurrent.locks.AbstractQueuedSynchronizer$ConditionObject.await(AbstractQueuedSynchronizer.java:1630)
 java.base@17.0.17/java.util.concurrent.ScheduledThreadPoolExecutor$DelayedWorkQueue.take(ScheduledThreadPoolExecutor.java:1177)
 java.base@17.0.17/java.util.concurrent.ScheduledThreadPoolExecutor$DelayedWorkQueue.take(ScheduledThreadPoolExecutor.java:899)
 java.base@17.0.17/java.util.concurrent.ThreadPoolExecutor.getTask(ThreadPoolExecutor.java:1062)
 java.base@17.0.17/java.util.concurrent.ThreadPoolExecutor.runWorker(ThreadPoolExecutor.java:1122)
 java.base@17.0.17/java.util.concurrent.ThreadPoolExecutor$Worker.run(ThreadPoolExecutor.java:635)
 java.base@17.0.17/java.lang.Thread.run(Thread.java:840)
2026-07-22 14:07:53.655  WARN 32570 --- [       Thread-8] o.a.c.loader.WebappClassLoaderBase       : The web application [ROOT] appears to have started a thread named [pool-2-thread-9] but has failed to stop it. This is very likely to create a memory leak. Stack trace of thread:
 java.base@17.0.17/jdk.internal.misc.Unsafe.park(Native Method)
 java.base@17.0.17/java.util.concurrent.locks.LockSupport.park(LockSupport.java:341)
 java.base@17.0.17/java.util.concurrent.locks.AbstractQueuedSynchronizer$ConditionNode.block(AbstractQueuedSynchronizer.java:506)
 java.base@17.0.17/java.util.concurrent.ForkJoinPool.unmanagedBlock(ForkJoinPool.java:3465)
 java.base@17.0.17/java.util.concurrent.ForkJoinPool.managedBlock(ForkJoinPool.java:3436)
 java.base@17.0.17/java.util.concurrent.locks.AbstractQueuedSynchronizer$ConditionObject.await(AbstractQueuedSynchronizer.java:1630)
 java.base@17.0.17/java.util.concurrent.ScheduledThreadPoolExecutor$DelayedWorkQueue.take(ScheduledThreadPoolExecutor.java:1177)
 java.base@17.0.17/java.util.concurrent.ScheduledThreadPoolExecutor$DelayedWorkQueue.take(ScheduledThreadPoolExecutor.java:899)
 java.base@17.0.17/java.util.concurrent.ThreadPoolExecutor.getTask(ThreadPoolExecutor.java:1062)
 java.base@17.0.17/java.util.concurrent.ThreadPoolExecutor.runWorker(ThreadPoolExecutor.java:1122)
 java.base@17.0.17/java.util.concurrent.ThreadPoolExecutor$Worker.run(ThreadPoolExecutor.java:635)
 java.base@17.0.17/java.lang.Thread.run(Thread.java:840)
2026-07-22 14:07:53.656  WARN 32570 --- [       Thread-8] o.a.c.loader.WebappClassLoaderBase       : The web application [ROOT] appears to have started a thread named [pool-2-thread-10] but has failed to stop it. This is very likely to create a memory leak. Stack trace of thread:
 java.base@17.0.17/jdk.internal.misc.Unsafe.park(Native Method)
 java.base@17.0.17/java.util.concurrent.locks.LockSupport.park(LockSupport.java:341)
 java.base@17.0.17/java.util.concurrent.locks.AbstractQueuedSynchronizer$ConditionNode.block(AbstractQueuedSynchronizer.java:506)
 java.base@17.0.17/java.util.concurrent.ForkJoinPool.unmanagedBlock(ForkJoinPool.java:3465)
 java.base@17.0.17/java.util.concurrent.ForkJoinPool.managedBlock(ForkJoinPool.java:3436)
 java.base@17.0.17/java.util.concurrent.locks.AbstractQueuedSynchronizer$ConditionObject.await(AbstractQueuedSynchronizer.java:1630)
 java.base@17.0.17/java.util.concurrent.ScheduledThreadPoolExecutor$DelayedWorkQueue.take(ScheduledThreadPoolExecutor.java:1177)
 java.base@17.0.17/java.util.concurrent.ScheduledThreadPoolExecutor$DelayedWorkQueue.take(ScheduledThreadPoolExecutor.java:899)
 java.base@17.0.17/java.util.concurrent.ThreadPoolExecutor.getTask(ThreadPoolExecutor.java:1062)
 java.base@17.0.17/java.util.concurrent.ThreadPoolExecutor.runWorker(ThreadPoolExecutor.java:1122)
 java.base@17.0.17/java.util.concurrent.ThreadPoolExecutor$Worker.run(ThreadPoolExecutor.java:635)
 java.base@17.0.17/java.lang.Thread.run(Thread.java:840)
2026-07-22 14:07:54.503  INFO 32570 --- [       Thread-8] j.LocalContainerEntityManagerFactoryBean : Closing JPA EntityManagerFactory for persistence unit 'default'
2026-07-22 14:07:54.522  INFO 32570 --- [       Thread-8] com.zaxxer.hikari.HikariDataSource       : HikariPool-2 - Shutdown initiated...
2026-07-22 14:07:54.531  INFO 32570 --- [       Thread-8] com.zaxxer.hikari.HikariDataSource       : HikariPool-2 - Shutdown completed.
Iniciando sistema
2026-07-22 14:07:56.483 ERROR 32570 --- [  restartedMain] o.s.boot.SpringApplication               : Application run failed

java.lang.IllegalArgumentException: Unable to instantiate com.franco.dev.config.UserDevPropertiesEnvironmentPostProcessor [org.springframework.boot.env.EnvironmentPostProcessor]
	at org.springframework.boot.util.Instantiator.lambda$static$0(Instantiator.java:53) ~[spring-boot-2.7.18.jar:2.7.18]
	at org.springframework.boot.util.Instantiator.instantiate(Instantiator.java:153) ~[spring-boot-2.7.18.jar:2.7.18]
	at java.base/java.util.stream.ReferencePipeline$3$1.accept(ReferencePipeline.java:197) ~[na:na]
	at java.base/java.util.stream.ReferencePipeline$3$1.accept(ReferencePipeline.java:197) ~[na:na]
	at java.base/java.util.ArrayList$ArrayListSpliterator.forEachRemaining(ArrayList.java:1625) ~[na:na]
	at java.base/java.util.stream.AbstractPipeline.copyInto(AbstractPipeline.java:509) ~[na:na]
	at java.base/java.util.stream.AbstractPipeline.wrapAndCopyInto(AbstractPipeline.java:499) ~[na:na]
	at java.base/java.util.stream.ReduceOps$ReduceOp.evaluateSequential(ReduceOps.java:921) ~[na:na]
	at java.base/java.util.stream.AbstractPipeline.evaluate(AbstractPipeline.java:234) ~[na:na]
	at java.base/java.util.stream.ReferencePipeline.collect(ReferencePipeline.java:682) ~[na:na]
	at org.springframework.boot.util.Instantiator.instantiate(Instantiator.java:141) ~[spring-boot-2.7.18.jar:2.7.18]
	at org.springframework.boot.util.Instantiator.instantiate(Instantiator.java:126) ~[spring-boot-2.7.18.jar:2.7.18]
	at org.springframework.boot.env.ReflectionEnvironmentPostProcessorsFactory.getEnvironmentPostProcessors(ReflectionEnvironmentPostProcessorsFactory.java:72) ~[spring-boot-2.7.18.jar:2.7.18]
	at org.springframework.boot.env.EnvironmentPostProcessorApplicationListener.getEnvironmentPostProcessors(EnvironmentPostProcessorApplicationListener.java:122) ~[spring-boot-2.7.18.jar:2.7.18]
	at org.springframework.boot.env.EnvironmentPostProcessorApplicationListener.onApplicationEnvironmentPreparedEvent(EnvironmentPostProcessorApplicationListener.java:100) ~[spring-boot-2.7.18.jar:2.7.18]
	at org.springframework.boot.env.EnvironmentPostProcessorApplicationListener.onApplicationEvent(EnvironmentPostProcessorApplicationListener.java:87) ~[spring-boot-2.7.18.jar:2.7.18]
	at org.springframework.context.event.SimpleApplicationEventMulticaster.doInvokeListener(SimpleApplicationEventMulticaster.java:178) ~[spring-context-5.3.31.jar:5.3.31]
	at org.springframework.context.event.SimpleApplicationEventMulticaster.invokeListener(SimpleApplicationEventMulticaster.java:171) ~[spring-context-5.3.31.jar:5.3.31]
	at org.springframework.context.event.SimpleApplicationEventMulticaster.multicastEvent(SimpleApplicationEventMulticaster.java:145) ~[spring-context-5.3.31.jar:5.3.31]
	at org.springframework.context.event.SimpleApplicationEventMulticaster.multicastEvent(SimpleApplicationEventMulticaster.java:133) ~[spring-context-5.3.31.jar:5.3.31]
	at org.springframework.boot.context.event.EventPublishingRunListener.environmentPrepared(EventPublishingRunListener.java:85) ~[spring-boot-2.7.18.jar:2.7.18]
	at org.springframework.boot.SpringApplicationRunListeners.lambda$environmentPrepared$2(SpringApplicationRunListeners.java:66) ~[spring-boot-2.7.18.jar:2.7.18]
	at java.base/java.util.ArrayList.forEach(ArrayList.java:1511) ~[na:na]
	at org.springframework.boot.SpringApplicationRunListeners.doWithListeners(SpringApplicationRunListeners.java:120) ~[spring-boot-2.7.18.jar:2.7.18]
	at org.springframework.boot.SpringApplicationRunListeners.doWithListeners(SpringApplicationRunListeners.java:114) ~[spring-boot-2.7.18.jar:2.7.18]
	at org.springframework.boot.SpringApplicationRunListeners.environmentPrepared(SpringApplicationRunListeners.java:65) ~[spring-boot-2.7.18.jar:2.7.18]
	at org.springframework.boot.SpringApplication.prepareEnvironment(SpringApplication.java:344) ~[spring-boot-2.7.18.jar:2.7.18]
	at org.springframework.boot.SpringApplication.run(SpringApplication.java:302) ~[spring-boot-2.7.18.jar:2.7.18]
	at org.springframework.boot.SpringApplication.run(SpringApplication.java:1300) ~[spring-boot-2.7.18.jar:2.7.18]
	at org.springframework.boot.SpringApplication.run(SpringApplication.java:1289) ~[spring-boot-2.7.18.jar:2.7.18]
	at com.franco.dev.FrancoSystemsApplication.main(FrancoSystemsApplication.java:45) ~[classes/:na]
	at java.base/jdk.internal.reflect.NativeMethodAccessorImpl.invoke0(Native Method) ~[na:na]
	at java.base/jdk.internal.reflect.NativeMethodAccessorImpl.invoke(NativeMethodAccessorImpl.java:77) ~[na:na]
	at java.base/jdk.internal.reflect.DelegatingMethodAccessorImpl.invoke(DelegatingMethodAccessorImpl.java:43) ~[na:na]
	at java.base/java.lang.reflect.Method.invoke(Method.java:569) ~[na:na]
	at org.springframework.boot.devtools.restart.RestartLauncher.run(RestartLauncher.java:50) ~[spring-boot-devtools-2.7.18.jar:2.7.18]
Caused by: java.lang.ClassNotFoundException: com.franco.dev.config.UserDevPropertiesEnvironmentPostProcessor
	at java.base/jdk.internal.loader.BuiltinClassLoader.loadClass(BuiltinClassLoader.java:641) ~[na:na]
	at java.base/jdk.internal.loader.ClassLoaders$AppClassLoader.loadClass(ClassLoaders.java:188) ~[na:na]
	at java.base/java.lang.ClassLoader.loadClass(ClassLoader.java:525) ~[na:na]
	at java.base/java.lang.Class.forName0(Native Method) ~[na:na]
	at java.base/java.lang.Class.forName(Class.java:469) ~[na:na]
	at org.springframework.boot.devtools.restart.classloader.RestartClassLoader.loadClass(RestartClassLoader.java:145) ~[spring-boot-devtools-2.7.18.jar:2.7.18]
	at java.base/java.lang.ClassLoader.loadClass(ClassLoader.java:525) ~[na:na]
	at java.base/java.lang.Class.forName0(Native Method) ~[na:na]
	at java.base/java.lang.Class.forName(Class.java:469) ~[na:na]
	at org.springframework.util.ClassUtils.forName(ClassUtils.java:291) ~[spring-core-5.3.31.jar:5.3.31]
	at org.springframework.boot.util.Instantiator$TypeSupplier$1.get(Instantiator.java:233) ~[spring-boot-2.7.18.jar:2.7.18]
	at org.springframework.boot.util.Instantiator.instantiate(Instantiator.java:148) ~[spring-boot-2.7.18.jar:2.7.18]
	... 34 common frames omitted

Iniciando sistema
2026-07-22 14:07:57.989 ERROR 32570 --- [  restartedMain] o.s.boot.SpringApplication               : Application run failed

java.lang.IllegalArgumentException: Unable to instantiate com.franco.dev.config.UserDevPropertiesEnvironmentPostProcessor [org.springframework.boot.env.EnvironmentPostProcessor]
	at org.springframework.boot.util.Instantiator.lambda$static$0(Instantiator.java:53) ~[spring-boot-2.7.18.jar:2.7.18]
	at org.springframework.boot.util.Instantiator.instantiate(Instantiator.java:153) ~[spring-boot-2.7.18.jar:2.7.18]
	at java.base/java.util.stream.ReferencePipeline$3$1.accept(ReferencePipeline.java:197) ~[na:na]
	at java.base/java.util.stream.ReferencePipeline$3$1.accept(ReferencePipeline.java:197) ~[na:na]
	at java.base/java.util.ArrayList$ArrayListSpliterator.forEachRemaining(ArrayList.java:1625) ~[na:na]
	at java.base/java.util.stream.AbstractPipeline.copyInto(AbstractPipeline.java:509) ~[na:na]
	at java.base/java.util.stream.AbstractPipeline.wrapAndCopyInto(AbstractPipeline.java:499) ~[na:na]
	at java.base/java.util.stream.ReduceOps$ReduceOp.evaluateSequential(ReduceOps.java:921) ~[na:na]
	at java.base/java.util.stream.AbstractPipeline.evaluate(AbstractPipeline.java:234) ~[na:na]
	at java.base/java.util.stream.ReferencePipeline.collect(ReferencePipeline.java:682) ~[na:na]
	at org.springframework.boot.util.Instantiator.instantiate(Instantiator.java:141) ~[spring-boot-2.7.18.jar:2.7.18]
	at org.springframework.boot.util.Instantiator.instantiate(Instantiator.java:126) ~[spring-boot-2.7.18.jar:2.7.18]
	at org.springframework.boot.env.ReflectionEnvironmentPostProcessorsFactory.getEnvironmentPostProcessors(ReflectionEnvironmentPostProcessorsFactory.java:72) ~[spring-boot-2.7.18.jar:2.7.18]
	at org.springframework.boot.env.EnvironmentPostProcessorApplicationListener.getEnvironmentPostProcessors(EnvironmentPostProcessorApplicationListener.java:122) ~[spring-boot-2.7.18.jar:2.7.18]
	at org.springframework.boot.env.EnvironmentPostProcessorApplicationListener.onApplicationEnvironmentPreparedEvent(EnvironmentPostProcessorApplicationListener.java:100) ~[spring-boot-2.7.18.jar:2.7.18]
	at org.springframework.boot.env.EnvironmentPostProcessorApplicationListener.onApplicationEvent(EnvironmentPostProcessorApplicationListener.java:87) ~[spring-boot-2.7.18.jar:2.7.18]
	at org.springframework.context.event.SimpleApplicationEventMulticaster.doInvokeListener(SimpleApplicationEventMulticaster.java:178) ~[spring-context-5.3.31.jar:5.3.31]
	at org.springframework.context.event.SimpleApplicationEventMulticaster.invokeListener(SimpleApplicationEventMulticaster.java:171) ~[spring-context-5.3.31.jar:5.3.31]
	at org.springframework.context.event.SimpleApplicationEventMulticaster.multicastEvent(SimpleApplicationEventMulticaster.java:145) ~[spring-context-5.3.31.jar:5.3.31]
	at org.springframework.context.event.SimpleApplicationEventMulticaster.multicastEvent(SimpleApplicationEventMulticaster.java:133) ~[spring-context-5.3.31.jar:5.3.31]
	at org.springframework.boot.context.event.EventPublishingRunListener.environmentPrepared(EventPublishingRunListener.java:85) ~[spring-boot-2.7.18.jar:2.7.18]
	at org.springframework.boot.SpringApplicationRunListeners.lambda$environmentPrepared$2(SpringApplicationRunListeners.java:66) ~[spring-boot-2.7.18.jar:2.7.18]
	at java.base/java.util.ArrayList.forEach(ArrayList.java:1511) ~[na:na]
	at org.springframework.boot.SpringApplicationRunListeners.doWithListeners(SpringApplicationRunListeners.java:120) ~[spring-boot-2.7.18.jar:2.7.18]
	at org.springframework.boot.SpringApplicationRunListeners.doWithListeners(SpringApplicationRunListeners.java:114) ~[spring-boot-2.7.18.jar:2.7.18]
	at org.springframework.boot.SpringApplicationRunListeners.environmentPrepared(SpringApplicationRunListeners.java:65) ~[spring-boot-2.7.18.jar:2.7.18]
	at org.springframework.boot.SpringApplication.prepareEnvironment(SpringApplication.java:344) ~[spring-boot-2.7.18.jar:2.7.18]
	at org.springframework.boot.SpringApplication.run(SpringApplication.java:302) ~[spring-boot-2.7.18.jar:2.7.18]
	at org.springframework.boot.SpringApplication.run(SpringApplication.java:1300) ~[spring-boot-2.7.18.jar:2.7.18]
	at org.springframework.boot.SpringApplication.run(SpringApplication.java:1289) ~[spring-boot-2.7.18.jar:2.7.18]
	at com.franco.dev.FrancoSystemsApplication.main(FrancoSystemsApplication.java:45) ~[classes/:na]
	at java.base/jdk.internal.reflect.NativeMethodAccessorImpl.invoke0(Native Method) ~[na:na]
	at java.base/jdk.internal.reflect.NativeMethodAccessorImpl.invoke(NativeMethodAccessorImpl.java:77) ~[na:na]
	at java.base/jdk.internal.reflect.DelegatingMethodAccessorImpl.invoke(DelegatingMethodAccessorImpl.java:43) ~[na:na]
	at java.base/java.lang.reflect.Method.invoke(Method.java:569) ~[na:na]
	at org.springframework.boot.devtools.restart.RestartLauncher.run(RestartLauncher.java:50) ~[spring-boot-devtools-2.7.18.jar:2.7.18]
Caused by: java.lang.ClassNotFoundException: com.franco.dev.config.UserDevPropertiesEnvironmentPostProcessor
	at java.base/jdk.internal.loader.BuiltinClassLoader.loadClass(BuiltinClassLoader.java:641) ~[na:na]
	at java.base/jdk.internal.loader.ClassLoaders$AppClassLoader.loadClass(ClassLoaders.java:188) ~[na:na]
	at java.base/java.lang.ClassLoader.loadClass(ClassLoader.java:525) ~[na:na]
	at java.base/java.lang.Class.forName0(Native Method) ~[na:na]
	at java.base/java.lang.Class.forName(Class.java:469) ~[na:na]
	at org.springframework.boot.devtools.restart.classloader.RestartClassLoader.loadClass(RestartClassLoader.java:145) ~[spring-boot-devtools-2.7.18.jar:2.7.18]
	at java.base/java.lang.ClassLoader.loadClass(ClassLoader.java:525) ~[na:na]
	at java.base/java.lang.Class.forName0(Native Method) ~[na:na]
	at java.base/java.lang.Class.forName(Class.java:469) ~[na:na]
	at org.springframework.util.ClassUtils.forName(ClassUtils.java:291) ~[spring-core-5.3.31.jar:5.3.31]
	at org.springframework.boot.util.Instantiator$TypeSupplier$1.get(Instantiator.java:233) ~[spring-boot-2.7.18.jar:2.7.18]
	at org.springframework.boot.util.Instantiator.instantiate(Instantiator.java:148) ~[spring-boot-2.7.18.jar:2.7.18]
	... 34 common frames omitted

Iniciando sistema
2026-07-22 14:08:33.924 ERROR 32570 --- [  restartedMain] o.s.boot.SpringApplication               : Application run failed

java.lang.IllegalArgumentException: Unable to instantiate com.franco.dev.config.UserDevPropertiesEnvironmentPostProcessor [org.springframework.boot.env.EnvironmentPostProcessor]
	at org.springframework.boot.util.Instantiator.lambda$static$0(Instantiator.java:53) ~[spring-boot-2.7.18.jar:2.7.18]
	at org.springframework.boot.util.Instantiator.instantiate(Instantiator.java:153) ~[spring-boot-2.7.18.jar:2.7.18]
	at java.base/java.util.stream.ReferencePipeline$3$1.accept(ReferencePipeline.java:197) ~[na:na]
	at java.base/java.util.stream.ReferencePipeline$3$1.accept(ReferencePipeline.java:197) ~[na:na]
	at java.base/java.util.ArrayList$ArrayListSpliterator.forEachRemaining(ArrayList.java:1625) ~[na:na]
	at java.base/java.util.stream.AbstractPipeline.copyInto(AbstractPipeline.java:509) ~[na:na]
	at java.base/java.util.stream.AbstractPipeline.wrapAndCopyInto(AbstractPipeline.java:499) ~[na:na]
	at java.base/java.util.stream.ReduceOps$ReduceOp.evaluateSequential(ReduceOps.java:921) ~[na:na]
	at java.base/java.util.stream.AbstractPipeline.evaluate(AbstractPipeline.java:234) ~[na:na]
	at java.base/java.util.stream.ReferencePipeline.collect(ReferencePipeline.java:682) ~[na:na]
	at org.springframework.boot.util.Instantiator.instantiate(Instantiator.java:141) ~[spring-boot-2.7.18.jar:2.7.18]
	at org.springframework.boot.util.Instantiator.instantiate(Instantiator.java:126) ~[spring-boot-2.7.18.jar:2.7.18]
	at org.springframework.boot.env.ReflectionEnvironmentPostProcessorsFactory.getEnvironmentPostProcessors(ReflectionEnvironmentPostProcessorsFactory.java:72) ~[spring-boot-2.7.18.jar:2.7.18]
	at org.springframework.boot.env.EnvironmentPostProcessorApplicationListener.getEnvironmentPostProcessors(EnvironmentPostProcessorApplicationListener.java:122) ~[spring-boot-2.7.18.jar:2.7.18]
	at org.springframework.boot.env.EnvironmentPostProcessorApplicationListener.onApplicationEnvironmentPreparedEvent(EnvironmentPostProcessorApplicationListener.java:100) ~[spring-boot-2.7.18.jar:2.7.18]
	at org.springframework.boot.env.EnvironmentPostProcessorApplicationListener.onApplicationEvent(EnvironmentPostProcessorApplicationListener.java:87) ~[spring-boot-2.7.18.jar:2.7.18]
	at org.springframework.context.event.SimpleApplicationEventMulticaster.doInvokeListener(SimpleApplicationEventMulticaster.java:178) ~[spring-context-5.3.31.jar:5.3.31]
	at org.springframework.context.event.SimpleApplicationEventMulticaster.invokeListener(SimpleApplicationEventMulticaster.java:171) ~[spring-context-5.3.31.jar:5.3.31]
	at org.springframework.context.event.SimpleApplicationEventMulticaster.multicastEvent(SimpleApplicationEventMulticaster.java:145) ~[spring-context-5.3.31.jar:5.3.31]
	at org.springframework.context.event.SimpleApplicationEventMulticaster.multicastEvent(SimpleApplicationEventMulticaster.java:133) ~[spring-context-5.3.31.jar:5.3.31]
	at org.springframework.boot.context.event.EventPublishingRunListener.environmentPrepared(EventPublishingRunListener.java:85) ~[spring-boot-2.7.18.jar:2.7.18]
	at org.springframework.boot.SpringApplicationRunListeners.lambda$environmentPrepared$2(SpringApplicationRunListeners.java:66) ~[spring-boot-2.7.18.jar:2.7.18]
	at java.base/java.util.ArrayList.forEach(ArrayList.java:1511) ~[na:na]
	at org.springframework.boot.SpringApplicationRunListeners.doWithListeners(SpringApplicationRunListeners.java:120) ~[spring-boot-2.7.18.jar:2.7.18]
	at org.springframework.boot.SpringApplicationRunListeners.doWithListeners(SpringApplicationRunListeners.java:114) ~[spring-boot-2.7.18.jar:2.7.18]
	at org.springframework.boot.SpringApplicationRunListeners.environmentPrepared(SpringApplicationRunListeners.java:65) ~[spring-boot-2.7.18.jar:2.7.18]
	at org.springframework.boot.SpringApplication.prepareEnvironment(SpringApplication.java:344) ~[spring-boot-2.7.18.jar:2.7.18]
	at org.springframework.boot.SpringApplication.run(SpringApplication.java:302) ~[spring-boot-2.7.18.jar:2.7.18]
	at org.springframework.boot.SpringApplication.run(SpringApplication.java:1300) ~[spring-boot-2.7.18.jar:2.7.18]
	at org.springframework.boot.SpringApplication.run(SpringApplication.java:1289) ~[spring-boot-2.7.18.jar:2.7.18]
	at com.franco.dev.FrancoSystemsApplication.main(FrancoSystemsApplication.java:45) ~[classes/:na]
	at java.base/jdk.internal.reflect.NativeMethodAccessorImpl.invoke0(Native Method) ~[na:na]
	at java.base/jdk.internal.reflect.NativeMethodAccessorImpl.invoke(NativeMethodAccessorImpl.java:77) ~[na:na]
	at java.base/jdk.internal.reflect.DelegatingMethodAccessorImpl.invoke(DelegatingMethodAccessorImpl.java:43) ~[na:na]
	at java.base/java.lang.reflect.Method.invoke(Method.java:569) ~[na:na]
	at org.springframework.boot.devtools.restart.RestartLauncher.run(RestartLauncher.java:50) ~[spring-boot-devtools-2.7.18.jar:2.7.18]
Caused by: java.lang.ClassNotFoundException: com.franco.dev.config.UserDevPropertiesEnvironmentPostProcessor
	at java.base/jdk.internal.loader.BuiltinClassLoader.loadClass(BuiltinClassLoader.java:641) ~[na:na]
	at java.base/jdk.internal.loader.ClassLoaders$AppClassLoader.loadClass(ClassLoaders.java:188) ~[na:na]
	at java.base/java.lang.ClassLoader.loadClass(ClassLoader.java:525) ~[na:na]
	at java.base/java.lang.Class.forName0(Native Method) ~[na:na]
	at java.base/java.lang.Class.forName(Class.java:469) ~[na:na]
	at org.springframework.boot.devtools.restart.classloader.RestartClassLoader.loadClass(RestartClassLoader.java:145) ~[spring-boot-devtools-2.7.18.jar:2.7.18]
	at java.base/java.lang.ClassLoader.loadClass(ClassLoader.java:525) ~[na:na]
	at java.base/java.lang.Class.forName0(Native Method) ~[na:na]
	at java.base/java.lang.Class.forName(Class.java:469) ~[na:na]
	at org.springframework.util.ClassUtils.forName(ClassUtils.java:291) ~[spring-core-5.3.31.jar:5.3.31]
	at org.springframework.boot.util.Instantiator$TypeSupplier$1.get(Instantiator.java:233) ~[spring-boot-2.7.18.jar:2.7.18]
	at org.springframework.boot.util.Instantiator.instantiate(Instantiator.java:148) ~[spring-boot-2.7.18.jar:2.7.18]
	... 34 common frames omitted

Iniciando sistema

  .   ____          _            __ _ _
 /\\ / ___'_ __ _ _(_)_ __  __ _ \ \ \ \
( ( )\___ | '_ | '_| | '_ \/ _` | \ \ \ \
 \\/  ___)| |_)| | | | | || (_| |  ) ) ) )
  '  |____| .__|_| |_|_| |_\__, | / / / /
 =========|_|==============|___/=/_/_/_/
 :: Spring Boot ::               (v2.7.18)

2026-07-22 14:08:51.588  INFO 32570 --- [  restartedMain] com.franco.dev.FrancoSystemsApplication  : Starting FrancoSystemsApplication using Java 17.0.17 on IMACs-iMac.local with PID 32570 (/Users/gabfranck/workspace/frc-sistemas-informaticos/frc-comercial/central/target/classes started by gabfranck in /Users/gabfranck/workspace/frc-sistemas-informaticos/frc-comercial/central)
2026-07-22 14:08:51.588  INFO 32570 --- [  restartedMain] com.franco.dev.FrancoSystemsApplication  : The following 1 profile is active: "dev"
2026-07-22 14:08:53.077  INFO 32570 --- [  restartedMain] .s.d.r.c.RepositoryConfigurationDelegate : Bootstrapping Spring Data JPA repositories in DEFAULT mode.
2026-07-22 14:08:53.857  INFO 32570 --- [  restartedMain] .s.d.r.c.RepositoryConfigurationDelegate : Finished Spring Data repository scanning in 779 ms. Found 221 JPA repository interfaces.
2026-07-22 14:08:54.602  INFO 32570 --- [  restartedMain] o.s.b.w.embedded.tomcat.TomcatWebServer  : Tomcat initialized with port(s): 8081 (http)
2026-07-22 14:08:54.602  INFO 32570 --- [  restartedMain] o.apache.catalina.core.StandardService   : Starting service [Tomcat]
2026-07-22 14:08:54.602  INFO 32570 --- [  restartedMain] org.apache.catalina.core.StandardEngine  : Starting Servlet engine: [Apache Tomcat/9.0.83]
2026-07-22 14:08:54.637  INFO 32570 --- [  restartedMain] o.a.c.c.C.[Tomcat].[localhost].[/]       : Initializing Spring embedded WebApplicationContext
2026-07-22 14:08:54.637  INFO 32570 --- [  restartedMain] w.s.c.ServletWebServerApplicationContext : Root WebApplicationContext: initialization completed in 3047 ms
2026-07-22 14:08:55.177  INFO 32570 --- [  restartedMain] c.f.d.c.RetryableDatabasePostProcessor   : -----> configuring a retryable datasource for beanName = dataSource
2026-07-22 14:08:55.203  INFO 32570 --- [  restartedMain] c.f.dev.config.multitenant.FlywayConfig  : Scanning for duplicate migrations in: target/classes/db/migration
2026-07-22 14:08:55.208  INFO 32570 --- [  restartedMain] c.f.dev.config.multitenant.FlywayConfig  : Duplicate migration cleanup complete
2026-07-22 14:08:55.221  INFO 32570 --- [  restartedMain] o.f.c.internal.license.VersionPrinter    : Flyway Community Edition 8.5.13 by Redgate
2026-07-22 14:08:55.221  INFO 32570 --- [  restartedMain] o.f.c.internal.license.VersionPrinter    : See what's new here: https://flywaydb.org/documentation/learnmore/releaseNotes#8.5.13
2026-07-22 14:08:55.222  INFO 32570 --- [  restartedMain] o.f.c.internal.license.VersionPrinter    : 
2026-07-22 14:08:55.235  INFO 32570 --- [  restartedMain] o.f.c.i.resource.ResourceNameValidator   : 1 SQL migrations were detected but not run because they did not follow the filename convention.
2026-07-22 14:08:55.235  INFO 32570 --- [  restartedMain] o.f.c.i.resource.ResourceNameValidator   : If this is in error, enable debug logging or 'validateMigrationNaming' to fail fast and see a list of the invalid file names.
2026-07-22 14:08:55.252  INFO 32570 --- [  restartedMain] o.f.c.i.database.base.BaseDatabaseType   : Database: jdbc:postgresql://localhost:5551/bodega_producto_devoluciones (PostgreSQL 16.4)
2026-07-22 14:08:55.253  WARN 32570 --- [  restartedMain] o.f.c.internal.database.base.Database    : Flyway upgrade recommended: PostgreSQL 16.4 is newer than this version of Flyway and support has not been tested. The latest supported version of PostgreSQL is 14.
2026-07-22 14:08:55.266  INFO 32570 --- [  restartedMain] o.f.c.i.s.JdbcTableSchemaHistory         : Repair of failed migration in Schema History table "public"."flyway_schema_history" not necessary. No failed migration detected.
2026-07-22 14:08:55.432  INFO 32570 --- [  restartedMain] o.f.core.internal.command.DbRepair       : Successfully repaired schema history table "public"."flyway_schema_history" (execution time 00:00.177s).
2026-07-22 14:08:55.434  INFO 32570 --- [  restartedMain] o.f.c.internal.license.VersionPrinter    : Flyway Community Edition 8.5.13 by Redgate
2026-07-22 14:08:55.434  INFO 32570 --- [  restartedMain] o.f.c.internal.license.VersionPrinter    : See what's new here: https://flywaydb.org/documentation/learnmore/releaseNotes#8.5.13
2026-07-22 14:08:55.434  INFO 32570 --- [  restartedMain] o.f.c.internal.license.VersionPrinter    : 
2026-07-22 14:08:55.437  INFO 32570 --- [  restartedMain] o.f.c.i.resource.ResourceNameValidator   : 1 SQL migrations were detected but not run because they did not follow the filename convention.
2026-07-22 14:08:55.437  INFO 32570 --- [  restartedMain] o.f.c.i.resource.ResourceNameValidator   : If this is in error, enable debug logging or 'validateMigrationNaming' to fail fast and see a list of the invalid file names.
2026-07-22 14:08:55.449  WARN 32570 --- [  restartedMain] o.f.c.internal.database.base.Database    : Flyway upgrade recommended: PostgreSQL 16.4 is newer than this version of Flyway and support has not been tested. The latest supported version of PostgreSQL is 14.
2026-07-22 14:08:55.576  INFO 32570 --- [  restartedMain] o.f.core.internal.command.DbMigrate      : Current version of schema "public": 166.0
2026-07-22 14:08:55.576  WARN 32570 --- [  restartedMain] o.f.core.internal.command.DbMigrate      : outOfOrder mode is active. Migration of schema "public" may not be reproducible.
2026-07-22 14:08:55.577  INFO 32570 --- [  restartedMain] o.f.core.internal.command.DbMigrate      : Schema "public" is up to date. No migration necessary.
2026-07-22 14:08:55.754  INFO 32570 --- [  restartedMain] o.hibernate.jpa.internal.util.LogHelper  : HHH000204: Processing PersistenceUnitInfo [name: default]
2026-07-22 14:08:55.773  INFO 32570 --- [  restartedMain] org.hibernate.dialect.Dialect            : HHH000400: Using dialect: org.hibernate.dialect.PostgreSQLDialect
2026-07-22 14:08:56.858  INFO 32570 --- [  restartedMain] b.i.HibernateSearchPreIntegrationService : HSEARCH000034: Hibernate Search version 6.2.5.Final
2026-07-22 14:09:02.161  INFO 32570 --- [  restartedMain] o.h.e.t.j.p.i.JtaPlatformInitiator       : HHH000490: Using JtaPlatform implementation: [org.hibernate.engine.transaction.jta.platform.internal.NoJtaPlatform]
2026-07-22 14:09:06.859  WARN 32570 --- [  restartedMain] o.h.s.b.l.impl.LuceneBackendFactory      : HSEARCH000075: Missing value for configuration property 'hibernate.search.backend.lucene_version': using LATEST (currently '8.11.2'). Context: default backend
2026-07-22 14:09:07.041  WARN 32570 --- [  restartedMain] o.h.s.e.c.s.ConfigurationPropertyChecker : HSEARCH000568: Invalid configuration passed to Hibernate Search: some properties in the given configuration are not used. There might be misspelled property keys in your configuration. Unused properties: [hibernate.search.indexing.automatic.enabled]. To disable this warning, set the property 'hibernate.search.configuration_property_checking.strategy' to 'ignore'.
2026-07-22 14:09:07.041  INFO 32570 --- [  restartedMain] j.LocalContainerEntityManagerFactoryBean : Initialized JPA EntityManagerFactory for persistence unit 'default'
2026-07-22 14:09:08.262  WARN 32570 --- [  restartedMain] o.h.dialect.function.TemplateRenderer    : HHH000174: Function template anticipated 4 arguments, but 1 arguments encountered
2026-07-22 14:09:09.260  WARN 32570 --- [  restartedMain] c.franco.dev.service.utils.ImageService  : Mac OS X
2026-07-22 14:09:09.472  INFO 32570 --- [  restartedMain] com.zaxxer.hikari.HikariDataSource       : HikariPool-3 - Starting...
2026-07-22 14:09:09.507  INFO 32570 --- [  restartedMain] com.zaxxer.hikari.HikariDataSource       : HikariPool-3 - Start completed.
2026-07-22 14:09:09.799  INFO 32570 --- [  restartedMain] c.f.d.s.p.UsuarioEmbeddingCacheService   : Caché de embeddings faciales: 0 usuarios activos con galería
2026-07-22 14:09:19.644  INFO 32570 --- [  restartedMain] c.franco.dev.fmc.service.FCMInitializer  : Initializing Firebase using config path: file:/opt/frc-backend-central/central/secrets/bodega-franco-frc-18e8c6ef35cf.json
2026-07-22 14:09:19.645 ERROR 32570 --- [  restartedMain] c.franco.dev.fmc.service.FCMInitializer  : Error initializing Firebase: config file not found at file:/opt/frc-backend-central/central/secrets/bodega-franco-frc-18e8c6ef35cf.json
2026-07-22 14:09:25.035  WARN 32570 --- [  restartedMain] o.h.dialect.function.TemplateRenderer    : HHH000174: Function template anticipated 4 arguments, but 1 arguments encountered
2026-07-22 14:09:25.035  WARN 32570 --- [  restartedMain] o.h.dialect.function.TemplateRenderer    : HHH000174: Function template anticipated 4 arguments, but 1 arguments encountered
2026-07-22 14:09:25.035  WARN 32570 --- [  restartedMain] o.h.dialect.function.TemplateRenderer    : HHH000174: Function template anticipated 4 arguments, but 1 arguments encountered
2026-07-22 14:09:25.035  WARN 32570 --- [  restartedMain] o.h.dialect.function.TemplateRenderer    : HHH000174: Function template anticipated 4 arguments, but 1 arguments encountered
2026-07-22 14:10:02.303  WARN 32570 --- [  restartedMain] g.kickstart.tools.SchemaClassScanner     : Cannot find definition for field 'estado: EstadoDE' on input type 'DocumentoElectronicoInput' -> com.franco.dev.graphql.financiero.input.DocumentoElectronicoInput. Try adding it manually to the dictionary
2026-07-22 14:10:03.117  WARN 32570 --- [  restartedMain] g.kickstart.tools.SchemaClassScanner     : Cannot find definition for field 'creadoEn: Date' on input type 'BarrioInput' -> com.franco.dev.graphql.general.input.BarrioInput. Try adding it manually to the dictionary
2026-07-22 14:10:03.141  WARN 32570 --- [  restartedMain] g.kickstart.tools.SchemaClassScanner     : Cannot find definition for field 'creadoEn: Date' on input type 'ContactoInput' -> com.franco.dev.graphql.general.input.ContactoInput. Try adding it manually to the dictionary
2026-07-22 14:10:03.408  WARN 32570 --- [  restartedMain] g.kickstart.tools.SchemaClassScanner     : Cannot find definition for field 'creadoEn: Date' on input type 'PaisInput' -> com.franco.dev.graphql.general.input.PaisInput. Try adding it manually to the dictionary
2026-07-22 14:10:05.208  WARN 32570 --- [  restartedMain] g.kickstart.tools.SchemaClassScanner     : Cannot find definition for field 'estadoVerificacion: EstadoVerificacion' on input type 'RecepcionMercaderiaItemInput' -> com.franco.dev.graphql.operaciones.input.RecepcionMercaderiaItemInput. Try adding it manually to the dictionary
2026-07-22 14:10:06.261  WARN 32570 --- [  restartedMain] g.kickstart.tools.SchemaClassScanner     : Cannot find definition for field 'creadoEn: Date' on input type 'ClienteInput' -> com.franco.dev.graphql.personas.input.ClienteInput. Try adding it manually to the dictionary
2026-07-22 14:10:06.332  WARN 32570 --- [  restartedMain] g.kickstart.tools.SchemaClassScanner     : Cannot find definition for field 'creadoEn: Date' on input type 'ProveedorDiasVisitaInput' -> com.franco.dev.graphql.personas.input.ProveedorDiasVisitaInput. Try adding it manually to the dictionary
2026-07-22 14:10:10.078  WARN 32570 --- [  restartedMain] g.kickstart.tools.SchemaClassScanner     : Schema type was defined but can never be accessed, and can be safely deleted: DateTime
2026-07-22 14:10:10.078  WARN 32570 --- [  restartedMain] g.kickstart.tools.SchemaClassScanner     : Schema type was defined but can never be accessed, and can be safely deleted: NotificacionPush
2026-07-22 14:10:10.078  WARN 32570 --- [  restartedMain] g.kickstart.tools.SchemaClassScanner     : Schema type was defined but can never be accessed, and can be safely deleted: ChequePage
2026-07-22 14:10:10.078  WARN 32570 --- [  restartedMain] g.kickstart.tools.SchemaClassScanner     : Schema type was defined but can never be accessed, and can be safely deleted: ChequeraPage
2026-07-22 14:10:10.078  WARN 32570 --- [  restartedMain] g.kickstart.tools.SchemaClassScanner     : Schema type was defined but can never be accessed, and can be safely deleted: EventoCancelacionDEInput
2026-07-22 14:10:10.078  WARN 32570 --- [  restartedMain] g.kickstart.tools.SchemaClassScanner     : Schema type was defined but can never be accessed, and can be safely deleted: EventoNominacionDEInput
2026-07-22 14:10:10.078  WARN 32570 --- [  restartedMain] g.kickstart.tools.SchemaClassScanner     : Schema type was defined but can never be accessed, and can be safely deleted: EventoInutilizacionDEInput
2026-07-22 14:10:10.078  WARN 32570 --- [  restartedMain] g.kickstart.tools.SchemaClassScanner     : Schema type was defined but can never be accessed, and can be safely deleted: Meses
2026-07-22 14:10:10.078  WARN 32570 --- [  restartedMain] g.kickstart.tools.SchemaClassScanner     : Schema type was defined but can never be accessed, and can be safely deleted: DeliveryUpdate
2026-07-22 14:10:10.078  WARN 32570 --- [  restartedMain] g.kickstart.tools.SchemaClassScanner     : Schema type was defined but can never be accessed, and can be safely deleted: ResumenMovimientoStock
2026-07-22 14:10:10.078  WARN 32570 --- [  restartedMain] g.kickstart.tools.SchemaClassScanner     : Schema type was defined but can never be accessed, and can be safely deleted: PagoDetallePage
2026-07-22 14:10:10.078  WARN 32570 --- [  restartedMain] g.kickstart.tools.SchemaClassScanner     : Schema type was defined but can never be accessed, and can be safely deleted: PagoPage
2026-07-22 14:10:10.078  WARN 32570 --- [  restartedMain] g.kickstart.tools.SchemaClassScanner     : Schema type was defined but can never be accessed, and can be safely deleted: SolicitudPagoMultipleRecepcionesInput
2026-07-22 14:10:10.078  WARN 32570 --- [  restartedMain] g.kickstart.tools.SchemaClassScanner     : Schema type was defined but can never be accessed, and can be safely deleted: SolicitudPagoNotaRecepcionInput
2026-07-22 14:10:10.078  WARN 32570 --- [  restartedMain] g.kickstart.tools.SchemaClassScanner     : Schema type was defined but can never be accessed, and can be safely deleted: PrintData
2026-07-22 14:10:10.078  WARN 32570 --- [  restartedMain] g.kickstart.tools.SchemaClassScanner     : Schema type was defined but can never be accessed, and can be safely deleted: ExistenciaCostoPorSucursal
2026-07-22 14:10:10.078  WARN 32570 --- [  restartedMain] g.kickstart.tools.SchemaClassScanner     : Schema type was defined but can never be accessed, and can be safely deleted: ProductoExistenciaCostos
2026-07-22 14:10:10.078  WARN 32570 --- [  restartedMain] g.kickstart.tools.SchemaClassScanner     : Schema type was defined but can never be accessed, and can be safely deleted: MultiPageInput
2026-07-22 14:10:10.082  WARN 32570 --- [  restartedMain] g.kickstart.tools.SchemaClassScanner     : Root query resolver was provided but no methods on it were used in data fetchers for GraphQL type 'Query'!  Either remove the graphql.kickstart.tools.GraphQLQueryResolver interface from the resolver or remove the resolver entirely: com.franco.dev.graphql.financiero.FacturaLegalItemGraphQL@7cd41abd
2026-07-22 14:10:10.082  WARN 32570 --- [  restartedMain] g.kickstart.tools.SchemaClassScanner     : Root query resolver was provided but no methods on it were used in data fetchers for GraphQL type 'Query'!  Either remove the graphql.kickstart.tools.GraphQLQueryResolver interface from the resolver or remove the resolver entirely: com.franco.dev.graphql.operaciones.RecepcionMercaderiaItemVariacionGraphQL@28951d67
2026-07-22 14:10:10.082  WARN 32570 --- [  restartedMain] g.kickstart.tools.SchemaClassScanner     : Root query resolver was provided but no methods on it were used in data fetchers for GraphQL type 'Query'!  Either remove the graphql.kickstart.tools.GraphQLQueryResolver interface from the resolver or remove the resolver entirely: com.franco.dev.graphql.productos.ProductoExistenciaCostoGraphQL@491cb1a6
2026-07-22 14:10:10.083  WARN 32570 --- [  restartedMain] g.kickstart.tools.SchemaClassScanner     : Root mutation resolver was provided but no methods on it were used in data fetchers for GraphQL type 'Mutation'!  Either remove the graphql.kickstart.tools.GraphQLMutationResolver interface from the resolver or remove the resolver entirely: com.franco.dev.graphql.financiero.FacturaLegalItemGraphQL@7cd41abd
2026-07-22 14:10:10.083  WARN 32570 --- [  restartedMain] g.kickstart.tools.SchemaClassScanner     : Root mutation resolver was provided but no methods on it were used in data fetchers for GraphQL type 'Mutation'!  Either remove the graphql.kickstart.tools.GraphQLMutationResolver interface from the resolver or remove the resolver entirely: com.franco.dev.graphql.print.PrintGraphQL@38fc8c91
2026-07-22 14:10:10.083  WARN 32570 --- [  restartedMain] g.kickstart.tools.SchemaClassScanner     : Root mutation resolver was provided but no methods on it were used in data fetchers for GraphQL type 'Mutation'!  Either remove the graphql.kickstart.tools.GraphQLMutationResolver interface from the resolver or remove the resolver entirely: com.franco.dev.graphql.productos.ProductoExistenciaCostoGraphQL@491cb1a6
2026-07-22 14:10:14.179  WARN 32570 --- [  restartedMain] JpaBaseConfiguration$JpaWebConfiguration : spring.jpa.open-in-view is enabled by default. Therefore, database queries may be performed during view rendering. Explicitly configure spring.jpa.open-in-view to disable this warning
2026-07-22 14:10:15.226  INFO 32570 --- [  restartedMain] o.s.b.w.embedded.tomcat.TomcatWebServer  : Tomcat started on port(s): 8081 (http) with context path ''
2026-07-22 14:10:15.232  INFO 32570 --- [  restartedMain] o.s.b.d.a.OptionalLiveReloadServer       : LiveReload server is running on port 35729
2026-07-22 14:10:15.234  INFO 32570 --- [  restartedMain] o.s.m.s.b.SimpleBrokerMessageHandler     : Starting...
2026-07-22 14:10:15.234  INFO 32570 --- [  restartedMain] o.s.m.s.b.SimpleBrokerMessageHandler     : BrokerAvailabilityEvent[available=true, SimpleBrokerMessageHandler [org.springframework.messaging.simp.broker.DefaultSubscriptionRegistry@54809a01]]
2026-07-22 14:10:15.234  INFO 32570 --- [  restartedMain] o.s.m.s.b.SimpleBrokerMessageHandler     : Started.
2026-07-22 14:10:15.261  INFO 32570 --- [  restartedMain] com.franco.dev.FrancoSystemsApplication  : Started FrancoSystemsApplication in 83.711 seconds (JVM running for 880.717)
2026-07-22 14:10:15.288  INFO 32570 --- [  restartedMain] .ConditionEvaluationDeltaLoggingListener : Condition evaluation unchanged
2026-07-22 14:11:15.256  INFO 32570 --- [MessageBroker-3] c.f.d.s.f.CotizacionMercadoScheduler     : Actualizacion automatica de cotizaciones de mercado
2026-07-22 14:11:16.658  INFO 32570 --- [MessageBroker-3] c.f.d.s.financiero.NorteCambiosScraper   : NorteCambiosScraper: 3 monedas obtenidas de nortecambios
2026-07-22 14:11:16.817  INFO 32570 --- [MessageBroker-3] c.f.d.s.f.CotizacionMercadoScheduler     : CotizacionMercadoScheduler: 3 monedas actualizadas
2026-07-22 14:13:12.027  INFO 32570 --- [0.0-8081-exec-1] o.a.c.c.C.[Tomcat].[localhost].[/]       : Initializing Spring DispatcherServlet 'dispatcherServlet'
2026-07-22 14:13:12.029  INFO 32570 --- [0.0-8081-exec-1] o.s.web.servlet.DispatcherServlet        : Initializing Servlet 'dispatcherServlet'
2026-07-22 14:13:12.549  INFO 32570 --- [0.0-8081-exec-1] o.s.b.a.e.web.EndpointLinksResolver      : Exposing 2 endpoint(s) beneath base path '/actuator'
2026-07-22 14:13:12.686  INFO 32570 --- [0.0-8081-exec-1] o.s.web.servlet.DispatcherServlet        : Completed initialization in 657 ms
2026-07-22 14:13:12.779  INFO 32570 --- [0.0-8081-exec-1] o.s.s.web.DefaultSecurityFilterChain     : Will secure any request with [org.springframework.security.web.session.DisableEncodeUrlFilter@250302e0, org.springframework.security.web.context.request.async.WebAsyncManagerIntegrationFilter@3008e35d, org.springframework.security.web.context.SecurityContextPersistenceFilter@19d862fd, org.springframework.security.web.header.HeaderWriterFilter@31f5509f, org.springframework.web.filter.CorsFilter@24ce9f00, org.springframework.security.web.authentication.logout.LogoutFilter@254105cb, com.franco.dev.security.JwtAuthenticationTokenFilter@708025e4, org.springframework.security.web.savedrequest.RequestCacheAwareFilter@ddc90, org.springframework.security.web.servletapi.SecurityContextHolderAwareRequestFilter@23455173, org.springframework.security.web.authentication.AnonymousAuthenticationFilter@a41805c, org.springframework.security.web.session.SessionManagementFilter@c6a2091, org.springframework.security.web.access.ExceptionTranslationFilter@5b3ea95c, org.springframework.security.web.access.intercept.FilterSecurityInterceptor@1836c2ff]
[INFO] ------------------------------------------------------------------------
[INFO] BUILD FAILURE
[INFO] ------------------------------------------------------------------------
[INFO] Total time:  24:11 min
[INFO] Finished at: 2026-07-22T14:19:04-03:00
[INFO] ------------------------------------------------------------------------
[ERROR] Failed to execute goal org.springframework.boot:spring-boot-maven-plugin:2.7.18:run (default-cli) on project franco-dev-systems: Application finished with exit code: 137 -> [Help 1]
[ERROR] 
[ERROR] To see the full stack trace of the errors, re-run Maven with the -e switch.
[ERROR] Re-run Maven using the -X switch to enable full debug logging.
[ERROR] 
[ERROR] For more information about the errors and possible solutions, please read the following articles:
[ERROR] [Help 1] http://cwiki.apache.org/confluence/display/MAVEN/MojoExecutionException
