[INFO] Scanning for projects...
[INFO] 
[INFO] -----------------< com.franco.dev:franco-dev-systems >------------------
[INFO] Building Franco Systems 3.0.9
[INFO] --------------------------------[ jar ]---------------------------------
[INFO] 
[INFO] >>> spring-boot-maven-plugin:2.7.18:run (default-cli) > test-compile @ franco-dev-systems >>>
[INFO] 
[INFO] --- maven-clean-plugin:3.1.0:clean (auto-clean) @ franco-dev-systems ---
[INFO] Deleting /Users/gabfranck/workspace/frc-sistemas-informaticos/frc-comercial/central/target
[INFO] 
[INFO] --- maven-resources-plugin:3.2.0:resources (default-resources) @ franco-dev-systems ---
[INFO] Using 'UTF-8' encoding to copy filtered resources.
[INFO] Using 'UTF-8' encoding to copy filtered properties files.
[INFO] Copying 4 resources
[INFO] Copying 466 resources
[INFO] 
[INFO] --- maven-resources-plugin:3.2.0:resources (copy-resources) @ franco-dev-systems ---
[INFO] Using 'UTF-8' encoding to copy filtered resources.
[INFO] Using 'UTF-8' encoding to copy filtered properties files.
[INFO] Copying 4 resources
[INFO] Copying 466 resources
[INFO] 
[INFO] --- exec-maven-plugin:3.0.0:exec (cleanup-duplicate-migrations) @ franco-dev-systems ---
Scanning for duplicate migration files in ./target/classes/db/migration...
Duplicate migration cleanup complete.
[INFO] 
[INFO] --- flyway-maven-plugin:8.5.13:validate (default) @ franco-dev-systems ---
[INFO] Skipping Flyway execution
[INFO] 
[INFO] --- maven-compiler-plugin:3.10.1:compile (default-compile) @ franco-dev-systems ---
[INFO] Changes detected - recompiling the module!
[INFO] Compiling 1598 source files to /Users/gabfranck/workspace/frc-sistemas-informaticos/frc-comercial/central/target/classes
[INFO] /Users/gabfranck/workspace/frc-sistemas-informaticos/frc-comercial/central/src/main/java/com/franco/dev/service/CrudService.java: Some input files use or override a deprecated API.
[INFO] /Users/gabfranck/workspace/frc-sistemas-informaticos/frc-comercial/central/src/main/java/com/franco/dev/service/CrudService.java: Recompile with -Xlint:deprecation for details.
[INFO] /Users/gabfranck/workspace/frc-sistemas-informaticos/frc-comercial/central/src/main/java/com/franco/dev/graphql/financiero/resolver/GastoResolver.java: /Users/gabfranck/workspace/frc-sistemas-informaticos/frc-comercial/central/src/main/java/com/franco/dev/graphql/financiero/resolver/GastoResolver.java uses or overrides a deprecated API that is marked for removal.
[INFO] /Users/gabfranck/workspace/frc-sistemas-informaticos/frc-comercial/central/src/main/java/com/franco/dev/graphql/financiero/resolver/GastoResolver.java: Recompile with -Xlint:removal for details.
[INFO] /Users/gabfranck/workspace/frc-sistemas-informaticos/frc-comercial/central/src/main/java/com/franco/dev/service/CrudService.java: Some input files use unchecked or unsafe operations.
[INFO] /Users/gabfranck/workspace/frc-sistemas-informaticos/frc-comercial/central/src/main/java/com/franco/dev/service/CrudService.java: Recompile with -Xlint:unchecked for details.
[INFO] 
[INFO] --- maven-resources-plugin:3.2.0:testResources (default-testResources) @ franco-dev-systems ---
[INFO] Using 'UTF-8' encoding to copy filtered resources.
[INFO] Using 'UTF-8' encoding to copy filtered properties files.
[INFO] skip non existing resourceDirectory /Users/gabfranck/workspace/frc-sistemas-informaticos/frc-comercial/central/src/test/resources
[INFO] 
[INFO] --- maven-compiler-plugin:3.10.1:testCompile (default-testCompile) @ franco-dev-systems ---
[INFO] Changes detected - recompiling the module!
[INFO] Compiling 18 source files to /Users/gabfranck/workspace/frc-sistemas-informaticos/frc-comercial/central/target/test-classes
[INFO] 
[INFO] <<< spring-boot-maven-plugin:2.7.18:run (default-cli) < test-compile @ franco-dev-systems <<<
[INFO] 
[INFO] 
[INFO] --- spring-boot-maven-plugin:2.7.18:run (default-cli) @ franco-dev-systems ---
[INFO] Attaching agents: []
Iniciando sistema
14:49:34.603 [Thread-0] DEBUG org.springframework.boot.devtools.restart.classloader.RestartClassLoader - Created RestartClassLoader org.springframework.boot.devtools.restart.classloader.RestartClassLoader@58ab55a9
Iniciando sistema

  .   ____          _            __ _ _
 /\\ / ___'_ __ _ _(_)_ __  __ _ \ \ \ \
( ( )\___ | '_ | '_| | '_ \/ _` | \ \ \ \
 \\/  ___)| |_)| | | | | || (_| |  ) ) ) )
  '  |____| .__|_| |_|_| |_\__, | / / / /
 =========|_|==============|___/=/_/_/_/
 :: Spring Boot ::               (v2.7.18)

2026-07-21 14:49:35.094  INFO 24448 --- [  restartedMain] com.franco.dev.FrancoSystemsApplication  : Starting FrancoSystemsApplication using Java 17.0.17 on IMACs-iMac.local with PID 24448 (/Users/gabfranck/workspace/frc-sistemas-informaticos/frc-comercial/central/target/classes started by gabfranck in /Users/gabfranck/workspace/frc-sistemas-informaticos/frc-comercial/central)
2026-07-21 14:49:35.095  INFO 24448 --- [  restartedMain] com.franco.dev.FrancoSystemsApplication  : The following 1 profile is active: "dev"
2026-07-21 14:49:35.162  INFO 24448 --- [  restartedMain] .e.DevToolsPropertyDefaultsPostProcessor : Devtools property defaults active! Set 'spring.devtools.add-properties' to 'false' to disable
2026-07-21 14:49:35.162  INFO 24448 --- [  restartedMain] .e.DevToolsPropertyDefaultsPostProcessor : For additional web related logging consider setting the 'logging.level.web' property to 'DEBUG'
2026-07-21 14:49:37.239  INFO 24448 --- [  restartedMain] .s.d.r.c.RepositoryConfigurationDelegate : Bootstrapping Spring Data JPA repositories in DEFAULT mode.
2026-07-21 14:49:38.255  INFO 24448 --- [  restartedMain] .s.d.r.c.RepositoryConfigurationDelegate : Finished Spring Data repository scanning in 1006 ms. Found 220 JPA repository interfaces.
2026-07-21 14:49:40.396  INFO 24448 --- [  restartedMain] o.s.b.w.embedded.tomcat.TomcatWebServer  : Tomcat initialized with port(s): 8081 (http)
2026-07-21 14:49:40.410  INFO 24448 --- [  restartedMain] o.apache.catalina.core.StandardService   : Starting service [Tomcat]
2026-07-21 14:49:40.410  INFO 24448 --- [  restartedMain] org.apache.catalina.core.StandardEngine  : Starting Servlet engine: [Apache Tomcat/9.0.83]
2026-07-21 14:49:40.569  INFO 24448 --- [  restartedMain] o.a.c.c.C.[Tomcat].[localhost].[/]       : Initializing Spring embedded WebApplicationContext
2026-07-21 14:49:40.569  INFO 24448 --- [  restartedMain] w.s.c.ServletWebServerApplicationContext : Root WebApplicationContext: initialization completed in 5407 ms
2026-07-21 14:49:40.935  INFO 24448 --- [  restartedMain] c.f.d.c.RetryableDatabasePostProcessor   : -----> configuring a retryable datasource for beanName = dataSource
2026-07-21 14:49:40.996  INFO 24448 --- [  restartedMain] c.f.dev.config.multitenant.FlywayConfig  : Scanning for duplicate migrations in: target/classes/db/migration
2026-07-21 14:49:41.012  INFO 24448 --- [  restartedMain] c.f.dev.config.multitenant.FlywayConfig  : Duplicate migration cleanup complete
2026-07-21 14:49:41.068  INFO 24448 --- [  restartedMain] o.f.c.internal.license.VersionPrinter    : Flyway Community Edition 8.5.13 by Redgate
2026-07-21 14:49:41.068  INFO 24448 --- [  restartedMain] o.f.c.internal.license.VersionPrinter    : See what's new here: https://flywaydb.org/documentation/learnmore/releaseNotes#8.5.13
2026-07-21 14:49:41.068  INFO 24448 --- [  restartedMain] o.f.c.internal.license.VersionPrinter    : 
2026-07-21 14:49:41.096  INFO 24448 --- [  restartedMain] o.f.c.i.resource.ResourceNameValidator   : 1 SQL migrations were detected but not run because they did not follow the filename convention.
2026-07-21 14:49:41.097  INFO 24448 --- [  restartedMain] o.f.c.i.resource.ResourceNameValidator   : If this is in error, enable debug logging or 'validateMigrationNaming' to fail fast and see a list of the invalid file names.
2026-07-21 14:49:41.221  INFO 24448 --- [  restartedMain] o.f.c.i.database.base.BaseDatabaseType   : Database: jdbc:postgresql://localhost:5551/bodega_producto_devoluciones (PostgreSQL 16.4)
2026-07-21 14:49:41.234  WARN 24448 --- [  restartedMain] o.f.c.internal.database.base.Database    : Flyway upgrade recommended: PostgreSQL 16.4 is newer than this version of Flyway and support has not been tested. The latest supported version of PostgreSQL is 14.
2026-07-21 14:49:41.280  INFO 24448 --- [  restartedMain] o.f.c.i.s.JdbcTableSchemaHistory         : Repair of failed migration in Schema History table "public"."flyway_schema_history" not necessary. No failed migration detected.
2026-07-21 14:49:41.449  INFO 24448 --- [  restartedMain] o.f.core.internal.command.DbRepair       : Successfully repaired schema history table "public"."flyway_schema_history" (execution time 00:00.198s).
2026-07-21 14:49:41.453  INFO 24448 --- [  restartedMain] o.f.c.internal.license.VersionPrinter    : Flyway Community Edition 8.5.13 by Redgate
2026-07-21 14:49:41.453  INFO 24448 --- [  restartedMain] o.f.c.internal.license.VersionPrinter    : See what's new here: https://flywaydb.org/documentation/learnmore/releaseNotes#8.5.13
2026-07-21 14:49:41.453  INFO 24448 --- [  restartedMain] o.f.c.internal.license.VersionPrinter    : 
2026-07-21 14:49:41.457  INFO 24448 --- [  restartedMain] o.f.c.i.resource.ResourceNameValidator   : 1 SQL migrations were detected but not run because they did not follow the filename convention.
2026-07-21 14:49:41.457  INFO 24448 --- [  restartedMain] o.f.c.i.resource.ResourceNameValidator   : If this is in error, enable debug logging or 'validateMigrationNaming' to fail fast and see a list of the invalid file names.
2026-07-21 14:49:41.469  WARN 24448 --- [  restartedMain] o.f.c.internal.database.base.Database    : Flyway upgrade recommended: PostgreSQL 16.4 is newer than this version of Flyway and support has not been tested. The latest supported version of PostgreSQL is 14.
2026-07-21 14:49:41.581  INFO 24448 --- [  restartedMain] o.f.core.internal.command.DbMigrate      : Current version of schema "public": 164.1
2026-07-21 14:49:41.582  WARN 24448 --- [  restartedMain] o.f.core.internal.command.DbMigrate      : outOfOrder mode is active. Migration of schema "public" may not be reproducible.
2026-07-21 14:49:41.582  INFO 24448 --- [  restartedMain] o.f.core.internal.command.DbMigrate      : Schema "public" is up to date. No migration necessary.
2026-07-21 14:49:41.781  INFO 24448 --- [  restartedMain] o.hibernate.jpa.internal.util.LogHelper  : HHH000204: Processing PersistenceUnitInfo [name: default]
2026-07-21 14:49:41.850  INFO 24448 --- [  restartedMain] org.hibernate.Version                    : HHH000412: Hibernate ORM core version 5.6.15.Final
2026-07-21 14:49:42.147  INFO 24448 --- [  restartedMain] o.hibernate.annotations.common.Version   : HCANN000001: Hibernate Commons Annotations {5.1.2.Final}
2026-07-21 14:49:42.281  INFO 24448 --- [  restartedMain] org.hibernate.dialect.Dialect            : HHH000400: Using dialect: org.hibernate.dialect.PostgreSQLDialect
2026-07-21 14:49:42.987  INFO 24448 --- [  restartedMain] b.i.HibernateSearchPreIntegrationService : HSEARCH000034: Hibernate Search version 6.2.5.Final
2026-07-21 14:49:45.990  INFO 24448 --- [  restartedMain] o.h.e.t.j.p.i.JtaPlatformInitiator       : HHH000490: Using JtaPlatform implementation: [org.hibernate.engine.transaction.jta.platform.internal.NoJtaPlatform]
2026-07-21 14:49:46.900  WARN 24448 --- [  restartedMain] o.h.s.b.l.impl.LuceneBackendFactory      : HSEARCH000075: Missing value for configuration property 'hibernate.search.backend.lucene_version': using LATEST (currently '8.11.2'). Context: default backend
2026-07-21 14:49:47.438  WARN 24448 --- [  restartedMain] o.h.s.e.c.s.ConfigurationPropertyChecker : HSEARCH000568: Invalid configuration passed to Hibernate Search: some properties in the given configuration are not used. There might be misspelled property keys in your configuration. Unused properties: [hibernate.search.indexing.automatic.enabled]. To disable this warning, set the property 'hibernate.search.configuration_property_checking.strategy' to 'ignore'.
2026-07-21 14:49:47.440  INFO 24448 --- [  restartedMain] j.LocalContainerEntityManagerFactoryBean : Initialized JPA EntityManagerFactory for persistence unit 'default'
2026-07-21 14:49:48.056  WARN 24448 --- [  restartedMain] o.h.dialect.function.TemplateRenderer    : HHH000174: Function template anticipated 4 arguments, but 1 arguments encountered
2026-07-21 14:49:48.350  WARN 24448 --- [  restartedMain] c.franco.dev.service.utils.ImageService  : Mac OS X
2026-07-21 14:49:48.407  INFO 24448 --- [  restartedMain] com.zaxxer.hikari.HikariDataSource       : HikariPool-1 - Starting...
2026-07-21 14:49:48.432  INFO 24448 --- [  restartedMain] com.zaxxer.hikari.HikariDataSource       : HikariPool-1 - Start completed.
2026-07-21 14:49:48.635  INFO 24448 --- [  restartedMain] c.f.d.s.p.UsuarioEmbeddingCacheService   : Caché de embeddings faciales: 0 usuarios activos con galería
2026-07-21 14:49:52.640  INFO 24448 --- [  restartedMain] c.franco.dev.fmc.service.FCMInitializer  : Initializing Firebase using config path: file:/opt/frc-backend-central/central/secrets/bodega-franco-frc-18e8c6ef35cf.json
2026-07-21 14:49:52.640 ERROR 24448 --- [  restartedMain] c.franco.dev.fmc.service.FCMInitializer  : Error initializing Firebase: config file not found at file:/opt/frc-backend-central/central/secrets/bodega-franco-frc-18e8c6ef35cf.json
2026-07-21 14:49:56.284  WARN 24448 --- [  restartedMain] o.h.dialect.function.TemplateRenderer    : HHH000174: Function template anticipated 4 arguments, but 1 arguments encountered
2026-07-21 14:49:56.285  WARN 24448 --- [  restartedMain] o.h.dialect.function.TemplateRenderer    : HHH000174: Function template anticipated 4 arguments, but 1 arguments encountered
2026-07-21 14:49:56.285  WARN 24448 --- [  restartedMain] o.h.dialect.function.TemplateRenderer    : HHH000174: Function template anticipated 4 arguments, but 1 arguments encountered
2026-07-21 14:49:56.285  WARN 24448 --- [  restartedMain] o.h.dialect.function.TemplateRenderer    : HHH000174: Function template anticipated 4 arguments, but 1 arguments encountered
2026-07-21 14:50:14.036  WARN 24448 --- [  restartedMain] g.kickstart.tools.SchemaClassScanner     : Cannot find definition for field 'estado: EstadoDE' on input type 'DocumentoElectronicoInput' -> com.franco.dev.graphql.financiero.input.DocumentoElectronicoInput. Try adding it manually to the dictionary
2026-07-21 14:50:14.440  WARN 24448 --- [  restartedMain] g.kickstart.tools.SchemaClassScanner     : Cannot find definition for field 'creadoEn: Date' on input type 'BarrioInput' -> com.franco.dev.graphql.general.input.BarrioInput. Try adding it manually to the dictionary
2026-07-21 14:50:14.459  WARN 24448 --- [  restartedMain] g.kickstart.tools.SchemaClassScanner     : Cannot find definition for field 'creadoEn: Date' on input type 'ContactoInput' -> com.franco.dev.graphql.general.input.ContactoInput. Try adding it manually to the dictionary
2026-07-21 14:50:14.467  WARN 24448 --- [  restartedMain] g.kickstart.tools.SchemaClassScanner     : Cannot find definition for field 'creadoEn: Date' on input type 'PaisInput' -> com.franco.dev.graphql.general.input.PaisInput. Try adding it manually to the dictionary
2026-07-21 14:50:15.075  WARN 24448 --- [  restartedMain] g.kickstart.tools.SchemaClassScanner     : Cannot find definition for field 'estadoVerificacion: EstadoVerificacion' on input type 'RecepcionMercaderiaItemInput' -> com.franco.dev.graphql.operaciones.input.RecepcionMercaderiaItemInput. Try adding it manually to the dictionary
2026-07-21 14:50:15.424  WARN 24448 --- [  restartedMain] g.kickstart.tools.SchemaClassScanner     : Cannot find definition for field 'creadoEn: Date' on input type 'ClienteInput' -> com.franco.dev.graphql.personas.input.ClienteInput. Try adding it manually to the dictionary
2026-07-21 14:50:15.498  WARN 24448 --- [  restartedMain] g.kickstart.tools.SchemaClassScanner     : Cannot find definition for field 'creadoEn: Date' on input type 'ProveedorDiasVisitaInput' -> com.franco.dev.graphql.personas.input.ProveedorDiasVisitaInput. Try adding it manually to the dictionary
2026-07-21 14:50:17.294  WARN 24448 --- [  restartedMain] g.kickstart.tools.SchemaClassScanner     : Schema type was defined but can never be accessed, and can be safely deleted: DateTime
2026-07-21 14:50:17.294  WARN 24448 --- [  restartedMain] g.kickstart.tools.SchemaClassScanner     : Schema type was defined but can never be accessed, and can be safely deleted: NotificacionPush
2026-07-21 14:50:17.294  WARN 24448 --- [  restartedMain] g.kickstart.tools.SchemaClassScanner     : Schema type was defined but can never be accessed, and can be safely deleted: ChequePage
2026-07-21 14:50:17.294  WARN 24448 --- [  restartedMain] g.kickstart.tools.SchemaClassScanner     : Schema type was defined but can never be accessed, and can be safely deleted: ChequeraPage
2026-07-21 14:50:17.295  WARN 24448 --- [  restartedMain] g.kickstart.tools.SchemaClassScanner     : Schema type was defined but can never be accessed, and can be safely deleted: EventoCancelacionDEInput
2026-07-21 14:50:17.295  WARN 24448 --- [  restartedMain] g.kickstart.tools.SchemaClassScanner     : Schema type was defined but can never be accessed, and can be safely deleted: EventoNominacionDEInput
2026-07-21 14:50:17.295  WARN 24448 --- [  restartedMain] g.kickstart.tools.SchemaClassScanner     : Schema type was defined but can never be accessed, and can be safely deleted: EventoInutilizacionDEInput
2026-07-21 14:50:17.295  WARN 24448 --- [  restartedMain] g.kickstart.tools.SchemaClassScanner     : Schema type was defined but can never be accessed, and can be safely deleted: Meses
2026-07-21 14:50:17.295  WARN 24448 --- [  restartedMain] g.kickstart.tools.SchemaClassScanner     : Schema type was defined but can never be accessed, and can be safely deleted: DeliveryUpdate
2026-07-21 14:50:17.295  WARN 24448 --- [  restartedMain] g.kickstart.tools.SchemaClassScanner     : Schema type was defined but can never be accessed, and can be safely deleted: ResumenMovimientoStock
2026-07-21 14:50:17.295  WARN 24448 --- [  restartedMain] g.kickstart.tools.SchemaClassScanner     : Schema type was defined but can never be accessed, and can be safely deleted: PagoDetallePage
2026-07-21 14:50:17.295  WARN 24448 --- [  restartedMain] g.kickstart.tools.SchemaClassScanner     : Schema type was defined but can never be accessed, and can be safely deleted: PagoPage
2026-07-21 14:50:17.295  WARN 24448 --- [  restartedMain] g.kickstart.tools.SchemaClassScanner     : Schema type was defined but can never be accessed, and can be safely deleted: SolicitudPagoMultipleRecepcionesInput
2026-07-21 14:50:17.295  WARN 24448 --- [  restartedMain] g.kickstart.tools.SchemaClassScanner     : Schema type was defined but can never be accessed, and can be safely deleted: SolicitudPagoNotaRecepcionInput
2026-07-21 14:50:17.295  WARN 24448 --- [  restartedMain] g.kickstart.tools.SchemaClassScanner     : Schema type was defined but can never be accessed, and can be safely deleted: PrintData
2026-07-21 14:50:17.295  WARN 24448 --- [  restartedMain] g.kickstart.tools.SchemaClassScanner     : Schema type was defined but can never be accessed, and can be safely deleted: ExistenciaCostoPorSucursal
2026-07-21 14:50:17.295  WARN 24448 --- [  restartedMain] g.kickstart.tools.SchemaClassScanner     : Schema type was defined but can never be accessed, and can be safely deleted: ProductoExistenciaCostos
2026-07-21 14:50:17.295  WARN 24448 --- [  restartedMain] g.kickstart.tools.SchemaClassScanner     : Schema type was defined but can never be accessed, and can be safely deleted: MultiPageInput
2026-07-21 14:50:17.302  WARN 24448 --- [  restartedMain] g.kickstart.tools.SchemaClassScanner     : Root query resolver was provided but no methods on it were used in data fetchers for GraphQL type 'Query'!  Either remove the graphql.kickstart.tools.GraphQLQueryResolver interface from the resolver or remove the resolver entirely: com.franco.dev.graphql.financiero.FacturaLegalItemGraphQL@ee5f71b
2026-07-21 14:50:17.302  WARN 24448 --- [  restartedMain] g.kickstart.tools.SchemaClassScanner     : Root query resolver was provided but no methods on it were used in data fetchers for GraphQL type 'Query'!  Either remove the graphql.kickstart.tools.GraphQLQueryResolver interface from the resolver or remove the resolver entirely: com.franco.dev.graphql.operaciones.RecepcionMercaderiaItemVariacionGraphQL@19d4407
2026-07-21 14:50:17.302  WARN 24448 --- [  restartedMain] g.kickstart.tools.SchemaClassScanner     : Root query resolver was provided but no methods on it were used in data fetchers for GraphQL type 'Query'!  Either remove the graphql.kickstart.tools.GraphQLQueryResolver interface from the resolver or remove the resolver entirely: com.franco.dev.graphql.productos.ProductoExistenciaCostoGraphQL@57852a60
2026-07-21 14:50:17.303  WARN 24448 --- [  restartedMain] g.kickstart.tools.SchemaClassScanner     : Root mutation resolver was provided but no methods on it were used in data fetchers for GraphQL type 'Mutation'!  Either remove the graphql.kickstart.tools.GraphQLMutationResolver interface from the resolver or remove the resolver entirely: com.franco.dev.graphql.financiero.FacturaLegalItemGraphQL@ee5f71b
2026-07-21 14:50:17.303  WARN 24448 --- [  restartedMain] g.kickstart.tools.SchemaClassScanner     : Root mutation resolver was provided but no methods on it were used in data fetchers for GraphQL type 'Mutation'!  Either remove the graphql.kickstart.tools.GraphQLMutationResolver interface from the resolver or remove the resolver entirely: com.franco.dev.graphql.print.PrintGraphQL@69010a76
2026-07-21 14:50:17.303  WARN 24448 --- [  restartedMain] g.kickstart.tools.SchemaClassScanner     : Root mutation resolver was provided but no methods on it were used in data fetchers for GraphQL type 'Mutation'!  Either remove the graphql.kickstart.tools.GraphQLMutationResolver interface from the resolver or remove the resolver entirely: com.franco.dev.graphql.productos.ProductoExistenciaCostoGraphQL@57852a60
2026-07-21 14:50:18.619  WARN 24448 --- [  restartedMain] JpaBaseConfiguration$JpaWebConfiguration : spring.jpa.open-in-view is enabled by default. Therefore, database queries may be performed during view rendering. Explicitly configure spring.jpa.open-in-view to disable this warning
2026-07-21 14:50:19.613  INFO 24448 --- [  restartedMain] o.s.b.w.embedded.tomcat.TomcatWebServer  : Tomcat started on port(s): 8081 (http) with context path ''
2026-07-21 14:50:19.630  INFO 24448 --- [  restartedMain] o.s.b.d.a.OptionalLiveReloadServer       : LiveReload server is running on port 35729
2026-07-21 14:50:19.632  INFO 24448 --- [  restartedMain] o.s.m.s.b.SimpleBrokerMessageHandler     : Starting...
2026-07-21 14:50:19.633  INFO 24448 --- [  restartedMain] o.s.m.s.b.SimpleBrokerMessageHandler     : BrokerAvailabilityEvent[available=true, SimpleBrokerMessageHandler [org.springframework.messaging.simp.broker.DefaultSubscriptionRegistry@601e9508]]
2026-07-21 14:50:19.633  INFO 24448 --- [  restartedMain] o.s.m.s.b.SimpleBrokerMessageHandler     : Started.
2026-07-21 14:50:19.674  INFO 24448 --- [  restartedMain] com.franco.dev.FrancoSystemsApplication  : Started FrancoSystemsApplication in 45.06 seconds (JVM running for 45.956)
2026-07-21 14:50:20.203  INFO 24448 --- [0.0-8081-exec-1] o.a.c.c.C.[Tomcat].[localhost].[/]       : Initializing Spring DispatcherServlet 'dispatcherServlet'
2026-07-21 14:50:20.203  INFO 24448 --- [0.0-8081-exec-1] o.s.web.servlet.DispatcherServlet        : Initializing Servlet 'dispatcherServlet'
2026-07-21 14:50:20.606  INFO 24448 --- [0.0-8081-exec-1] o.s.b.a.e.web.EndpointLinksResolver      : Exposing 2 endpoint(s) beneath base path '/actuator'
2026-07-21 14:50:20.800  INFO 24448 --- [0.0-8081-exec-1] o.s.web.servlet.DispatcherServlet        : Completed initialization in 597 ms
2026-07-21 14:50:20.964  INFO 24448 --- [0.0-8081-exec-1] o.s.s.web.DefaultSecurityFilterChain     : Will secure any request with [org.springframework.security.web.session.DisableEncodeUrlFilter@40c66075, org.springframework.security.web.context.request.async.WebAsyncManagerIntegrationFilter@50d2e403, org.springframework.security.web.context.SecurityContextPersistenceFilter@233a9903, org.springframework.security.web.header.HeaderWriterFilter@2d6e245b, org.springframework.web.filter.CorsFilter@4d6a242e, org.springframework.security.web.authentication.logout.LogoutFilter@385a90e, com.franco.dev.security.JwtAuthenticationTokenFilter@483524f6, org.springframework.security.web.savedrequest.RequestCacheAwareFilter@25d0d09d, org.springframework.security.web.servletapi.SecurityContextHolderAwareRequestFilter@26eb0ada, org.springframework.security.web.authentication.AnonymousAuthenticationFilter@1c75716a, org.springframework.security.web.session.SessionManagementFilter@4edf5519, org.springframework.security.web.access.ExceptionTranslationFilter@11579271, org.springframework.security.web.access.intercept.FilterSecurityInterceptor@3e8a6f71]
2026-07-21 14:51:19.670  INFO 24448 --- [MessageBroker-2] c.f.d.s.f.CotizacionMercadoScheduler     : Actualizacion automatica de cotizaciones de mercado
2026-07-21 14:51:21.147  INFO 24448 --- [MessageBroker-2] c.f.d.s.financiero.NorteCambiosScraper   : NorteCambiosScraper: 3 monedas obtenidas de nortecambios
2026-07-21 14:51:21.258  INFO 24448 --- [MessageBroker-2] c.f.d.s.f.CotizacionMercadoScheduler     : CotizacionMercadoScheduler: 3 monedas actualizadas
Successfully Authentication
Successfully Authentication
Successfully Authentication
Successfully Authentication
Successfully Authentication
Successfully Authentication
Successfully Authentication
Successfully Authentication
Successfully Authentication
Successfully Authentication
Successfully Authentication
Successfully Authentication
Successfully Authentication
Successfully Authentication
Successfully Authentication
Successfully Authentication
Successfully Authentication
Successfully Authentication
Successfully Authentication
Successfully Authentication
Successfully Authentication
Successfully Authentication
Successfully Authentication
Successfully Authentication
Successfully Authentication
Successfully Authentication
Successfully Authentication
Successfully Authentication
Successfully Authentication
Successfully Authentication
Successfully Authentication
Successfully Authentication
Successfully Authentication
Successfully Authentication
Successfully Authentication
Successfully Authentication
Successfully Authentication
Successfully Authentication
Successfully Authentication
Successfully Authentication
Successfully Authentication
Successfully Authentication
Successfully Authentication
Successfully Authentication
Successfully Authentication
Successfully Authentication
Successfully Authentication
Successfully Authentication
Successfully Authentication
Successfully Authentication
Successfully Authentication
Successfully Authentication
Successfully Authentication
Successfully Authentication
Successfully Authentication
Successfully Authentication
Successfully Authentication
Successfully Authentication
Successfully Authentication
Successfully Authentication
Successfully Authentication
Successfully Authentication
Successfully Authentication
Successfully Authentication
Successfully Authentication
Successfully Authentication
Successfully Authentication
Successfully Authentication
Successfully Authentication
Successfully Authentication
Successfully Authentication
Successfully Authentication
Successfully Authentication
Successfully Authentication
Successfully Authentication
Successfully Authentication
Successfully Authentication
Successfully Authentication
Successfully Authentication
Successfully Authentication
Successfully Authentication
Successfully Authentication
Successfully Authentication
Successfully Authentication
Successfully Authentication
Successfully Authentication
2026-07-21 15:01:21.271  INFO 24448 --- [MessageBroker-2] c.f.d.s.f.CotizacionMercadoScheduler     : Actualizacion automatica de cotizaciones de mercado
2026-07-21 15:01:22.744  INFO 24448 --- [MessageBroker-2] c.f.d.s.financiero.NorteCambiosScraper   : NorteCambiosScraper: 3 monedas obtenidas de nortecambios
2026-07-21 15:01:22.774  INFO 24448 --- [MessageBroker-2] c.f.d.s.f.CotizacionMercadoScheduler     : CotizacionMercadoScheduler: 3 monedas actualizadas
Successfully Authentication
Successfully Authentication
Successfully Authentication
Successfully Authentication
2026-07-21 15:11:22.782  INFO 24448 --- [MessageBroker-3] c.f.d.s.f.CotizacionMercadoScheduler     : Actualizacion automatica de cotizaciones de mercado
2026-07-21 15:11:24.148  INFO 24448 --- [MessageBroker-3] c.f.d.s.financiero.NorteCambiosScraper   : NorteCambiosScraper: 3 monedas obtenidas de nortecambios
2026-07-21 15:11:24.157  INFO 24448 --- [MessageBroker-3] c.f.d.s.f.CotizacionMercadoScheduler     : CotizacionMercadoScheduler: 3 monedas actualizadas
Successfully Authentication
Successfully Authentication
Successfully Authentication
Successfully Authentication
2026-07-21 15:21:24.180  INFO 24448 --- [MessageBroker-1] c.f.d.s.f.CotizacionMercadoScheduler     : Actualizacion automatica de cotizaciones de mercado
2026-07-21 15:21:25.538  INFO 24448 --- [MessageBroker-1] c.f.d.s.financiero.NorteCambiosScraper   : NorteCambiosScraper: 3 monedas obtenidas de nortecambios
2026-07-21 15:21:25.556  INFO 24448 --- [MessageBroker-1] c.f.d.s.f.CotizacionMercadoScheduler     : CotizacionMercadoScheduler: 3 monedas actualizadas
Successfully Authentication
Successfully Authentication
Successfully Authentication
Successfully Authentication
2026-07-21 15:31:25.568  INFO 24448 --- [MessageBroker-4] c.f.d.s.f.CotizacionMercadoScheduler     : Actualizacion automatica de cotizaciones de mercado
2026-07-21 15:31:26.935  INFO 24448 --- [MessageBroker-4] c.f.d.s.financiero.NorteCambiosScraper   : NorteCambiosScraper: 3 monedas obtenidas de nortecambios
2026-07-21 15:31:26.943  INFO 24448 --- [MessageBroker-4] c.f.d.s.f.CotizacionMercadoScheduler     : CotizacionMercadoScheduler: 3 monedas actualizadas
Successfully Authentication
Successfully Authentication
Successfully Authentication
Successfully Authentication
2026-07-21 15:41:26.955  INFO 24448 --- [MessageBroker-1] c.f.d.s.f.CotizacionMercadoScheduler     : Actualizacion automatica de cotizaciones de mercado
2026-07-21 15:41:28.302  INFO 24448 --- [MessageBroker-1] c.f.d.s.financiero.NorteCambiosScraper   : NorteCambiosScraper: 3 monedas obtenidas de nortecambios
2026-07-21 15:41:28.309  INFO 24448 --- [MessageBroker-1] c.f.d.s.f.CotizacionMercadoScheduler     : CotizacionMercadoScheduler: 3 monedas actualizadas
Successfully Authentication
Successfully Authentication
Successfully Authentication
Successfully Authentication
Successfully Authentication
Successfully Authentication
2026-07-21 15:51:28.294  INFO 24448 --- [MessageBroker-4] c.f.d.s.f.CotizacionMercadoScheduler     : Actualizacion automatica de cotizaciones de mercado
2026-07-21 15:51:29.758  INFO 24448 --- [MessageBroker-4] c.f.d.s.financiero.NorteCambiosScraper   : NorteCambiosScraper: 3 monedas obtenidas de nortecambios
2026-07-21 15:51:29.766  INFO 24448 --- [MessageBroker-4] c.f.d.s.f.CotizacionMercadoScheduler     : CotizacionMercadoScheduler: 3 monedas actualizadas
Successfully Authentication
Successfully Authentication
Successfully Authentication
Successfully Authentication
2026-07-21 16:01:29.770  INFO 24448 --- [MessageBroker-1] c.f.d.s.f.CotizacionMercadoScheduler     : Actualizacion automatica de cotizaciones de mercado
2026-07-21 16:01:31.253  INFO 24448 --- [MessageBroker-1] c.f.d.s.financiero.NorteCambiosScraper   : NorteCambiosScraper: 3 monedas obtenidas de nortecambios
2026-07-21 16:01:31.260  INFO 24448 --- [MessageBroker-1] c.f.d.s.f.CotizacionMercadoScheduler     : CotizacionMercadoScheduler: 3 monedas actualizadas
Successfully Authentication
Successfully Authentication
Successfully Authentication
Successfully Authentication
2026-07-21 16:11:31.164  INFO 24448 --- [MessageBroker-1] c.f.d.s.f.CotizacionMercadoScheduler     : Actualizacion automatica de cotizaciones de mercado
2026-07-21 16:11:32.561  INFO 24448 --- [MessageBroker-1] c.f.d.s.financiero.NorteCambiosScraper   : NorteCambiosScraper: 3 monedas obtenidas de nortecambios
2026-07-21 16:11:32.605  INFO 24448 --- [MessageBroker-1] c.f.d.s.f.CotizacionMercadoScheduler     : CotizacionMercadoScheduler: 3 monedas actualizadas
Successfully Authentication
Successfully Authentication
Successfully Authentication
Successfully Authentication
2026-07-21 16:21:32.596  INFO 24448 --- [MessageBroker-1] c.f.d.s.f.CotizacionMercadoScheduler     : Actualizacion automatica de cotizaciones de mercado
2026-07-21 16:21:33.995  INFO 24448 --- [MessageBroker-1] c.f.d.s.financiero.NorteCambiosScraper   : NorteCambiosScraper: 3 monedas obtenidas de nortecambios
2026-07-21 16:21:34.008  INFO 24448 --- [MessageBroker-1] c.f.d.s.f.CotizacionMercadoScheduler     : CotizacionMercadoScheduler: 3 monedas actualizadas
Successfully Authentication
Successfully Authentication
Successfully Authentication
Successfully Authentication
2026-07-21 16:31:33.996  INFO 24448 --- [MessageBroker-4] c.f.d.s.f.CotizacionMercadoScheduler     : Actualizacion automatica de cotizaciones de mercado
2026-07-21 16:31:35.358  INFO 24448 --- [MessageBroker-4] c.f.d.s.financiero.NorteCambiosScraper   : NorteCambiosScraper: 3 monedas obtenidas de nortecambios
2026-07-21 16:31:35.369  INFO 24448 --- [MessageBroker-4] c.f.d.s.f.CotizacionMercadoScheduler     : CotizacionMercadoScheduler: 3 monedas actualizadas
Successfully Authentication
Successfully Authentication
Successfully Authentication
Successfully Authentication
Successfully Authentication
Successfully Authentication
Successfully Authentication
Successfully Authentication
Successfully Authentication
Successfully Authentication
Successfully Authentication
Successfully Authentication
Successfully Authentication
Successfully Authentication
2026-07-21 16:41:35.338  INFO 24448 --- [MessageBroker-2] c.f.d.s.f.CotizacionMercadoScheduler     : Actualizacion automatica de cotizaciones de mercado
2026-07-21 16:41:36.686  INFO 24448 --- [MessageBroker-2] c.f.d.s.financiero.NorteCambiosScraper   : NorteCambiosScraper: 3 monedas obtenidas de nortecambios
2026-07-21 16:41:36.694  INFO 24448 --- [MessageBroker-2] c.f.d.s.f.CotizacionMercadoScheduler     : CotizacionMercadoScheduler: 3 monedas actualizadas
Successfully Authentication
Successfully Authentication
Successfully Authentication
Successfully Authentication
Successfully Authentication
Successfully Authentication
2026-07-21 16:51:36.681  INFO 24448 --- [MessageBroker-2] c.f.d.s.f.CotizacionMercadoScheduler     : Actualizacion automatica de cotizaciones de mercado
2026-07-21 16:51:38.005  INFO 24448 --- [MessageBroker-2] c.f.d.s.financiero.NorteCambiosScraper   : NorteCambiosScraper: 3 monedas obtenidas de nortecambios
2026-07-21 16:51:38.014  INFO 24448 --- [MessageBroker-2] c.f.d.s.f.CotizacionMercadoScheduler     : CotizacionMercadoScheduler: 3 monedas actualizadas
Successfully Authentication
Successfully Authentication
Successfully Authentication
Successfully Authentication
Successfully Authentication
Successfully Authentication
Successfully Authentication
Successfully Authentication
Successfully Authentication
Successfully Authentication
Successfully Authentication
Successfully Authentication
Successfully Authentication
Successfully Authentication
Successfully Authentication
Successfully Authentication
Successfully Authentication
Successfully Authentication
Successfully Authentication
Successfully Authentication
Successfully Authentication
Successfully Authentication
Successfully Authentication
Successfully Authentication
Successfully Authentication
Successfully Authentication
Successfully Authentication
Successfully Authentication
Successfully Authentication
Successfully Authentication
Successfully Authentication
Successfully Authentication
Successfully Authentication
Successfully Authentication
Successfully Authentication
Successfully Authentication
Successfully Authentication
Successfully Authentication
Successfully Authentication
Successfully Authentication
Successfully Authentication
Successfully Authentication
Successfully Authentication
Successfully Authentication
Successfully Authentication
Successfully Authentication
Successfully Authentication
Successfully Authentication
Successfully Authentication
Successfully Authentication
Successfully Authentication
Successfully Authentication
Successfully Authentication
Successfully Authentication
Successfully Authentication
Successfully Authentication
Successfully Authentication
Successfully Authentication
Successfully Authentication
Successfully Authentication
Successfully Authentication
Successfully Authentication
Successfully Authentication
Successfully Authentication
Successfully Authentication
Successfully Authentication
Successfully Authentication
Successfully Authentication
Successfully Authentication
Successfully Authentication
Successfully Authentication
Successfully Authentication
2026-07-21 17:01:38.003  INFO 24448 --- [MessageBroker-3] c.f.d.s.f.CotizacionMercadoScheduler     : Actualizacion automatica de cotizaciones de mercado
2026-07-21 17:01:39.415  INFO 24448 --- [MessageBroker-3] c.f.d.s.financiero.NorteCambiosScraper   : NorteCambiosScraper: 3 monedas obtenidas de nortecambios
2026-07-21 17:01:39.446  INFO 24448 --- [MessageBroker-3] c.f.d.s.f.CotizacionMercadoScheduler     : CotizacionMercadoScheduler: 3 monedas actualizadas
Successfully Authentication
Successfully Authentication
Successfully Authentication
Successfully Authentication
Successfully Authentication
Successfully Authentication
Successfully Authentication
Successfully Authentication
Successfully Authentication
Successfully Authentication
Successfully Authentication
Successfully Authentication
Successfully Authentication
Successfully Authentication
Successfully Authentication
Successfully Authentication
2026-07-21 17:11:39.434  INFO 24448 --- [MessageBroker-4] c.f.d.s.f.CotizacionMercadoScheduler     : Actualizacion automatica de cotizaciones de mercado
2026-07-21 17:11:40.843  INFO 24448 --- [MessageBroker-4] c.f.d.s.financiero.NorteCambiosScraper   : NorteCambiosScraper: 3 monedas obtenidas de nortecambios
2026-07-21 17:11:40.852  INFO 24448 --- [MessageBroker-4] c.f.d.s.f.CotizacionMercadoScheduler     : CotizacionMercadoScheduler: 3 monedas actualizadas
Successfully Authentication
Successfully Authentication
Successfully Authentication
Successfully Authentication
Successfully Authentication
Successfully Authentication
Successfully Authentication
Successfully Authentication
Successfully Authentication
Successfully Authentication
Successfully Authentication
Successfully Authentication
Successfully Authentication
Successfully Authentication
Successfully Authentication
Successfully Authentication
Successfully Authentication
Successfully Authentication
2026-07-21 17:21:41.025  INFO 24448 --- [MessageBroker-2] c.f.d.s.f.CotizacionMercadoScheduler     : Actualizacion automatica de cotizaciones de mercado
2026-07-21 17:21:42.376  INFO 24448 --- [MessageBroker-2] c.f.d.s.financiero.NorteCambiosScraper   : NorteCambiosScraper: 3 monedas obtenidas de nortecambios
2026-07-21 17:21:42.394  INFO 24448 --- [MessageBroker-2] c.f.d.s.f.CotizacionMercadoScheduler     : CotizacionMercadoScheduler: 3 monedas actualizadas
Successfully Authentication
Successfully Authentication
Successfully Authentication
Successfully Authentication
2026-07-21 17:31:42.403  INFO 24448 --- [MessageBroker-2] c.f.d.s.f.CotizacionMercadoScheduler     : Actualizacion automatica de cotizaciones de mercado
2026-07-21 17:31:43.741  INFO 24448 --- [MessageBroker-2] c.f.d.s.financiero.NorteCambiosScraper   : NorteCambiosScraper: 3 monedas obtenidas de nortecambios
2026-07-21 17:31:43.752  INFO 24448 --- [MessageBroker-2] c.f.d.s.f.CotizacionMercadoScheduler     : CotizacionMercadoScheduler: 3 monedas actualizadas
Successfully Authentication
Successfully Authentication
Successfully Authentication
Successfully Authentication
2026-07-21 17:41:43.761  INFO 24448 --- [MessageBroker-2] c.f.d.s.f.CotizacionMercadoScheduler     : Actualizacion automatica de cotizaciones de mercado
2026-07-21 17:41:45.126  INFO 24448 --- [MessageBroker-2] c.f.d.s.financiero.NorteCambiosScraper   : NorteCambiosScraper: 3 monedas obtenidas de nortecambios
2026-07-21 17:41:45.142  INFO 24448 --- [MessageBroker-2] c.f.d.s.f.CotizacionMercadoScheduler     : CotizacionMercadoScheduler: 3 monedas actualizadas
Successfully Authentication
Successfully Authentication
Successfully Authentication
Successfully Authentication
2026-07-21 17:51:45.184  INFO 24448 --- [MessageBroker-4] c.f.d.s.f.CotizacionMercadoScheduler     : Actualizacion automatica de cotizaciones de mercado
2026-07-21 17:51:46.552  INFO 24448 --- [MessageBroker-4] c.f.d.s.financiero.NorteCambiosScraper   : NorteCambiosScraper: 3 monedas obtenidas de nortecambios
2026-07-21 17:51:46.590  INFO 24448 --- [MessageBroker-4] c.f.d.s.f.CotizacionMercadoScheduler     : CotizacionMercadoScheduler: 3 monedas actualizadas
Successfully Authentication
Successfully Authentication
Successfully Authentication
Successfully Authentication
2026-07-21 18:01:46.606  INFO 24448 --- [MessageBroker-4] c.f.d.s.f.CotizacionMercadoScheduler     : Actualizacion automatica de cotizaciones de mercado
2026-07-21 18:01:47.983  INFO 24448 --- [MessageBroker-4] c.f.d.s.financiero.NorteCambiosScraper   : NorteCambiosScraper: 3 monedas obtenidas de nortecambios
2026-07-21 18:01:47.991  INFO 24448 --- [MessageBroker-4] c.f.d.s.f.CotizacionMercadoScheduler     : CotizacionMercadoScheduler: 3 monedas actualizadas
Successfully Authentication
Successfully Authentication
Successfully Authentication
Successfully Authentication
2026-07-21 18:11:47.979  INFO 24448 --- [MessageBroker-3] c.f.d.s.f.CotizacionMercadoScheduler     : Actualizacion automatica de cotizaciones de mercado
2026-07-21 18:11:49.544  INFO 24448 --- [MessageBroker-3] c.f.d.s.financiero.NorteCambiosScraper   : NorteCambiosScraper: 3 monedas obtenidas de nortecambios
2026-07-21 18:11:49.555  INFO 24448 --- [MessageBroker-3] c.f.d.s.f.CotizacionMercadoScheduler     : CotizacionMercadoScheduler: 3 monedas actualizadas
Successfully Authentication
Successfully Authentication
Successfully Authentication
Successfully Authentication
2026-07-21 18:21:49.570  INFO 24448 --- [MessageBroker-2] c.f.d.s.f.CotizacionMercadoScheduler     : Actualizacion automatica de cotizaciones de mercado
2026-07-21 18:21:50.948  INFO 24448 --- [MessageBroker-2] c.f.d.s.financiero.NorteCambiosScraper   : NorteCambiosScraper: 3 monedas obtenidas de nortecambios
2026-07-21 18:21:50.966  INFO 24448 --- [MessageBroker-2] c.f.d.s.f.CotizacionMercadoScheduler     : CotizacionMercadoScheduler: 3 monedas actualizadas
Successfully Authentication
Successfully Authentication
Successfully Authentication
Successfully Authentication
2026-07-21 18:31:50.977  INFO 24448 --- [MessageBroker-4] c.f.d.s.f.CotizacionMercadoScheduler     : Actualizacion automatica de cotizaciones de mercado
2026-07-21 18:31:52.335  INFO 24448 --- [MessageBroker-4] c.f.d.s.financiero.NorteCambiosScraper   : NorteCambiosScraper: 3 monedas obtenidas de nortecambios
2026-07-21 18:31:52.344  INFO 24448 --- [MessageBroker-4] c.f.d.s.f.CotizacionMercadoScheduler     : CotizacionMercadoScheduler: 3 monedas actualizadas
Successfully Authentication
Successfully Authentication
Successfully Authentication
Successfully Authentication
2026-07-21 18:41:52.235  INFO 24448 --- [MessageBroker-2] c.f.d.s.f.CotizacionMercadoScheduler     : Actualizacion automatica de cotizaciones de mercado
2026-07-21 18:41:53.560  INFO 24448 --- [MessageBroker-2] c.f.d.s.financiero.NorteCambiosScraper   : NorteCambiosScraper: 3 monedas obtenidas de nortecambios
2026-07-21 18:41:53.567  INFO 24448 --- [MessageBroker-2] c.f.d.s.f.CotizacionMercadoScheduler     : CotizacionMercadoScheduler: 3 monedas actualizadas
Successfully Authentication
Successfully Authentication
Successfully Authentication
Successfully Authentication
2026-07-21 18:51:53.559  INFO 24448 --- [MessageBroker-4] c.f.d.s.f.CotizacionMercadoScheduler     : Actualizacion automatica de cotizaciones de mercado
2026-07-21 18:51:54.894  INFO 24448 --- [MessageBroker-4] c.f.d.s.financiero.NorteCambiosScraper   : NorteCambiosScraper: 3 monedas obtenidas de nortecambios
2026-07-21 18:51:54.909  INFO 24448 --- [MessageBroker-4] c.f.d.s.f.CotizacionMercadoScheduler     : CotizacionMercadoScheduler: 3 monedas actualizadas
Successfully Authentication
Successfully Authentication
Successfully Authentication
Successfully Authentication
2026-07-21 19:01:54.986  INFO 24448 --- [MessageBroker-4] c.f.d.s.f.CotizacionMercadoScheduler     : Actualizacion automatica de cotizaciones de mercado
2026-07-21 19:01:56.331  INFO 24448 --- [MessageBroker-4] c.f.d.s.financiero.NorteCambiosScraper   : NorteCambiosScraper: 3 monedas obtenidas de nortecambios
2026-07-21 19:01:56.340  INFO 24448 --- [MessageBroker-4] c.f.d.s.f.CotizacionMercadoScheduler     : CotizacionMercadoScheduler: 3 monedas actualizadas
Successfully Authentication
Successfully Authentication
Successfully Authentication
Successfully Authentication
2026-07-21 19:11:56.348  INFO 24448 --- [MessageBroker-1] c.f.d.s.f.CotizacionMercadoScheduler     : Actualizacion automatica de cotizaciones de mercado
2026-07-21 19:11:57.664  INFO 24448 --- [MessageBroker-1] c.f.d.s.financiero.NorteCambiosScraper   : NorteCambiosScraper: 3 monedas obtenidas de nortecambios
2026-07-21 19:11:57.671  INFO 24448 --- [MessageBroker-1] c.f.d.s.f.CotizacionMercadoScheduler     : CotizacionMercadoScheduler: 3 monedas actualizadas
Successfully Authentication
Successfully Authentication
Successfully Authentication
Successfully Authentication
2026-07-21 19:21:57.681  INFO 24448 --- [MessageBroker-1] c.f.d.s.f.CotizacionMercadoScheduler     : Actualizacion automatica de cotizaciones de mercado
2026-07-21 19:21:59.028  INFO 24448 --- [MessageBroker-1] c.f.d.s.financiero.NorteCambiosScraper   : NorteCambiosScraper: 3 monedas obtenidas de nortecambios
2026-07-21 19:21:59.039  INFO 24448 --- [MessageBroker-1] c.f.d.s.f.CotizacionMercadoScheduler     : CotizacionMercadoScheduler: 3 monedas actualizadas
Successfully Authentication
Successfully Authentication
Successfully Authentication
Successfully Authentication
2026-07-21 19:31:59.070  INFO 24448 --- [MessageBroker-4] c.f.d.s.f.CotizacionMercadoScheduler     : Actualizacion automatica de cotizaciones de mercado
2026-07-21 19:32:00.396  INFO 24448 --- [MessageBroker-4] c.f.d.s.financiero.NorteCambiosScraper   : NorteCambiosScraper: 3 monedas obtenidas de nortecambios
2026-07-21 19:32:00.403  INFO 24448 --- [MessageBroker-4] c.f.d.s.f.CotizacionMercadoScheduler     : CotizacionMercadoScheduler: 3 monedas actualizadas
Successfully Authentication
Successfully Authentication
Successfully Authentication
Successfully Authentication
2026-07-21 19:42:00.414  INFO 24448 --- [MessageBroker-1] c.f.d.s.f.CotizacionMercadoScheduler     : Actualizacion automatica de cotizaciones de mercado
2026-07-21 19:42:01.769  INFO 24448 --- [MessageBroker-1] c.f.d.s.financiero.NorteCambiosScraper   : NorteCambiosScraper: 3 monedas obtenidas de nortecambios
2026-07-21 19:42:01.778  INFO 24448 --- [MessageBroker-1] c.f.d.s.f.CotizacionMercadoScheduler     : CotizacionMercadoScheduler: 3 monedas actualizadas
Successfully Authentication
Successfully Authentication
Successfully Authentication
Successfully Authentication
2026-07-21 19:52:01.793  INFO 24448 --- [MessageBroker-2] c.f.d.s.f.CotizacionMercadoScheduler     : Actualizacion automatica de cotizaciones de mercado
2026-07-21 19:52:03.146  INFO 24448 --- [MessageBroker-2] c.f.d.s.financiero.NorteCambiosScraper   : NorteCambiosScraper: 3 monedas obtenidas de nortecambios
2026-07-21 19:52:03.155  INFO 24448 --- [MessageBroker-2] c.f.d.s.f.CotizacionMercadoScheduler     : CotizacionMercadoScheduler: 3 monedas actualizadas
Successfully Authentication
Successfully Authentication
Successfully Authentication
Successfully Authentication
2026-07-21 20:02:03.170  INFO 24448 --- [MessageBroker-4] c.f.d.s.f.CotizacionMercadoScheduler     : Actualizacion automatica de cotizaciones de mercado
2026-07-21 20:02:04.574  INFO 24448 --- [MessageBroker-4] c.f.d.s.financiero.NorteCambiosScraper   : NorteCambiosScraper: 3 monedas obtenidas de nortecambios
2026-07-21 20:02:04.581  INFO 24448 --- [MessageBroker-4] c.f.d.s.f.CotizacionMercadoScheduler     : CotizacionMercadoScheduler: 3 monedas actualizadas
Successfully Authentication
Successfully Authentication
Successfully Authentication
Successfully Authentication
2026-07-21 20:12:04.596  INFO 24448 --- [MessageBroker-4] c.f.d.s.f.CotizacionMercadoScheduler     : Actualizacion automatica de cotizaciones de mercado
2026-07-21 20:12:05.949  INFO 24448 --- [MessageBroker-4] c.f.d.s.financiero.NorteCambiosScraper   : NorteCambiosScraper: 3 monedas obtenidas de nortecambios
2026-07-21 20:12:05.956  INFO 24448 --- [MessageBroker-4] c.f.d.s.f.CotizacionMercadoScheduler     : CotizacionMercadoScheduler: 3 monedas actualizadas
Successfully Authentication
Successfully Authentication
Successfully Authentication
Successfully Authentication
2026-07-21 20:22:05.953  INFO 24448 --- [MessageBroker-2] c.f.d.s.f.CotizacionMercadoScheduler     : Actualizacion automatica de cotizaciones de mercado
2026-07-21 20:22:07.324  INFO 24448 --- [MessageBroker-2] c.f.d.s.financiero.NorteCambiosScraper   : NorteCambiosScraper: 3 monedas obtenidas de nortecambios
2026-07-21 20:22:07.340  INFO 24448 --- [MessageBroker-2] c.f.d.s.f.CotizacionMercadoScheduler     : CotizacionMercadoScheduler: 3 monedas actualizadas
Successfully Authentication
Successfully Authentication
Successfully Authentication
Successfully Authentication
2026-07-21 20:32:07.349  INFO 24448 --- [MessageBroker-1] c.f.d.s.f.CotizacionMercadoScheduler     : Actualizacion automatica de cotizaciones de mercado
2026-07-21 20:32:08.712  INFO 24448 --- [MessageBroker-1] c.f.d.s.financiero.NorteCambiosScraper   : NorteCambiosScraper: 3 monedas obtenidas de nortecambios
2026-07-21 20:32:08.720  INFO 24448 --- [MessageBroker-1] c.f.d.s.f.CotizacionMercadoScheduler     : CotizacionMercadoScheduler: 3 monedas actualizadas
Successfully Authentication
Successfully Authentication
Successfully Authentication
Successfully Authentication
2026-07-21 20:42:08.733  INFO 24448 --- [MessageBroker-3] c.f.d.s.f.CotizacionMercadoScheduler     : Actualizacion automatica de cotizaciones de mercado
2026-07-21 20:42:10.072  INFO 24448 --- [MessageBroker-3] c.f.d.s.financiero.NorteCambiosScraper   : NorteCambiosScraper: 3 monedas obtenidas de nortecambios
2026-07-21 20:42:10.079  INFO 24448 --- [MessageBroker-3] c.f.d.s.f.CotizacionMercadoScheduler     : CotizacionMercadoScheduler: 3 monedas actualizadas
Successfully Authentication
Successfully Authentication
Successfully Authentication
Successfully Authentication
2026-07-21 20:52:10.089  INFO 24448 --- [MessageBroker-3] c.f.d.s.f.CotizacionMercadoScheduler     : Actualizacion automatica de cotizaciones de mercado
2026-07-21 20:52:12.457  INFO 24448 --- [MessageBroker-3] c.f.d.s.financiero.NorteCambiosScraper   : NorteCambiosScraper: 3 monedas obtenidas de nortecambios
2026-07-21 20:52:12.474  INFO 24448 --- [MessageBroker-3] c.f.d.s.f.CotizacionMercadoScheduler     : CotizacionMercadoScheduler: 3 monedas actualizadas
Successfully Authentication
Successfully Authentication
Successfully Authentication
Successfully Authentication
2026-07-21 21:02:12.427  INFO 24448 --- [MessageBroker-3] c.f.d.s.f.CotizacionMercadoScheduler     : Actualizacion automatica de cotizaciones de mercado
2026-07-21 21:02:13.758  INFO 24448 --- [MessageBroker-3] c.f.d.s.financiero.NorteCambiosScraper   : NorteCambiosScraper: 3 monedas obtenidas de nortecambios
2026-07-21 21:02:13.764  INFO 24448 --- [MessageBroker-3] c.f.d.s.f.CotizacionMercadoScheduler     : CotizacionMercadoScheduler: 3 monedas actualizadas
Successfully Authentication
Successfully Authentication
Successfully Authentication
Successfully Authentication
2026-07-21 21:12:13.765  INFO 24448 --- [MessageBroker-4] c.f.d.s.f.CotizacionMercadoScheduler     : Actualizacion automatica de cotizaciones de mercado
2026-07-21 21:12:15.467  INFO 24448 --- [MessageBroker-4] c.f.d.s.financiero.NorteCambiosScraper   : NorteCambiosScraper: 3 monedas obtenidas de nortecambios
2026-07-21 21:12:15.472  INFO 24448 --- [MessageBroker-4] c.f.d.s.f.CotizacionMercadoScheduler     : CotizacionMercadoScheduler: 3 monedas actualizadas
Successfully Authentication
Successfully Authentication
Successfully Authentication
Successfully Authentication
2026-07-21 21:22:15.472  INFO 24448 --- [MessageBroker-4] c.f.d.s.f.CotizacionMercadoScheduler     : Actualizacion automatica de cotizaciones de mercado
2026-07-21 21:22:16.933  INFO 24448 --- [MessageBroker-4] c.f.d.s.financiero.NorteCambiosScraper   : NorteCambiosScraper: 3 monedas obtenidas de nortecambios
2026-07-21 21:22:16.948  INFO 24448 --- [MessageBroker-4] c.f.d.s.f.CotizacionMercadoScheduler     : CotizacionMercadoScheduler: 3 monedas actualizadas
Successfully Authentication
Successfully Authentication
Successfully Authentication
Successfully Authentication
2026-07-21 21:32:16.866  INFO 24448 --- [MessageBroker-4] c.f.d.s.f.CotizacionMercadoScheduler     : Actualizacion automatica de cotizaciones de mercado
2026-07-21 21:32:18.245  INFO 24448 --- [MessageBroker-4] c.f.d.s.financiero.NorteCambiosScraper   : NorteCambiosScraper: 3 monedas obtenidas de nortecambios
2026-07-21 21:32:18.255  INFO 24448 --- [MessageBroker-4] c.f.d.s.f.CotizacionMercadoScheduler     : CotizacionMercadoScheduler: 3 monedas actualizadas
Successfully Authentication
Successfully Authentication
Successfully Authentication
Successfully Authentication
2026-07-21 21:42:18.243  INFO 24448 --- [MessageBroker-3] c.f.d.s.f.CotizacionMercadoScheduler     : Actualizacion automatica de cotizaciones de mercado
2026-07-21 21:42:19.610  INFO 24448 --- [MessageBroker-3] c.f.d.s.financiero.NorteCambiosScraper   : NorteCambiosScraper: 3 monedas obtenidas de nortecambios
2026-07-21 21:42:19.616  INFO 24448 --- [MessageBroker-3] c.f.d.s.f.CotizacionMercadoScheduler     : CotizacionMercadoScheduler: 3 monedas actualizadas
Successfully Authentication
Successfully Authentication
Successfully Authentication
Successfully Authentication
2026-07-21 21:52:19.663  INFO 24448 --- [MessageBroker-1] c.f.d.s.f.CotizacionMercadoScheduler     : Actualizacion automatica de cotizaciones de mercado
2026-07-21 21:52:21.050  INFO 24448 --- [MessageBroker-1] c.f.d.s.financiero.NorteCambiosScraper   : NorteCambiosScraper: 3 monedas obtenidas de nortecambios
2026-07-21 21:52:21.066  INFO 24448 --- [MessageBroker-1] c.f.d.s.f.CotizacionMercadoScheduler     : CotizacionMercadoScheduler: 3 monedas actualizadas
Successfully Authentication
Successfully Authentication
Successfully Authentication
Successfully Authentication
2026-07-21 22:02:21.070  INFO 24448 --- [MessageBroker-2] c.f.d.s.f.CotizacionMercadoScheduler     : Actualizacion automatica de cotizaciones de mercado
2026-07-21 22:02:22.422  INFO 24448 --- [MessageBroker-2] c.f.d.s.financiero.NorteCambiosScraper   : NorteCambiosScraper: 3 monedas obtenidas de nortecambios
2026-07-21 22:02:22.428  INFO 24448 --- [MessageBroker-2] c.f.d.s.f.CotizacionMercadoScheduler     : CotizacionMercadoScheduler: 3 monedas actualizadas
Successfully Authentication
Successfully Authentication
Successfully Authentication
Successfully Authentication
2026-07-21 22:12:22.426  INFO 24448 --- [MessageBroker-1] c.f.d.s.f.CotizacionMercadoScheduler     : Actualizacion automatica de cotizaciones de mercado
2026-07-21 22:12:23.810  INFO 24448 --- [MessageBroker-1] c.f.d.s.financiero.NorteCambiosScraper   : NorteCambiosScraper: 3 monedas obtenidas de nortecambios
2026-07-21 22:12:23.815  INFO 24448 --- [MessageBroker-1] c.f.d.s.f.CotizacionMercadoScheduler     : CotizacionMercadoScheduler: 3 monedas actualizadas
Successfully Authentication
Successfully Authentication
Successfully Authentication
Successfully Authentication
2026-07-21 22:22:23.859  INFO 24448 --- [MessageBroker-3] c.f.d.s.f.CotizacionMercadoScheduler     : Actualizacion automatica de cotizaciones de mercado
2026-07-21 22:22:25.196  INFO 24448 --- [MessageBroker-3] c.f.d.s.financiero.NorteCambiosScraper   : NorteCambiosScraper: 3 monedas obtenidas de nortecambios
2026-07-21 22:22:25.206  INFO 24448 --- [MessageBroker-3] c.f.d.s.f.CotizacionMercadoScheduler     : CotizacionMercadoScheduler: 3 monedas actualizadas
Successfully Authentication
Successfully Authentication
Successfully Authentication
Successfully Authentication
2026-07-21 22:32:25.210  INFO 24448 --- [MessageBroker-3] c.f.d.s.f.CotizacionMercadoScheduler     : Actualizacion automatica de cotizaciones de mercado
2026-07-21 22:32:26.571  INFO 24448 --- [MessageBroker-3] c.f.d.s.financiero.NorteCambiosScraper   : NorteCambiosScraper: 3 monedas obtenidas de nortecambios
2026-07-21 22:32:26.577  INFO 24448 --- [MessageBroker-3] c.f.d.s.f.CotizacionMercadoScheduler     : CotizacionMercadoScheduler: 3 monedas actualizadas
Successfully Authentication
Successfully Authentication
Successfully Authentication
Successfully Authentication
2026-07-21 22:42:26.602  INFO 24448 --- [MessageBroker-2] c.f.d.s.f.CotizacionMercadoScheduler     : Actualizacion automatica de cotizaciones de mercado
2026-07-21 22:42:27.957  INFO 24448 --- [MessageBroker-2] c.f.d.s.financiero.NorteCambiosScraper   : NorteCambiosScraper: 3 monedas obtenidas de nortecambios
2026-07-21 22:42:27.963  INFO 24448 --- [MessageBroker-2] c.f.d.s.f.CotizacionMercadoScheduler     : CotizacionMercadoScheduler: 3 monedas actualizadas
Successfully Authentication
Successfully Authentication
Successfully Authentication
Successfully Authentication
2026-07-21 22:52:27.969  INFO 24448 --- [MessageBroker-4] c.f.d.s.f.CotizacionMercadoScheduler     : Actualizacion automatica de cotizaciones de mercado
2026-07-21 22:52:29.334  INFO 24448 --- [MessageBroker-4] c.f.d.s.financiero.NorteCambiosScraper   : NorteCambiosScraper: 3 monedas obtenidas de nortecambios
2026-07-21 22:52:29.341  INFO 24448 --- [MessageBroker-4] c.f.d.s.f.CotizacionMercadoScheduler     : CotizacionMercadoScheduler: 3 monedas actualizadas
Successfully Authentication
Successfully Authentication
Successfully Authentication
Successfully Authentication
2026-07-21 23:02:29.346  INFO 24448 --- [MessageBroker-3] c.f.d.s.f.CotizacionMercadoScheduler     : Actualizacion automatica de cotizaciones de mercado
2026-07-21 23:02:30.742  INFO 24448 --- [MessageBroker-3] c.f.d.s.financiero.NorteCambiosScraper   : NorteCambiosScraper: 3 monedas obtenidas de nortecambios
2026-07-21 23:02:30.750  INFO 24448 --- [MessageBroker-3] c.f.d.s.f.CotizacionMercadoScheduler     : CotizacionMercadoScheduler: 3 monedas actualizadas
Successfully Authentication
Successfully Authentication
Successfully Authentication
Successfully Authentication
2026-07-21 23:12:30.798  INFO 24448 --- [MessageBroker-3] c.f.d.s.f.CotizacionMercadoScheduler     : Actualizacion automatica de cotizaciones de mercado
2026-07-21 23:12:32.125  INFO 24448 --- [MessageBroker-3] c.f.d.s.financiero.NorteCambiosScraper   : NorteCambiosScraper: 3 monedas obtenidas de nortecambios
2026-07-21 23:12:32.134  INFO 24448 --- [MessageBroker-3] c.f.d.s.f.CotizacionMercadoScheduler     : CotizacionMercadoScheduler: 3 monedas actualizadas
Successfully Authentication
Successfully Authentication
Successfully Authentication
Successfully Authentication
2026-07-21 23:22:32.143  INFO 24448 --- [MessageBroker-3] c.f.d.s.f.CotizacionMercadoScheduler     : Actualizacion automatica de cotizaciones de mercado
2026-07-21 23:22:33.498  INFO 24448 --- [MessageBroker-3] c.f.d.s.financiero.NorteCambiosScraper   : NorteCambiosScraper: 3 monedas obtenidas de nortecambios
2026-07-21 23:22:33.506  INFO 24448 --- [MessageBroker-3] c.f.d.s.f.CotizacionMercadoScheduler     : CotizacionMercadoScheduler: 3 monedas actualizadas
Successfully Authentication
Successfully Authentication
Successfully Authentication
Successfully Authentication
2026-07-21 23:32:33.523  INFO 24448 --- [MessageBroker-2] c.f.d.s.f.CotizacionMercadoScheduler     : Actualizacion automatica de cotizaciones de mercado
2026-07-21 23:32:34.901  INFO 24448 --- [MessageBroker-2] c.f.d.s.financiero.NorteCambiosScraper   : NorteCambiosScraper: 3 monedas obtenidas de nortecambios
2026-07-21 23:32:34.910  INFO 24448 --- [MessageBroker-2] c.f.d.s.f.CotizacionMercadoScheduler     : CotizacionMercadoScheduler: 3 monedas actualizadas
Successfully Authentication
Successfully Authentication
Successfully Authentication
Successfully Authentication
2026-07-21 23:42:34.922  INFO 24448 --- [MessageBroker-4] c.f.d.s.f.CotizacionMercadoScheduler     : Actualizacion automatica de cotizaciones de mercado
2026-07-21 23:42:36.243  INFO 24448 --- [MessageBroker-4] c.f.d.s.financiero.NorteCambiosScraper   : NorteCambiosScraper: 3 monedas obtenidas de nortecambios
2026-07-21 23:42:36.249  INFO 24448 --- [MessageBroker-4] c.f.d.s.f.CotizacionMercadoScheduler     : CotizacionMercadoScheduler: 3 monedas actualizadas
Successfully Authentication
Successfully Authentication
Successfully Authentication
Successfully Authentication
2026-07-21 23:52:36.260  INFO 24448 --- [MessageBroker-4] c.f.d.s.f.CotizacionMercadoScheduler     : Actualizacion automatica de cotizaciones de mercado
2026-07-21 23:52:37.633  INFO 24448 --- [MessageBroker-4] c.f.d.s.financiero.NorteCambiosScraper   : NorteCambiosScraper: 3 monedas obtenidas de nortecambios
2026-07-21 23:52:37.641  INFO 24448 --- [MessageBroker-4] c.f.d.s.f.CotizacionMercadoScheduler     : CotizacionMercadoScheduler: 3 monedas actualizadas
Successfully Authentication
Successfully Authentication
Successfully Authentication
Successfully Authentication
2026-07-22 00:02:37.657  INFO 24448 --- [MessageBroker-2] c.f.d.s.f.CotizacionMercadoScheduler     : Actualizacion automatica de cotizaciones de mercado
2026-07-22 00:02:39.010  INFO 24448 --- [MessageBroker-2] c.f.d.s.financiero.NorteCambiosScraper   : NorteCambiosScraper: 3 monedas obtenidas de nortecambios
2026-07-22 00:02:39.016  INFO 24448 --- [MessageBroker-2] c.f.d.s.f.CotizacionMercadoScheduler     : CotizacionMercadoScheduler: 3 monedas actualizadas
Successfully Authentication
Successfully Authentication
Successfully Authentication
Successfully Authentication
2026-07-22 00:12:39.024  INFO 24448 --- [MessageBroker-1] c.f.d.s.f.CotizacionMercadoScheduler     : Actualizacion automatica de cotizaciones de mercado
2026-07-22 00:12:40.410  INFO 24448 --- [MessageBroker-1] c.f.d.s.financiero.NorteCambiosScraper   : NorteCambiosScraper: 3 monedas obtenidas de nortecambios
2026-07-22 00:12:40.424  INFO 24448 --- [MessageBroker-1] c.f.d.s.f.CotizacionMercadoScheduler     : CotizacionMercadoScheduler: 3 monedas actualizadas
Successfully Authentication
Successfully Authentication
Successfully Authentication
Successfully Authentication
2026-07-22 00:22:40.368  INFO 24448 --- [MessageBroker-2] c.f.d.s.f.CotizacionMercadoScheduler     : Actualizacion automatica de cotizaciones de mercado
2026-07-22 00:22:41.732  INFO 24448 --- [MessageBroker-2] c.f.d.s.financiero.NorteCambiosScraper   : NorteCambiosScraper: 3 monedas obtenidas de nortecambios
2026-07-22 00:22:41.740  INFO 24448 --- [MessageBroker-2] c.f.d.s.f.CotizacionMercadoScheduler     : CotizacionMercadoScheduler: 3 monedas actualizadas
Successfully Authentication
Successfully Authentication
Successfully Authentication
Successfully Authentication
2026-07-22 00:32:41.746  INFO 24448 --- [MessageBroker-3] c.f.d.s.f.CotizacionMercadoScheduler     : Actualizacion automatica de cotizaciones de mercado
2026-07-22 00:32:43.090  INFO 24448 --- [MessageBroker-3] c.f.d.s.financiero.NorteCambiosScraper   : NorteCambiosScraper: 3 monedas obtenidas de nortecambios
2026-07-22 00:32:43.096  INFO 24448 --- [MessageBroker-3] c.f.d.s.f.CotizacionMercadoScheduler     : CotizacionMercadoScheduler: 3 monedas actualizadas
Successfully Authentication
Successfully Authentication
Successfully Authentication
Successfully Authentication
2026-07-22 00:42:43.086  INFO 24448 --- [MessageBroker-1] c.f.d.s.f.CotizacionMercadoScheduler     : Actualizacion automatica de cotizaciones de mercado
2026-07-22 00:42:44.453  INFO 24448 --- [MessageBroker-1] c.f.d.s.financiero.NorteCambiosScraper   : NorteCambiosScraper: 3 monedas obtenidas de nortecambios
2026-07-22 00:42:44.460  INFO 24448 --- [MessageBroker-1] c.f.d.s.f.CotizacionMercadoScheduler     : CotizacionMercadoScheduler: 3 monedas actualizadas
Successfully Authentication
Successfully Authentication
Successfully Authentication
Successfully Authentication
2026-07-22 00:52:44.461  INFO 24448 --- [MessageBroker-2] c.f.d.s.f.CotizacionMercadoScheduler     : Actualizacion automatica de cotizaciones de mercado
2026-07-22 00:52:45.779  INFO 24448 --- [MessageBroker-2] c.f.d.s.financiero.NorteCambiosScraper   : NorteCambiosScraper: 3 monedas obtenidas de nortecambios
2026-07-22 00:52:45.787  INFO 24448 --- [MessageBroker-2] c.f.d.s.f.CotizacionMercadoScheduler     : CotizacionMercadoScheduler: 3 monedas actualizadas
Successfully Authentication
Successfully Authentication
Successfully Authentication
Successfully Authentication
2026-07-22 01:02:45.786  INFO 24448 --- [MessageBroker-3] c.f.d.s.f.CotizacionMercadoScheduler     : Actualizacion automatica de cotizaciones de mercado
2026-07-22 01:02:47.162  INFO 24448 --- [MessageBroker-3] c.f.d.s.financiero.NorteCambiosScraper   : NorteCambiosScraper: 3 monedas obtenidas de nortecambios
2026-07-22 01:02:47.168  INFO 24448 --- [MessageBroker-3] c.f.d.s.f.CotizacionMercadoScheduler     : CotizacionMercadoScheduler: 3 monedas actualizadas
Successfully Authentication
Successfully Authentication
Successfully Authentication
Successfully Authentication
2026-07-22 01:12:47.202  INFO 24448 --- [MessageBroker-1] c.f.d.s.f.CotizacionMercadoScheduler     : Actualizacion automatica de cotizaciones de mercado
2026-07-22 01:12:48.545  INFO 24448 --- [MessageBroker-1] c.f.d.s.financiero.NorteCambiosScraper   : NorteCambiosScraper: 3 monedas obtenidas de nortecambios
2026-07-22 01:12:48.552  INFO 24448 --- [MessageBroker-1] c.f.d.s.f.CotizacionMercadoScheduler     : CotizacionMercadoScheduler: 3 monedas actualizadas
Successfully Authentication
Successfully Authentication
Successfully Authentication
Successfully Authentication
2026-07-22 01:22:48.559  INFO 24448 --- [MessageBroker-4] c.f.d.s.f.CotizacionMercadoScheduler     : Actualizacion automatica de cotizaciones de mercado
2026-07-22 01:22:49.911  INFO 24448 --- [MessageBroker-4] c.f.d.s.financiero.NorteCambiosScraper   : NorteCambiosScraper: 3 monedas obtenidas de nortecambios
2026-07-22 01:22:49.918  INFO 24448 --- [MessageBroker-4] c.f.d.s.f.CotizacionMercadoScheduler     : CotizacionMercadoScheduler: 3 monedas actualizadas
Successfully Authentication
Successfully Authentication
Successfully Authentication
Successfully Authentication
2026-07-22 01:32:49.922  INFO 24448 --- [MessageBroker-4] c.f.d.s.f.CotizacionMercadoScheduler     : Actualizacion automatica de cotizaciones de mercado
2026-07-22 01:32:51.303  INFO 24448 --- [MessageBroker-4] c.f.d.s.financiero.NorteCambiosScraper   : NorteCambiosScraper: 3 monedas obtenidas de nortecambios
2026-07-22 01:32:51.309  INFO 24448 --- [MessageBroker-4] c.f.d.s.f.CotizacionMercadoScheduler     : CotizacionMercadoScheduler: 3 monedas actualizadas
Successfully Authentication
Successfully Authentication
Successfully Authentication
Successfully Authentication
2026-07-22 01:42:51.202  INFO 24448 --- [MessageBroker-4] c.f.d.s.f.CotizacionMercadoScheduler     : Actualizacion automatica de cotizaciones de mercado
2026-07-22 01:42:52.681  INFO 24448 --- [MessageBroker-4] c.f.d.s.financiero.NorteCambiosScraper   : NorteCambiosScraper: 3 monedas obtenidas de nortecambios
2026-07-22 01:42:52.689  INFO 24448 --- [MessageBroker-4] c.f.d.s.f.CotizacionMercadoScheduler     : CotizacionMercadoScheduler: 3 monedas actualizadas
Successfully Authentication
Successfully Authentication
Successfully Authentication
Successfully Authentication
2026-07-22 01:52:52.678  INFO 24448 --- [MessageBroker-3] c.f.d.s.f.CotizacionMercadoScheduler     : Actualizacion automatica de cotizaciones de mercado
Successfully Authentication
Successfully Authentication
Successfully Authentication
Successfully Authentication
2026-07-22 01:52:54.321  INFO 24448 --- [MessageBroker-3] c.f.d.s.financiero.NorteCambiosScraper   : NorteCambiosScraper: 3 monedas obtenidas de nortecambios
2026-07-22 01:52:54.327  INFO 24448 --- [MessageBroker-3] c.f.d.s.f.CotizacionMercadoScheduler     : CotizacionMercadoScheduler: 3 monedas actualizadas
Successfully Authentication
Successfully Authentication
Successfully Authentication
Successfully Authentication
2026-07-22 02:02:54.314  INFO 24448 --- [MessageBroker-4] c.f.d.s.f.CotizacionMercadoScheduler     : Actualizacion automatica de cotizaciones de mercado
2026-07-22 02:02:55.661  INFO 24448 --- [MessageBroker-4] c.f.d.s.financiero.NorteCambiosScraper   : NorteCambiosScraper: 3 monedas obtenidas de nortecambios
2026-07-22 02:02:55.667  INFO 24448 --- [MessageBroker-4] c.f.d.s.f.CotizacionMercadoScheduler     : CotizacionMercadoScheduler: 3 monedas actualizadas
Successfully Authentication
Successfully Authentication
Successfully Authentication
Successfully Authentication
2026-07-22 02:12:55.652  INFO 24448 --- [MessageBroker-2] c.f.d.s.f.CotizacionMercadoScheduler     : Actualizacion automatica de cotizaciones de mercado
2026-07-22 02:12:57.037  INFO 24448 --- [MessageBroker-2] c.f.d.s.financiero.NorteCambiosScraper   : NorteCambiosScraper: 3 monedas obtenidas de nortecambios
2026-07-22 02:12:57.043  INFO 24448 --- [MessageBroker-2] c.f.d.s.f.CotizacionMercadoScheduler     : CotizacionMercadoScheduler: 3 monedas actualizadas
Successfully Authentication
Successfully Authentication
Successfully Authentication
Successfully Authentication
2026-07-22 02:22:57.036  INFO 24448 --- [MessageBroker-1] c.f.d.s.f.CotizacionMercadoScheduler     : Actualizacion automatica de cotizaciones de mercado
2026-07-22 02:22:58.378  INFO 24448 --- [MessageBroker-1] c.f.d.s.financiero.NorteCambiosScraper   : NorteCambiosScraper: 3 monedas obtenidas de nortecambios
2026-07-22 02:22:58.384  INFO 24448 --- [MessageBroker-1] c.f.d.s.f.CotizacionMercadoScheduler     : CotizacionMercadoScheduler: 3 monedas actualizadas
Successfully Authentication
Successfully Authentication
Successfully Authentication
Successfully Authentication
2026-07-22 02:32:58.385  INFO 24448 --- [MessageBroker-2] c.f.d.s.f.CotizacionMercadoScheduler     : Actualizacion automatica de cotizaciones de mercado
2026-07-22 02:32:59.716  INFO 24448 --- [MessageBroker-2] c.f.d.s.financiero.NorteCambiosScraper   : NorteCambiosScraper: 3 monedas obtenidas de nortecambios
2026-07-22 02:32:59.721  INFO 24448 --- [MessageBroker-2] c.f.d.s.f.CotizacionMercadoScheduler     : CotizacionMercadoScheduler: 3 monedas actualizadas
Successfully Authentication
Successfully Authentication
Successfully Authentication
Successfully Authentication
2026-07-22 02:42:59.710  INFO 24448 --- [MessageBroker-2] c.f.d.s.f.CotizacionMercadoScheduler     : Actualizacion automatica de cotizaciones de mercado
2026-07-22 02:43:01.089  INFO 24448 --- [MessageBroker-2] c.f.d.s.financiero.NorteCambiosScraper   : NorteCambiosScraper: 3 monedas obtenidas de nortecambios
2026-07-22 02:43:01.095  INFO 24448 --- [MessageBroker-2] c.f.d.s.f.CotizacionMercadoScheduler     : CotizacionMercadoScheduler: 3 monedas actualizadas
Successfully Authentication
Successfully Authentication
Successfully Authentication
Successfully Authentication
2026-07-22 02:53:01.084  INFO 24448 --- [MessageBroker-2] c.f.d.s.f.CotizacionMercadoScheduler     : Actualizacion automatica de cotizaciones de mercado
2026-07-22 02:53:02.458  INFO 24448 --- [MessageBroker-2] c.f.d.s.financiero.NorteCambiosScraper   : NorteCambiosScraper: 3 monedas obtenidas de nortecambios
2026-07-22 02:53:02.465  INFO 24448 --- [MessageBroker-2] c.f.d.s.f.CotizacionMercadoScheduler     : CotizacionMercadoScheduler: 3 monedas actualizadas
Successfully Authentication
Successfully Authentication
Successfully Authentication
Successfully Authentication
2026-07-22 03:03:02.456  INFO 24448 --- [MessageBroker-4] c.f.d.s.f.CotizacionMercadoScheduler     : Actualizacion automatica de cotizaciones de mercado
2026-07-22 03:03:03.846  INFO 24448 --- [MessageBroker-4] c.f.d.s.financiero.NorteCambiosScraper   : NorteCambiosScraper: 3 monedas obtenidas de nortecambios
2026-07-22 03:03:03.851  INFO 24448 --- [MessageBroker-4] c.f.d.s.f.CotizacionMercadoScheduler     : CotizacionMercadoScheduler: 3 monedas actualizadas
Successfully Authentication
Successfully Authentication
Successfully Authentication
Successfully Authentication
2026-07-22 03:13:03.908  INFO 24448 --- [MessageBroker-2] c.f.d.s.f.CotizacionMercadoScheduler     : Actualizacion automatica de cotizaciones de mercado
2026-07-22 03:13:05.393  INFO 24448 --- [MessageBroker-2] c.f.d.s.financiero.NorteCambiosScraper   : NorteCambiosScraper: 3 monedas obtenidas de nortecambios
2026-07-22 03:13:05.399  INFO 24448 --- [MessageBroker-2] c.f.d.s.f.CotizacionMercadoScheduler     : CotizacionMercadoScheduler: 3 monedas actualizadas
Successfully Authentication
Successfully Authentication
Successfully Authentication
Successfully Authentication
2026-07-22 03:23:05.396  INFO 24448 --- [MessageBroker-4] c.f.d.s.f.CotizacionMercadoScheduler     : Actualizacion automatica de cotizaciones de mercado
2026-07-22 03:23:06.760  INFO 24448 --- [MessageBroker-4] c.f.d.s.financiero.NorteCambiosScraper   : NorteCambiosScraper: 3 monedas obtenidas de nortecambios
2026-07-22 03:23:06.766  INFO 24448 --- [MessageBroker-4] c.f.d.s.f.CotizacionMercadoScheduler     : CotizacionMercadoScheduler: 3 monedas actualizadas
Successfully Authentication
Successfully Authentication
Successfully Authentication
Successfully Authentication
2026-07-22 03:33:06.871  INFO 24448 --- [MessageBroker-4] c.f.d.s.f.CotizacionMercadoScheduler     : Actualizacion automatica de cotizaciones de mercado
2026-07-22 03:33:08.561  INFO 24448 --- [MessageBroker-4] c.f.d.s.financiero.NorteCambiosScraper   : NorteCambiosScraper: 3 monedas obtenidas de nortecambios
2026-07-22 03:33:08.566  INFO 24448 --- [MessageBroker-4] c.f.d.s.f.CotizacionMercadoScheduler     : CotizacionMercadoScheduler: 3 monedas actualizadas
Successfully Authentication
Successfully Authentication
Successfully Authentication
Successfully Authentication
2026-07-22 03:43:08.585  INFO 24448 --- [MessageBroker-2] c.f.d.s.f.CotizacionMercadoScheduler     : Actualizacion automatica de cotizaciones de mercado
2026-07-22 03:43:09.943  INFO 24448 --- [MessageBroker-2] c.f.d.s.financiero.NorteCambiosScraper   : NorteCambiosScraper: 3 monedas obtenidas de nortecambios
2026-07-22 03:43:09.950  INFO 24448 --- [MessageBroker-2] c.f.d.s.f.CotizacionMercadoScheduler     : CotizacionMercadoScheduler: 3 monedas actualizadas
Successfully Authentication
Successfully Authentication
Successfully Authentication
Successfully Authentication
2026-07-22 03:53:09.971  INFO 24448 --- [MessageBroker-2] c.f.d.s.f.CotizacionMercadoScheduler     : Actualizacion automatica de cotizaciones de mercado
2026-07-22 03:53:11.327  INFO 24448 --- [MessageBroker-2] c.f.d.s.financiero.NorteCambiosScraper   : NorteCambiosScraper: 3 monedas obtenidas de nortecambios
2026-07-22 03:53:11.333  INFO 24448 --- [MessageBroker-2] c.f.d.s.f.CotizacionMercadoScheduler     : CotizacionMercadoScheduler: 3 monedas actualizadas
Successfully Authentication
Successfully Authentication
Successfully Authentication
Successfully Authentication
2026-07-22 04:03:11.383  INFO 24448 --- [MessageBroker-2] c.f.d.s.f.CotizacionMercadoScheduler     : Actualizacion automatica de cotizaciones de mercado
2026-07-22 04:03:12.777  INFO 24448 --- [MessageBroker-2] c.f.d.s.financiero.NorteCambiosScraper   : NorteCambiosScraper: 3 monedas obtenidas de nortecambios
2026-07-22 04:03:12.783  INFO 24448 --- [MessageBroker-2] c.f.d.s.f.CotizacionMercadoScheduler     : CotizacionMercadoScheduler: 3 monedas actualizadas
Successfully Authentication
Successfully Authentication
Successfully Authentication
Successfully Authentication
2026-07-22 04:13:12.802  INFO 24448 --- [MessageBroker-2] c.f.d.s.f.CotizacionMercadoScheduler     : Actualizacion automatica de cotizaciones de mercado
2026-07-22 04:13:14.179  INFO 24448 --- [MessageBroker-2] c.f.d.s.financiero.NorteCambiosScraper   : NorteCambiosScraper: 3 monedas obtenidas de nortecambios
2026-07-22 04:13:14.185  INFO 24448 --- [MessageBroker-2] c.f.d.s.f.CotizacionMercadoScheduler     : CotizacionMercadoScheduler: 3 monedas actualizadas
Successfully Authentication
Successfully Authentication
Successfully Authentication
Successfully Authentication
2026-07-22 04:23:14.188  INFO 24448 --- [MessageBroker-4] c.f.d.s.f.CotizacionMercadoScheduler     : Actualizacion automatica de cotizaciones de mercado
2026-07-22 04:23:15.581  INFO 24448 --- [MessageBroker-4] c.f.d.s.financiero.NorteCambiosScraper   : NorteCambiosScraper: 3 monedas obtenidas de nortecambios
2026-07-22 04:23:15.607  INFO 24448 --- [MessageBroker-4] c.f.d.s.f.CotizacionMercadoScheduler     : CotizacionMercadoScheduler: 3 monedas actualizadas
Successfully Authentication
Successfully Authentication
Successfully Authentication
Successfully Authentication
2026-07-22 04:33:15.624  INFO 24448 --- [MessageBroker-1] c.f.d.s.f.CotizacionMercadoScheduler     : Actualizacion automatica de cotizaciones de mercado
2026-07-22 04:33:17.013  INFO 24448 --- [MessageBroker-1] c.f.d.s.financiero.NorteCambiosScraper   : NorteCambiosScraper: 3 monedas obtenidas de nortecambios
2026-07-22 04:33:17.026  INFO 24448 --- [MessageBroker-1] c.f.d.s.f.CotizacionMercadoScheduler     : CotizacionMercadoScheduler: 3 monedas actualizadas
Successfully Authentication
Successfully Authentication
Successfully Authentication
Successfully Authentication
2026-07-22 04:43:17.047  INFO 24448 --- [MessageBroker-4] c.f.d.s.f.CotizacionMercadoScheduler     : Actualizacion automatica de cotizaciones de mercado
2026-07-22 04:43:18.406  INFO 24448 --- [MessageBroker-4] c.f.d.s.financiero.NorteCambiosScraper   : NorteCambiosScraper: 3 monedas obtenidas de nortecambios
2026-07-22 04:43:18.418  INFO 24448 --- [MessageBroker-4] c.f.d.s.f.CotizacionMercadoScheduler     : CotizacionMercadoScheduler: 3 monedas actualizadas
Successfully Authentication
Successfully Authentication
Successfully Authentication
Successfully Authentication
2026-07-22 04:53:18.368  INFO 24448 --- [MessageBroker-1] c.f.d.s.f.CotizacionMercadoScheduler     : Actualizacion automatica de cotizaciones de mercado
2026-07-22 04:53:19.980  INFO 24448 --- [MessageBroker-1] c.f.d.s.financiero.NorteCambiosScraper   : NorteCambiosScraper: 3 monedas obtenidas de nortecambios
2026-07-22 04:53:19.994  INFO 24448 --- [MessageBroker-1] c.f.d.s.f.CotizacionMercadoScheduler     : CotizacionMercadoScheduler: 3 monedas actualizadas
Successfully Authentication
Successfully Authentication
Successfully Authentication
Successfully Authentication
2026-07-22 05:03:20.006  INFO 24448 --- [MessageBroker-1] c.f.d.s.f.CotizacionMercadoScheduler     : Actualizacion automatica de cotizaciones de mercado
2026-07-22 05:03:21.603  INFO 24448 --- [MessageBroker-1] c.f.d.s.financiero.NorteCambiosScraper   : NorteCambiosScraper: 3 monedas obtenidas de nortecambios
2026-07-22 05:03:21.613  INFO 24448 --- [MessageBroker-1] c.f.d.s.f.CotizacionMercadoScheduler     : CotizacionMercadoScheduler: 3 monedas actualizadas
Successfully Authentication
Successfully Authentication
Successfully Authentication
Successfully Authentication
2026-07-22 05:13:21.619  INFO 24448 --- [MessageBroker-2] c.f.d.s.f.CotizacionMercadoScheduler     : Actualizacion automatica de cotizaciones de mercado
2026-07-22 05:13:22.960  INFO 24448 --- [MessageBroker-2] c.f.d.s.financiero.NorteCambiosScraper   : NorteCambiosScraper: 3 monedas obtenidas de nortecambios
2026-07-22 05:13:22.974  INFO 24448 --- [MessageBroker-2] c.f.d.s.f.CotizacionMercadoScheduler     : CotizacionMercadoScheduler: 3 monedas actualizadas
Successfully Authentication
Successfully Authentication
Successfully Authentication
Successfully Authentication
2026-07-22 05:23:22.979  INFO 24448 --- [MessageBroker-4] c.f.d.s.f.CotizacionMercadoScheduler     : Actualizacion automatica de cotizaciones de mercado
2026-07-22 05:23:24.324  INFO 24448 --- [MessageBroker-4] c.f.d.s.financiero.NorteCambiosScraper   : NorteCambiosScraper: 3 monedas obtenidas de nortecambios
2026-07-22 05:23:24.333  INFO 24448 --- [MessageBroker-4] c.f.d.s.f.CotizacionMercadoScheduler     : CotizacionMercadoScheduler: 3 monedas actualizadas
Successfully Authentication
Successfully Authentication
Successfully Authentication
Successfully Authentication
2026-07-22 05:33:24.330  INFO 24448 --- [MessageBroker-4] c.f.d.s.f.CotizacionMercadoScheduler     : Actualizacion automatica de cotizaciones de mercado
2026-07-22 05:33:25.714  INFO 24448 --- [MessageBroker-4] c.f.d.s.financiero.NorteCambiosScraper   : NorteCambiosScraper: 3 monedas obtenidas de nortecambios
2026-07-22 05:33:25.722  INFO 24448 --- [MessageBroker-4] c.f.d.s.f.CotizacionMercadoScheduler     : CotizacionMercadoScheduler: 3 monedas actualizadas
Successfully Authentication
Successfully Authentication
Successfully Authentication
Successfully Authentication
2026-07-22 05:43:25.706  INFO 24448 --- [MessageBroker-1] c.f.d.s.f.CotizacionMercadoScheduler     : Actualizacion automatica de cotizaciones de mercado
2026-07-22 05:43:27.118  INFO 24448 --- [MessageBroker-1] c.f.d.s.financiero.NorteCambiosScraper   : NorteCambiosScraper: 3 monedas obtenidas de nortecambios
2026-07-22 05:43:27.126  INFO 24448 --- [MessageBroker-1] c.f.d.s.f.CotizacionMercadoScheduler     : CotizacionMercadoScheduler: 3 monedas actualizadas
Successfully Authentication
Successfully Authentication
Successfully Authentication
Successfully Authentication
2026-07-22 05:53:27.127  INFO 24448 --- [MessageBroker-3] c.f.d.s.f.CotizacionMercadoScheduler     : Actualizacion automatica de cotizaciones de mercado
2026-07-22 05:53:28.497  INFO 24448 --- [MessageBroker-3] c.f.d.s.financiero.NorteCambiosScraper   : NorteCambiosScraper: 3 monedas obtenidas de nortecambios
2026-07-22 05:53:28.504  INFO 24448 --- [MessageBroker-3] c.f.d.s.f.CotizacionMercadoScheduler     : CotizacionMercadoScheduler: 3 monedas actualizadas
Successfully Authentication
Successfully Authentication
Successfully Authentication
Successfully Authentication
2026-07-22 06:03:28.508  INFO 24448 --- [MessageBroker-1] c.f.d.s.f.CotizacionMercadoScheduler     : Actualizacion automatica de cotizaciones de mercado
2026-07-22 06:03:29.854  INFO 24448 --- [MessageBroker-1] c.f.d.s.financiero.NorteCambiosScraper   : NorteCambiosScraper: 3 monedas obtenidas de nortecambios
2026-07-22 06:03:29.861  INFO 24448 --- [MessageBroker-1] c.f.d.s.f.CotizacionMercadoScheduler     : CotizacionMercadoScheduler: 3 monedas actualizadas
Successfully Authentication
Successfully Authentication
Successfully Authentication
Successfully Authentication
2026-07-22 06:13:29.868  INFO 24448 --- [MessageBroker-1] c.f.d.s.f.CotizacionMercadoScheduler     : Actualizacion automatica de cotizaciones de mercado
2026-07-22 06:13:31.242  INFO 24448 --- [MessageBroker-1] c.f.d.s.financiero.NorteCambiosScraper   : NorteCambiosScraper: 3 monedas obtenidas de nortecambios
2026-07-22 06:13:31.251  INFO 24448 --- [MessageBroker-1] c.f.d.s.f.CotizacionMercadoScheduler     : CotizacionMercadoScheduler: 3 monedas actualizadas
Successfully Authentication
Successfully Authentication
Successfully Authentication
Successfully Authentication
2026-07-22 06:23:31.253  INFO 24448 --- [MessageBroker-4] c.f.d.s.f.CotizacionMercadoScheduler     : Actualizacion automatica de cotizaciones de mercado
2026-07-22 06:23:32.602  INFO 24448 --- [MessageBroker-4] c.f.d.s.financiero.NorteCambiosScraper   : NorteCambiosScraper: 3 monedas obtenidas de nortecambios
2026-07-22 06:23:32.610  INFO 24448 --- [MessageBroker-4] c.f.d.s.f.CotizacionMercadoScheduler     : CotizacionMercadoScheduler: 3 monedas actualizadas
Successfully Authentication
Successfully Authentication
Successfully Authentication
Successfully Authentication
2026-07-22 06:33:32.615  INFO 24448 --- [MessageBroker-4] c.f.d.s.f.CotizacionMercadoScheduler     : Actualizacion automatica de cotizaciones de mercado
2026-07-22 06:33:33.993  INFO 24448 --- [MessageBroker-4] c.f.d.s.financiero.NorteCambiosScraper   : NorteCambiosScraper: 3 monedas obtenidas de nortecambios
2026-07-22 06:33:34.000  INFO 24448 --- [MessageBroker-4] c.f.d.s.f.CotizacionMercadoScheduler     : CotizacionMercadoScheduler: 3 monedas actualizadas
Successfully Authentication
Successfully Authentication
Successfully Authentication
Successfully Authentication
2026-07-22 06:43:34.043  INFO 24448 --- [MessageBroker-3] c.f.d.s.f.CotizacionMercadoScheduler     : Actualizacion automatica de cotizaciones de mercado
2026-07-22 06:43:35.410  INFO 24448 --- [MessageBroker-3] c.f.d.s.financiero.NorteCambiosScraper   : NorteCambiosScraper: 3 monedas obtenidas de nortecambios
2026-07-22 06:43:35.418  INFO 24448 --- [MessageBroker-3] c.f.d.s.f.CotizacionMercadoScheduler     : CotizacionMercadoScheduler: 3 monedas actualizadas
Successfully Authentication
Successfully Authentication
Successfully Authentication
Successfully Authentication
2026-07-22 06:53:35.423  INFO 24448 --- [MessageBroker-1] c.f.d.s.f.CotizacionMercadoScheduler     : Actualizacion automatica de cotizaciones de mercado
2026-07-22 06:53:36.767  INFO 24448 --- [MessageBroker-1] c.f.d.s.financiero.NorteCambiosScraper   : NorteCambiosScraper: 3 monedas obtenidas de nortecambios
2026-07-22 06:53:36.774  INFO 24448 --- [MessageBroker-1] c.f.d.s.f.CotizacionMercadoScheduler     : CotizacionMercadoScheduler: 3 monedas actualizadas
2026-07-22 07:00:00.274  INFO 24448 --- [MessageBroker-1] c.f.d.s.rrhh.RrhhNotificacionScheduler   : RrhhNotificacionScheduler: alerta enviada -> 1 cuota(s) de prestamo vencida(s) · 391 liquidacion(es) pendiente(s) de pago
Successfully Authentication
Successfully Authentication
Successfully Authentication
Successfully Authentication
2026-07-22 07:03:36.778  INFO 24448 --- [MessageBroker-4] c.f.d.s.f.CotizacionMercadoScheduler     : Actualizacion automatica de cotizaciones de mercado
2026-07-22 07:03:38.130  INFO 24448 --- [MessageBroker-4] c.f.d.s.financiero.NorteCambiosScraper   : NorteCambiosScraper: 3 monedas obtenidas de nortecambios
2026-07-22 07:03:38.137  INFO 24448 --- [MessageBroker-4] c.f.d.s.f.CotizacionMercadoScheduler     : CotizacionMercadoScheduler: 3 monedas actualizadas
Successfully Authentication
Successfully Authentication
Successfully Authentication
Successfully Authentication
2026-07-22 07:13:38.158  INFO 24448 --- [MessageBroker-4] c.f.d.s.f.CotizacionMercadoScheduler     : Actualizacion automatica de cotizaciones de mercado
2026-07-22 07:13:39.488  INFO 24448 --- [MessageBroker-4] c.f.d.s.financiero.NorteCambiosScraper   : NorteCambiosScraper: 3 monedas obtenidas de nortecambios
2026-07-22 07:13:39.495  INFO 24448 --- [MessageBroker-4] c.f.d.s.f.CotizacionMercadoScheduler     : CotizacionMercadoScheduler: 3 monedas actualizadas
Successfully Authentication
Successfully Authentication
Successfully Authentication
Successfully Authentication
2026-07-22 07:23:39.503  INFO 24448 --- [MessageBroker-1] c.f.d.s.f.CotizacionMercadoScheduler     : Actualizacion automatica de cotizaciones de mercado
2026-07-22 07:23:40.864  INFO 24448 --- [MessageBroker-1] c.f.d.s.financiero.NorteCambiosScraper   : NorteCambiosScraper: 3 monedas obtenidas de nortecambios
2026-07-22 07:23:40.870  INFO 24448 --- [MessageBroker-1] c.f.d.s.f.CotizacionMercadoScheduler     : CotizacionMercadoScheduler: 3 monedas actualizadas
Successfully Authentication
Successfully Authentication
Successfully Authentication
Successfully Authentication
2026-07-22 07:33:40.877  INFO 24448 --- [MessageBroker-1] c.f.d.s.f.CotizacionMercadoScheduler     : Actualizacion automatica de cotizaciones de mercado
2026-07-22 07:33:42.230  INFO 24448 --- [MessageBroker-1] c.f.d.s.financiero.NorteCambiosScraper   : NorteCambiosScraper: 3 monedas obtenidas de nortecambios
2026-07-22 07:33:42.236  INFO 24448 --- [MessageBroker-1] c.f.d.s.f.CotizacionMercadoScheduler     : CotizacionMercadoScheduler: 3 monedas actualizadas
Successfully Authentication
Successfully Authentication
Successfully Authentication
Successfully Authentication
2026-07-22 07:43:42.242  INFO 24448 --- [MessageBroker-1] c.f.d.s.f.CotizacionMercadoScheduler     : Actualizacion automatica de cotizaciones de mercado
2026-07-22 07:43:43.782  INFO 24448 --- [MessageBroker-1] c.f.d.s.financiero.NorteCambiosScraper   : NorteCambiosScraper: 3 monedas obtenidas de nortecambios
2026-07-22 07:43:43.789  INFO 24448 --- [MessageBroker-1] c.f.d.s.f.CotizacionMercadoScheduler     : CotizacionMercadoScheduler: 3 monedas actualizadas
Successfully Authentication
Successfully Authentication
Successfully Authentication
Successfully Authentication
2026-07-22 07:53:43.787  INFO 24448 --- [MessageBroker-2] c.f.d.s.f.CotizacionMercadoScheduler     : Actualizacion automatica de cotizaciones de mercado
2026-07-22 07:53:45.447  INFO 24448 --- [MessageBroker-2] c.f.d.s.financiero.NorteCambiosScraper   : NorteCambiosScraper: 3 monedas obtenidas de nortecambios
2026-07-22 07:53:45.454  INFO 24448 --- [MessageBroker-2] c.f.d.s.f.CotizacionMercadoScheduler     : CotizacionMercadoScheduler: 3 monedas actualizadas
Successfully Authentication
Successfully Authentication
Successfully Authentication
Successfully Authentication
2026-07-22 08:03:45.459  INFO 24448 --- [MessageBroker-1] c.f.d.s.f.CotizacionMercadoScheduler     : Actualizacion automatica de cotizaciones de mercado
2026-07-22 08:03:46.794  INFO 24448 --- [MessageBroker-1] c.f.d.s.financiero.NorteCambiosScraper   : NorteCambiosScraper: 3 monedas obtenidas de nortecambios
2026-07-22 08:03:46.801  INFO 24448 --- [MessageBroker-1] c.f.d.s.f.CotizacionMercadoScheduler     : CotizacionMercadoScheduler: 3 monedas actualizadas
Successfully Authentication
Successfully Authentication
Successfully Authentication
Successfully Authentication
2026-07-22 08:13:46.765  INFO 24448 --- [MessageBroker-2] c.f.d.s.f.CotizacionMercadoScheduler     : Actualizacion automatica de cotizaciones de mercado
2026-07-22 08:13:48.123  INFO 24448 --- [MessageBroker-2] c.f.d.s.financiero.NorteCambiosScraper   : NorteCambiosScraper: 3 monedas obtenidas de nortecambios
2026-07-22 08:13:48.130  INFO 24448 --- [MessageBroker-2] c.f.d.s.f.CotizacionMercadoScheduler     : CotizacionMercadoScheduler: 3 monedas actualizadas
Successfully Authentication
Successfully Authentication
Successfully Authentication
Successfully Authentication
2026-07-22 08:23:48.127  INFO 24448 --- [MessageBroker-4] c.f.d.s.f.CotizacionMercadoScheduler     : Actualizacion automatica de cotizaciones de mercado
2026-07-22 08:23:49.466  INFO 24448 --- [MessageBroker-4] c.f.d.s.financiero.NorteCambiosScraper   : NorteCambiosScraper: 3 monedas obtenidas de nortecambios
2026-07-22 08:23:49.473  INFO 24448 --- [MessageBroker-4] c.f.d.s.f.CotizacionMercadoScheduler     : CotizacionMercadoScheduler: 3 monedas actualizadas
Successfully Authentication
Successfully Authentication
Successfully Authentication
Successfully Authentication
2026-07-22 08:33:49.472  INFO 24448 --- [MessageBroker-4] c.f.d.s.f.CotizacionMercadoScheduler     : Actualizacion automatica de cotizaciones de mercado
2026-07-22 08:33:50.848  INFO 24448 --- [MessageBroker-4] c.f.d.s.financiero.NorteCambiosScraper   : NorteCambiosScraper: 3 monedas obtenidas de nortecambios
2026-07-22 08:33:50.856  INFO 24448 --- [MessageBroker-4] c.f.d.s.f.CotizacionMercadoScheduler     : CotizacionMercadoScheduler: 3 monedas actualizadas
Successfully Authentication
Successfully Authentication
Successfully Authentication
Successfully Authentication
2026-07-22 08:43:50.881  INFO 24448 --- [MessageBroker-3] c.f.d.s.f.CotizacionMercadoScheduler     : Actualizacion automatica de cotizaciones de mercado
2026-07-22 08:43:52.507  INFO 24448 --- [MessageBroker-3] c.f.d.s.financiero.NorteCambiosScraper   : NorteCambiosScraper: 3 monedas obtenidas de nortecambios
2026-07-22 08:43:52.513  INFO 24448 --- [MessageBroker-3] c.f.d.s.f.CotizacionMercadoScheduler     : CotizacionMercadoScheduler: 3 monedas actualizadas
Successfully Authentication
Successfully Authentication
Successfully Authentication
Successfully Authentication
2026-07-22 08:53:52.516  INFO 24448 --- [MessageBroker-4] c.f.d.s.f.CotizacionMercadoScheduler     : Actualizacion automatica de cotizaciones de mercado
2026-07-22 08:53:53.845  INFO 24448 --- [MessageBroker-4] c.f.d.s.financiero.NorteCambiosScraper   : NorteCambiosScraper: 3 monedas obtenidas de nortecambios
2026-07-22 08:53:53.851  INFO 24448 --- [MessageBroker-4] c.f.d.s.f.CotizacionMercadoScheduler     : CotizacionMercadoScheduler: 3 monedas actualizadas
Successfully Authentication
Successfully Authentication
Successfully Authentication
Successfully Authentication
2026-07-22 09:03:53.860  INFO 24448 --- [MessageBroker-2] c.f.d.s.f.CotizacionMercadoScheduler     : Actualizacion automatica de cotizaciones de mercado
2026-07-22 09:03:55.233  INFO 24448 --- [MessageBroker-2] c.f.d.s.financiero.NorteCambiosScraper   : NorteCambiosScraper: 3 monedas obtenidas de nortecambios
2026-07-22 09:03:55.239  INFO 24448 --- [MessageBroker-2] c.f.d.s.f.CotizacionMercadoScheduler     : CotizacionMercadoScheduler: 3 monedas actualizadas
Successfully Authentication
Successfully Authentication
Successfully Authentication
Successfully Authentication
2026-07-22 09:13:55.248  INFO 24448 --- [MessageBroker-2] c.f.d.s.f.CotizacionMercadoScheduler     : Actualizacion automatica de cotizaciones de mercado
2026-07-22 09:13:56.620  INFO 24448 --- [MessageBroker-2] c.f.d.s.financiero.NorteCambiosScraper   : NorteCambiosScraper: 3 monedas obtenidas de nortecambios
2026-07-22 09:13:56.626  INFO 24448 --- [MessageBroker-2] c.f.d.s.f.CotizacionMercadoScheduler     : CotizacionMercadoScheduler: 3 monedas actualizadas
Successfully Authentication
Successfully Authentication
Successfully Authentication
Successfully Authentication
2026-07-22 09:23:56.641  INFO 24448 --- [MessageBroker-2] c.f.d.s.f.CotizacionMercadoScheduler     : Actualizacion automatica de cotizaciones de mercado
2026-07-22 09:23:58.007  INFO 24448 --- [MessageBroker-2] c.f.d.s.financiero.NorteCambiosScraper   : NorteCambiosScraper: 3 monedas obtenidas de nortecambios
2026-07-22 09:23:58.013  INFO 24448 --- [MessageBroker-2] c.f.d.s.f.CotizacionMercadoScheduler     : CotizacionMercadoScheduler: 3 monedas actualizadas
Successfully Authentication
Successfully Authentication
Successfully Authentication
Successfully Authentication
2026-07-22 09:33:58.017  INFO 24448 --- [MessageBroker-1] c.f.d.s.f.CotizacionMercadoScheduler     : Actualizacion automatica de cotizaciones de mercado
2026-07-22 09:33:59.359  INFO 24448 --- [MessageBroker-1] c.f.d.s.financiero.NorteCambiosScraper   : NorteCambiosScraper: 3 monedas obtenidas de nortecambios
2026-07-22 09:33:59.365  INFO 24448 --- [MessageBroker-1] c.f.d.s.f.CotizacionMercadoScheduler     : CotizacionMercadoScheduler: 3 monedas actualizadas
Successfully Authentication
Successfully Authentication
Successfully Authentication
Successfully Authentication
2026-07-22 09:43:59.375  INFO 24448 --- [MessageBroker-2] c.f.d.s.f.CotizacionMercadoScheduler     : Actualizacion automatica de cotizaciones de mercado
2026-07-22 09:44:00.975  INFO 24448 --- [MessageBroker-2] c.f.d.s.financiero.NorteCambiosScraper   : NorteCambiosScraper: 3 monedas obtenidas de nortecambios
2026-07-22 09:44:00.981  INFO 24448 --- [MessageBroker-2] c.f.d.s.f.CotizacionMercadoScheduler     : CotizacionMercadoScheduler: 3 monedas actualizadas
Successfully Authentication
Successfully Authentication
Successfully Authentication
Successfully Authentication
2026-07-22 09:54:00.992  INFO 24448 --- [MessageBroker-2] c.f.d.s.f.CotizacionMercadoScheduler     : Actualizacion automatica de cotizaciones de mercado
2026-07-22 09:54:02.386  INFO 24448 --- [MessageBroker-2] c.f.d.s.financiero.NorteCambiosScraper   : NorteCambiosScraper: 3 monedas obtenidas de nortecambios
2026-07-22 09:54:02.392  INFO 24448 --- [MessageBroker-2] c.f.d.s.f.CotizacionMercadoScheduler     : CotizacionMercadoScheduler: 3 monedas actualizadas
Successfully Authentication
Successfully Authentication
Successfully Authentication
Successfully Authentication
2026-07-22 10:04:02.396  INFO 24448 --- [MessageBroker-4] c.f.d.s.f.CotizacionMercadoScheduler     : Actualizacion automatica de cotizaciones de mercado
2026-07-22 10:04:03.775  INFO 24448 --- [MessageBroker-4] c.f.d.s.financiero.NorteCambiosScraper   : NorteCambiosScraper: 3 monedas obtenidas de nortecambios
2026-07-22 10:04:03.783  INFO 24448 --- [MessageBroker-4] c.f.d.s.f.CotizacionMercadoScheduler     : CotizacionMercadoScheduler: 3 monedas actualizadas
Successfully Authentication
Successfully Authentication
Successfully Authentication
Successfully Authentication
2026-07-22 10:14:03.792  INFO 24448 --- [MessageBroker-2] c.f.d.s.f.CotizacionMercadoScheduler     : Actualizacion automatica de cotizaciones de mercado
2026-07-22 10:14:05.150  INFO 24448 --- [MessageBroker-2] c.f.d.s.financiero.NorteCambiosScraper   : NorteCambiosScraper: 3 monedas obtenidas de nortecambios
2026-07-22 10:14:05.158  INFO 24448 --- [MessageBroker-2] c.f.d.s.f.CotizacionMercadoScheduler     : CotizacionMercadoScheduler: 3 monedas actualizadas
Successfully Authentication
Successfully Authentication
Successfully Authentication
Successfully Authentication
2026-07-22 10:24:05.130  INFO 24448 --- [MessageBroker-2] c.f.d.s.f.CotizacionMercadoScheduler     : Actualizacion automatica de cotizaciones de mercado
2026-07-22 10:24:06.535  INFO 24448 --- [MessageBroker-2] c.f.d.s.financiero.NorteCambiosScraper   : NorteCambiosScraper: 3 monedas obtenidas de nortecambios
2026-07-22 10:24:06.544  INFO 24448 --- [MessageBroker-2] c.f.d.s.f.CotizacionMercadoScheduler     : CotizacionMercadoScheduler: 3 monedas actualizadas
Successfully Authentication
Successfully Authentication
Successfully Authentication
Successfully Authentication
2026-07-22 10:34:06.544  INFO 24448 --- [MessageBroker-3] c.f.d.s.f.CotizacionMercadoScheduler     : Actualizacion automatica de cotizaciones de mercado
2026-07-22 10:34:07.906  INFO 24448 --- [MessageBroker-3] c.f.d.s.financiero.NorteCambiosScraper   : NorteCambiosScraper: 3 monedas obtenidas de nortecambios
2026-07-22 10:34:07.915  INFO 24448 --- [MessageBroker-3] c.f.d.s.f.CotizacionMercadoScheduler     : CotizacionMercadoScheduler: 3 monedas actualizadas
Successfully Authentication
Successfully Authentication
Successfully Authentication
Successfully Authentication
2026-07-22 10:44:07.912  INFO 24448 --- [MessageBroker-2] c.f.d.s.f.CotizacionMercadoScheduler     : Actualizacion automatica de cotizaciones de mercado
2026-07-22 10:44:09.247  INFO 24448 --- [MessageBroker-2] c.f.d.s.financiero.NorteCambiosScraper   : NorteCambiosScraper: 3 monedas obtenidas de nortecambios
2026-07-22 10:44:09.253  INFO 24448 --- [MessageBroker-2] c.f.d.s.f.CotizacionMercadoScheduler     : CotizacionMercadoScheduler: 3 monedas actualizadas
Successfully Authentication
Successfully Authentication
Successfully Authentication
Successfully Authentication
2026-07-22 10:54:09.161  INFO 24448 --- [MessageBroker-3] c.f.d.s.f.CotizacionMercadoScheduler     : Actualizacion automatica de cotizaciones de mercado
2026-07-22 10:54:10.528  INFO 24448 --- [MessageBroker-3] c.f.d.s.financiero.NorteCambiosScraper   : NorteCambiosScraper: 3 monedas obtenidas de nortecambios
2026-07-22 10:54:10.534  INFO 24448 --- [MessageBroker-3] c.f.d.s.f.CotizacionMercadoScheduler     : CotizacionMercadoScheduler: 3 monedas actualizadas
Successfully Authentication
Successfully Authentication
Successfully Authentication
Successfully Authentication
2026-07-22 11:04:10.524  INFO 24448 --- [MessageBroker-3] c.f.d.s.f.CotizacionMercadoScheduler     : Actualizacion automatica de cotizaciones de mercado
2026-07-22 11:04:11.906  INFO 24448 --- [MessageBroker-3] c.f.d.s.financiero.NorteCambiosScraper   : NorteCambiosScraper: 3 monedas obtenidas de nortecambios
2026-07-22 11:04:11.913  INFO 24448 --- [MessageBroker-3] c.f.d.s.f.CotizacionMercadoScheduler     : CotizacionMercadoScheduler: 3 monedas actualizadas
Successfully Authentication
Successfully Authentication
Successfully Authentication
Successfully Authentication
2026-07-22 11:14:11.895  INFO 24448 --- [MessageBroker-1] c.f.d.s.f.CotizacionMercadoScheduler     : Actualizacion automatica de cotizaciones de mercado
2026-07-22 11:14:13.276  INFO 24448 --- [MessageBroker-1] c.f.d.s.financiero.NorteCambiosScraper   : NorteCambiosScraper: 3 monedas obtenidas de nortecambios
2026-07-22 11:14:13.298  INFO 24448 --- [MessageBroker-1] c.f.d.s.f.CotizacionMercadoScheduler     : CotizacionMercadoScheduler: 3 monedas actualizadas
Successfully Authentication
Successfully Authentication
Successfully Authentication
Successfully Authentication
2026-07-22 11:24:13.404  INFO 24448 --- [MessageBroker-1] c.f.d.s.f.CotizacionMercadoScheduler     : Actualizacion automatica de cotizaciones de mercado
2026-07-22 11:24:14.755  INFO 24448 --- [MessageBroker-1] c.f.d.s.financiero.NorteCambiosScraper   : NorteCambiosScraper: 3 monedas obtenidas de nortecambios
2026-07-22 11:24:14.761  INFO 24448 --- [MessageBroker-1] c.f.d.s.f.CotizacionMercadoScheduler     : CotizacionMercadoScheduler: 3 monedas actualizadas
Successfully Authentication
Successfully Authentication
Successfully Authentication
Successfully Authentication
2026-07-22 11:34:14.764  INFO 24448 --- [MessageBroker-1] c.f.d.s.f.CotizacionMercadoScheduler     : Actualizacion automatica de cotizaciones de mercado
2026-07-22 11:34:16.133  INFO 24448 --- [MessageBroker-1] c.f.d.s.financiero.NorteCambiosScraper   : NorteCambiosScraper: 3 monedas obtenidas de nortecambios
2026-07-22 11:34:16.142  INFO 24448 --- [MessageBroker-1] c.f.d.s.f.CotizacionMercadoScheduler     : CotizacionMercadoScheduler: 3 monedas actualizadas
Successfully Authentication
Successfully Authentication
Successfully Authentication
Successfully Authentication
2026-07-22 11:44:16.149  INFO 24448 --- [MessageBroker-1] c.f.d.s.f.CotizacionMercadoScheduler     : Actualizacion automatica de cotizaciones de mercado
2026-07-22 11:44:17.842  INFO 24448 --- [MessageBroker-1] c.f.d.s.financiero.NorteCambiosScraper   : NorteCambiosScraper: 3 monedas obtenidas de nortecambios
2026-07-22 11:44:17.847  INFO 24448 --- [MessageBroker-1] c.f.d.s.f.CotizacionMercadoScheduler     : CotizacionMercadoScheduler: 3 monedas actualizadas
Successfully Authentication
Successfully Authentication
Successfully Authentication
Successfully Authentication
2026-07-22 11:54:17.852  INFO 24448 --- [MessageBroker-3] c.f.d.s.f.CotizacionMercadoScheduler     : Actualizacion automatica de cotizaciones de mercado
2026-07-22 11:54:19.192  INFO 24448 --- [MessageBroker-3] c.f.d.s.financiero.NorteCambiosScraper   : NorteCambiosScraper: 3 monedas obtenidas de nortecambios
2026-07-22 11:54:19.197  INFO 24448 --- [MessageBroker-3] c.f.d.s.f.CotizacionMercadoScheduler     : CotizacionMercadoScheduler: 3 monedas actualizadas
Successfully Authentication
Successfully Authentication
Successfully Authentication
Successfully Authentication
2026-07-22 12:04:19.236  INFO 24448 --- [MessageBroker-4] c.f.d.s.f.CotizacionMercadoScheduler     : Actualizacion automatica de cotizaciones de mercado
2026-07-22 12:04:20.656  INFO 24448 --- [MessageBroker-4] c.f.d.s.financiero.NorteCambiosScraper   : NorteCambiosScraper: 3 monedas obtenidas de nortecambios
2026-07-22 12:04:20.669  INFO 24448 --- [MessageBroker-4] c.f.d.s.f.CotizacionMercadoScheduler     : CotizacionMercadoScheduler: 3 monedas actualizadas
Successfully Authentication
Successfully Authentication
Successfully Authentication
Successfully Authentication
2026-07-22 12:14:20.675  INFO 24448 --- [MessageBroker-1] c.f.d.s.f.CotizacionMercadoScheduler     : Actualizacion automatica de cotizaciones de mercado
2026-07-22 12:14:22.121  INFO 24448 --- [MessageBroker-1] c.f.d.s.financiero.NorteCambiosScraper   : NorteCambiosScraper: 3 monedas obtenidas de nortecambios
2026-07-22 12:14:22.126  INFO 24448 --- [MessageBroker-1] c.f.d.s.f.CotizacionMercadoScheduler     : CotizacionMercadoScheduler: 3 monedas actualizadas
Successfully Authentication
Successfully Authentication
Successfully Authentication
Successfully Authentication
2026-07-22 12:24:22.153  INFO 24448 --- [MessageBroker-3] c.f.d.s.f.CotizacionMercadoScheduler     : Actualizacion automatica de cotizaciones de mercado
2026-07-22 12:24:23.486  INFO 24448 --- [MessageBroker-3] c.f.d.s.financiero.NorteCambiosScraper   : NorteCambiosScraper: 3 monedas obtenidas de nortecambios
2026-07-22 12:24:23.493  INFO 24448 --- [MessageBroker-3] c.f.d.s.f.CotizacionMercadoScheduler     : CotizacionMercadoScheduler: 3 monedas actualizadas
Successfully Authentication
Successfully Authentication
Successfully Authentication
Successfully Authentication
2026-07-22 12:34:23.501  INFO 24448 --- [MessageBroker-2] c.f.d.s.f.CotizacionMercadoScheduler     : Actualizacion automatica de cotizaciones de mercado
2026-07-22 12:34:24.828  INFO 24448 --- [MessageBroker-2] c.f.d.s.financiero.NorteCambiosScraper   : NorteCambiosScraper: 3 monedas obtenidas de nortecambios
2026-07-22 12:34:24.835  INFO 24448 --- [MessageBroker-2] c.f.d.s.f.CotizacionMercadoScheduler     : CotizacionMercadoScheduler: 3 monedas actualizadas
Successfully Authentication
Successfully Authentication
Successfully Authentication
Successfully Authentication
2026-07-22 12:44:24.844  INFO 24448 --- [MessageBroker-2] c.f.d.s.f.CotizacionMercadoScheduler     : Actualizacion automatica de cotizaciones de mercado
2026-07-22 12:44:26.236  INFO 24448 --- [MessageBroker-2] c.f.d.s.financiero.NorteCambiosScraper   : NorteCambiosScraper: 3 monedas obtenidas de nortecambios
2026-07-22 12:44:26.243  INFO 24448 --- [MessageBroker-2] c.f.d.s.f.CotizacionMercadoScheduler     : CotizacionMercadoScheduler: 3 monedas actualizadas
Successfully Authentication
Successfully Authentication
Successfully Authentication
Successfully Authentication
2026-07-22 12:54:26.247  INFO 24448 --- [MessageBroker-2] c.f.d.s.f.CotizacionMercadoScheduler     : Actualizacion automatica de cotizaciones de mercado
2026-07-22 12:54:27.606  INFO 24448 --- [MessageBroker-2] c.f.d.s.financiero.NorteCambiosScraper   : NorteCambiosScraper: 3 monedas obtenidas de nortecambios
2026-07-22 12:54:27.618  INFO 24448 --- [MessageBroker-2] c.f.d.s.f.CotizacionMercadoScheduler     : CotizacionMercadoScheduler: 3 monedas actualizadas
Successfully Authentication
Successfully Authentication
Successfully Authentication
Successfully Authentication
2026-07-22 13:04:27.633  INFO 24448 --- [MessageBroker-1] c.f.d.s.f.CotizacionMercadoScheduler     : Actualizacion automatica de cotizaciones de mercado
2026-07-22 13:04:29.018  INFO 24448 --- [MessageBroker-1] c.f.d.s.financiero.NorteCambiosScraper   : NorteCambiosScraper: 3 monedas obtenidas de nortecambios
2026-07-22 13:04:29.026  INFO 24448 --- [MessageBroker-1] c.f.d.s.f.CotizacionMercadoScheduler     : CotizacionMercadoScheduler: 3 monedas actualizadas
Successfully Authentication
Successfully Authentication
Successfully Authentication
Successfully Authentication
2026-07-22 13:14:29.035  INFO 24448 --- [MessageBroker-4] c.f.d.s.f.CotizacionMercadoScheduler     : Actualizacion automatica de cotizaciones de mercado
2026-07-22 13:14:30.396  INFO 24448 --- [MessageBroker-4] c.f.d.s.financiero.NorteCambiosScraper   : NorteCambiosScraper: 3 monedas obtenidas de nortecambios
2026-07-22 13:14:30.407  INFO 24448 --- [MessageBroker-4] c.f.d.s.f.CotizacionMercadoScheduler     : CotizacionMercadoScheduler: 3 monedas actualizadas
2026-07-22 13:17:48.052  INFO 24448 --- [   File Watcher] rtingClassPathChangeChangedEventListener : Restarting due to 2145 class path changes (0 additions, 1675 deletions, 470 modifications)
2026-07-22 13:17:48.069  INFO 24448 --- [       Thread-5] o.s.m.s.b.SimpleBrokerMessageHandler     : Stopping...
2026-07-22 13:17:48.070  INFO 24448 --- [       Thread-5] o.s.m.s.b.SimpleBrokerMessageHandler     : BrokerAvailabilityEvent[available=false, SimpleBrokerMessageHandler [org.springframework.messaging.simp.broker.DefaultSubscriptionRegistry@601e9508]]
2026-07-22 13:17:48.070  INFO 24448 --- [       Thread-5] o.s.m.s.b.SimpleBrokerMessageHandler     : Stopped.
2026-07-22 13:17:48.082  INFO 24448 --- [       Thread-5] o.apache.catalina.core.StandardService   : Stopping service [Tomcat]
2026-07-22 13:17:48.087  INFO 24448 --- [       Thread-5] o.a.c.c.C.[Tomcat].[localhost].[/]       : Destroying Spring FrameworkServlet 'dispatcherServlet'
2026-07-22 13:17:48.093  WARN 24448 --- [       Thread-5] o.a.c.loader.WebappClassLoaderBase       : The web application [ROOT] appears to have started a thread named [Hibernate Search - Engine - Timing thread - 0] but has failed to stop it. This is very likely to create a memory leak. Stack trace of thread:
 java.base@17.0.17/jdk.internal.misc.Unsafe.park(Native Method)
 java.base@17.0.17/java.util.concurrent.locks.LockSupport.parkNanos(LockSupport.java:252)
 java.base@17.0.17/java.util.concurrent.locks.AbstractQueuedSynchronizer$ConditionObject.awaitNanos(AbstractQueuedSynchronizer.java:1679)
 java.base@17.0.17/java.util.concurrent.ScheduledThreadPoolExecutor$DelayedWorkQueue.take(ScheduledThreadPoolExecutor.java:1182)
 java.base@17.0.17/java.util.concurrent.ScheduledThreadPoolExecutor$DelayedWorkQueue.take(ScheduledThreadPoolExecutor.java:899)
 java.base@17.0.17/java.util.concurrent.ThreadPoolExecutor.getTask(ThreadPoolExecutor.java:1062)
 java.base@17.0.17/java.util.concurrent.ThreadPoolExecutor.runWorker(ThreadPoolExecutor.java:1122)
 java.base@17.0.17/java.util.concurrent.ThreadPoolExecutor$Worker.run(ThreadPoolExecutor.java:635)
 java.base@17.0.17/java.lang.Thread.run(Thread.java:840)
2026-07-22 13:17:48.094  WARN 24448 --- [       Thread-5] o.a.c.loader.WebappClassLoaderBase       : The web application [ROOT] appears to have started a thread named [Hibernate Search - default backend - Worker thread - 0] but has failed to stop it. This is very likely to create a memory leak. Stack trace of thread:
 java.base@17.0.17/jdk.internal.misc.Unsafe.park(Native Method)
 java.base@17.0.17/java.util.concurrent.locks.LockSupport.park(LockSupport.java:341)
 java.base@17.0.17/java.util.concurrent.locks.AbstractQueuedSynchronizer$ConditionNode.block(AbstractQueuedSynchronizer.java:506)
 java.base@17.0.17/java.util.concurrent.ForkJoinPool.unmanagedBlock(ForkJoinPool.java:3465)
 java.base@17.0.17/java.util.concurrent.ForkJoinPool.managedBlock(ForkJoinPool.java:3436)
 java.base@17.0.17/java.util.concurrent.locks.AbstractQueuedSynchronizer$ConditionObject.await(AbstractQueuedSynchronizer.java:1630)
 java.base@17.0.17/java.util.concurrent.ScheduledThreadPoolExecutor$DelayedWorkQueue.take(ScheduledThreadPoolExecutor.java:1170)
 java.base@17.0.17/java.util.concurrent.ScheduledThreadPoolExecutor$DelayedWorkQueue.take(ScheduledThreadPoolExecutor.java:899)
 java.base@17.0.17/java.util.concurrent.ThreadPoolExecutor.getTask(ThreadPoolExecutor.java:1062)
 java.base@17.0.17/java.util.concurrent.ThreadPoolExecutor.runWorker(ThreadPoolExecutor.java:1122)
 java.base@17.0.17/java.util.concurrent.ThreadPoolExecutor$Worker.run(ThreadPoolExecutor.java:635)
 java.base@17.0.17/java.lang.Thread.run(Thread.java:840)
2026-07-22 13:17:48.095  WARN 24448 --- [       Thread-5] o.a.c.loader.WebappClassLoaderBase       : The web application [ROOT] appears to have started a thread named [Hibernate Search - default backend - Worker thread - 1] but has failed to stop it. This is very likely to create a memory leak. Stack trace of thread:
 java.base@17.0.17/jdk.internal.misc.Unsafe.park(Native Method)
 java.base@17.0.17/java.util.concurrent.locks.LockSupport.park(LockSupport.java:341)
 java.base@17.0.17/java.util.concurrent.locks.AbstractQueuedSynchronizer$ConditionNode.block(AbstractQueuedSynchronizer.java:506)
 java.base@17.0.17/java.util.concurrent.ForkJoinPool.unmanagedBlock(ForkJoinPool.java:3465)
 java.base@17.0.17/java.util.concurrent.ForkJoinPool.managedBlock(ForkJoinPool.java:3436)
 java.base@17.0.17/java.util.concurrent.locks.AbstractQueuedSynchronizer$ConditionObject.await(AbstractQueuedSynchronizer.java:1630)
 java.base@17.0.17/java.util.concurrent.ScheduledThreadPoolExecutor$DelayedWorkQueue.take(ScheduledThreadPoolExecutor.java:1170)
 java.base@17.0.17/java.util.concurrent.ScheduledThreadPoolExecutor$DelayedWorkQueue.take(ScheduledThreadPoolExecutor.java:899)
 java.base@17.0.17/java.util.concurrent.ThreadPoolExecutor.getTask(ThreadPoolExecutor.java:1062)
 java.base@17.0.17/java.util.concurrent.ThreadPoolExecutor.runWorker(ThreadPoolExecutor.java:1122)
 java.base@17.0.17/java.util.concurrent.ThreadPoolExecutor$Worker.run(ThreadPoolExecutor.java:635)
 java.base@17.0.17/java.lang.Thread.run(Thread.java:840)
2026-07-22 13:17:48.095  WARN 24448 --- [       Thread-5] o.a.c.loader.WebappClassLoaderBase       : The web application [ROOT] appears to have started a thread named [HikariPool-1 housekeeper] but has failed to stop it. This is very likely to create a memory leak. Stack trace of thread:
 java.base@17.0.17/jdk.internal.misc.Unsafe.park(Native Method)
 java.base@17.0.17/java.util.concurrent.locks.LockSupport.parkNanos(LockSupport.java:252)
 java.base@17.0.17/java.util.concurrent.locks.AbstractQueuedSynchronizer$ConditionObject.awaitNanos(AbstractQueuedSynchronizer.java:1679)
 java.base@17.0.17/java.util.concurrent.ScheduledThreadPoolExecutor$DelayedWorkQueue.take(ScheduledThreadPoolExecutor.java:1182)
 java.base@17.0.17/java.util.concurrent.ScheduledThreadPoolExecutor$DelayedWorkQueue.take(ScheduledThreadPoolExecutor.java:899)
 java.base@17.0.17/java.util.concurrent.ThreadPoolExecutor.getTask(ThreadPoolExecutor.java:1062)
 java.base@17.0.17/java.util.concurrent.ThreadPoolExecutor.runWorker(ThreadPoolExecutor.java:1122)
 java.base@17.0.17/java.util.concurrent.ThreadPoolExecutor$Worker.run(ThreadPoolExecutor.java:635)
 java.base@17.0.17/java.lang.Thread.run(Thread.java:840)
2026-07-22 13:17:48.096  WARN 24448 --- [       Thread-5] o.a.c.loader.WebappClassLoaderBase       : The web application [ROOT] appears to have started a thread named [pool-1-thread-1] but has failed to stop it. This is very likely to create a memory leak. Stack trace of thread:
 java.base@17.0.17/jdk.internal.misc.Unsafe.park(Native Method)
 java.base@17.0.17/java.util.concurrent.locks.LockSupport.park(LockSupport.java:341)
 java.base@17.0.17/java.util.concurrent.locks.AbstractQueuedSynchronizer$ConditionNode.block(AbstractQueuedSynchronizer.java:506)
 java.base@17.0.17/java.util.concurrent.ForkJoinPool.unmanagedBlock(ForkJoinPool.java:3465)
 java.base@17.0.17/java.util.concurrent.ForkJoinPool.managedBlock(ForkJoinPool.java:3436)
 java.base@17.0.17/java.util.concurrent.locks.AbstractQueuedSynchronizer$ConditionObject.await(AbstractQueuedSynchronizer.java:1630)
 java.base@17.0.17/java.util.concurrent.ScheduledThreadPoolExecutor$DelayedWorkQueue.take(ScheduledThreadPoolExecutor.java:1177)
 java.base@17.0.17/java.util.concurrent.ScheduledThreadPoolExecutor$DelayedWorkQueue.take(ScheduledThreadPoolExecutor.java:899)
 java.base@17.0.17/java.util.concurrent.ThreadPoolExecutor.getTask(ThreadPoolExecutor.java:1062)
 java.base@17.0.17/java.util.concurrent.ThreadPoolExecutor.runWorker(ThreadPoolExecutor.java:1122)
 java.base@17.0.17/java.util.concurrent.ThreadPoolExecutor$Worker.run(ThreadPoolExecutor.java:635)
 java.base@17.0.17/java.lang.Thread.run(Thread.java:840)
2026-07-22 13:17:48.096  WARN 24448 --- [       Thread-5] o.a.c.loader.WebappClassLoaderBase       : The web application [ROOT] appears to have started a thread named [pool-1-thread-2] but has failed to stop it. This is very likely to create a memory leak. Stack trace of thread:
 java.base@17.0.17/jdk.internal.misc.Unsafe.park(Native Method)
 java.base@17.0.17/java.util.concurrent.locks.LockSupport.park(LockSupport.java:341)
 java.base@17.0.17/java.util.concurrent.locks.AbstractQueuedSynchronizer$ConditionNode.block(AbstractQueuedSynchronizer.java:506)
 java.base@17.0.17/java.util.concurrent.ForkJoinPool.unmanagedBlock(ForkJoinPool.java:3465)
 java.base@17.0.17/java.util.concurrent.ForkJoinPool.managedBlock(ForkJoinPool.java:3436)
 java.base@17.0.17/java.util.concurrent.locks.AbstractQueuedSynchronizer$ConditionObject.await(AbstractQueuedSynchronizer.java:1630)
 java.base@17.0.17/java.util.concurrent.ScheduledThreadPoolExecutor$DelayedWorkQueue.take(ScheduledThreadPoolExecutor.java:1177)
 java.base@17.0.17/java.util.concurrent.ScheduledThreadPoolExecutor$DelayedWorkQueue.take(ScheduledThreadPoolExecutor.java:899)
 java.base@17.0.17/java.util.concurrent.ThreadPoolExecutor.getTask(ThreadPoolExecutor.java:1062)
 java.base@17.0.17/java.util.concurrent.ThreadPoolExecutor.runWorker(ThreadPoolExecutor.java:1122)
 java.base@17.0.17/java.util.concurrent.ThreadPoolExecutor$Worker.run(ThreadPoolExecutor.java:635)
 java.base@17.0.17/java.lang.Thread.run(Thread.java:840)
2026-07-22 13:17:48.096  WARN 24448 --- [       Thread-5] o.a.c.loader.WebappClassLoaderBase       : The web application [ROOT] appears to have started a thread named [pool-1-thread-3] but has failed to stop it. This is very likely to create a memory leak. Stack trace of thread:
 java.base@17.0.17/jdk.internal.misc.Unsafe.park(Native Method)
 java.base@17.0.17/java.util.concurrent.locks.LockSupport.park(LockSupport.java:341)
 java.base@17.0.17/java.util.concurrent.locks.AbstractQueuedSynchronizer$ConditionNode.block(AbstractQueuedSynchronizer.java:506)
 java.base@17.0.17/java.util.concurrent.ForkJoinPool.unmanagedBlock(ForkJoinPool.java:3465)
 java.base@17.0.17/java.util.concurrent.ForkJoinPool.managedBlock(ForkJoinPool.java:3436)
 java.base@17.0.17/java.util.concurrent.locks.AbstractQueuedSynchronizer$ConditionObject.await(AbstractQueuedSynchronizer.java:1630)
 java.base@17.0.17/java.util.concurrent.ScheduledThreadPoolExecutor$DelayedWorkQueue.take(ScheduledThreadPoolExecutor.java:1177)
 java.base@17.0.17/java.util.concurrent.ScheduledThreadPoolExecutor$DelayedWorkQueue.take(ScheduledThreadPoolExecutor.java:899)
 java.base@17.0.17/java.util.concurrent.ThreadPoolExecutor.getTask(ThreadPoolExecutor.java:1062)
 java.base@17.0.17/java.util.concurrent.ThreadPoolExecutor.runWorker(ThreadPoolExecutor.java:1122)
 java.base@17.0.17/java.util.concurrent.ThreadPoolExecutor$Worker.run(ThreadPoolExecutor.java:635)
 java.base@17.0.17/java.lang.Thread.run(Thread.java:840)
2026-07-22 13:17:48.097  WARN 24448 --- [       Thread-5] o.a.c.loader.WebappClassLoaderBase       : The web application [ROOT] appears to have started a thread named [pool-1-thread-4] but has failed to stop it. This is very likely to create a memory leak. Stack trace of thread:
 java.base@17.0.17/jdk.internal.misc.Unsafe.park(Native Method)
 java.base@17.0.17/java.util.concurrent.locks.LockSupport.park(LockSupport.java:341)
 java.base@17.0.17/java.util.concurrent.locks.AbstractQueuedSynchronizer$ConditionNode.block(AbstractQueuedSynchronizer.java:506)
 java.base@17.0.17/java.util.concurrent.ForkJoinPool.unmanagedBlock(ForkJoinPool.java:3465)
 java.base@17.0.17/java.util.concurrent.ForkJoinPool.managedBlock(ForkJoinPool.java:3436)
 java.base@17.0.17/java.util.concurrent.locks.AbstractQueuedSynchronizer$ConditionObject.await(AbstractQueuedSynchronizer.java:1630)
 java.base@17.0.17/java.util.concurrent.ScheduledThreadPoolExecutor$DelayedWorkQueue.take(ScheduledThreadPoolExecutor.java:1177)
 java.base@17.0.17/java.util.concurrent.ScheduledThreadPoolExecutor$DelayedWorkQueue.take(ScheduledThreadPoolExecutor.java:899)
 java.base@17.0.17/java.util.concurrent.ThreadPoolExecutor.getTask(ThreadPoolExecutor.java:1062)
 java.base@17.0.17/java.util.concurrent.ThreadPoolExecutor.runWorker(ThreadPoolExecutor.java:1122)
 java.base@17.0.17/java.util.concurrent.ThreadPoolExecutor$Worker.run(ThreadPoolExecutor.java:635)
 java.base@17.0.17/java.lang.Thread.run(Thread.java:840)
2026-07-22 13:17:48.098  WARN 24448 --- [       Thread-5] o.a.c.loader.WebappClassLoaderBase       : The web application [ROOT] appears to have started a thread named [pool-1-thread-5] but has failed to stop it. This is very likely to create a memory leak. Stack trace of thread:
 java.base@17.0.17/jdk.internal.misc.Unsafe.park(Native Method)
 java.base@17.0.17/java.util.concurrent.locks.LockSupport.park(LockSupport.java:341)
 java.base@17.0.17/java.util.concurrent.locks.AbstractQueuedSynchronizer$ConditionNode.block(AbstractQueuedSynchronizer.java:506)
 java.base@17.0.17/java.util.concurrent.ForkJoinPool.unmanagedBlock(ForkJoinPool.java:3465)
 java.base@17.0.17/java.util.concurrent.ForkJoinPool.managedBlock(ForkJoinPool.java:3436)
 java.base@17.0.17/java.util.concurrent.locks.AbstractQueuedSynchronizer$ConditionObject.await(AbstractQueuedSynchronizer.java:1630)
 java.base@17.0.17/java.util.concurrent.ScheduledThreadPoolExecutor$DelayedWorkQueue.take(ScheduledThreadPoolExecutor.java:1177)
 java.base@17.0.17/java.util.concurrent.ScheduledThreadPoolExecutor$DelayedWorkQueue.take(ScheduledThreadPoolExecutor.java:899)
 java.base@17.0.17/java.util.concurrent.ThreadPoolExecutor.getTask(ThreadPoolExecutor.java:1062)
 java.base@17.0.17/java.util.concurrent.ThreadPoolExecutor.runWorker(ThreadPoolExecutor.java:1122)
 java.base@17.0.17/java.util.concurrent.ThreadPoolExecutor$Worker.run(ThreadPoolExecutor.java:635)
 java.base@17.0.17/java.lang.Thread.run(Thread.java:840)
2026-07-22 13:17:48.098  WARN 24448 --- [       Thread-5] o.a.c.loader.WebappClassLoaderBase       : The web application [ROOT] appears to have started a thread named [pool-1-thread-6] but has failed to stop it. This is very likely to create a memory leak. Stack trace of thread:
 java.base@17.0.17/jdk.internal.misc.Unsafe.park(Native Method)
 java.base@17.0.17/java.util.concurrent.locks.LockSupport.park(LockSupport.java:341)
 java.base@17.0.17/java.util.concurrent.locks.AbstractQueuedSynchronizer$ConditionNode.block(AbstractQueuedSynchronizer.java:506)
 java.base@17.0.17/java.util.concurrent.ForkJoinPool.unmanagedBlock(ForkJoinPool.java:3465)
 java.base@17.0.17/java.util.concurrent.ForkJoinPool.managedBlock(ForkJoinPool.java:3436)
 java.base@17.0.17/java.util.concurrent.locks.AbstractQueuedSynchronizer$ConditionObject.await(AbstractQueuedSynchronizer.java:1630)
 java.base@17.0.17/java.util.concurrent.ScheduledThreadPoolExecutor$DelayedWorkQueue.take(ScheduledThreadPoolExecutor.java:1177)
 java.base@17.0.17/java.util.concurrent.ScheduledThreadPoolExecutor$DelayedWorkQueue.take(ScheduledThreadPoolExecutor.java:899)
 java.base@17.0.17/java.util.concurrent.ThreadPoolExecutor.getTask(ThreadPoolExecutor.java:1062)
 java.base@17.0.17/java.util.concurrent.ThreadPoolExecutor.runWorker(ThreadPoolExecutor.java:1122)
 java.base@17.0.17/java.util.concurrent.ThreadPoolExecutor$Worker.run(ThreadPoolExecutor.java:635)
 java.base@17.0.17/java.lang.Thread.run(Thread.java:840)
2026-07-22 13:17:48.099  WARN 24448 --- [       Thread-5] o.a.c.loader.WebappClassLoaderBase       : The web application [ROOT] appears to have started a thread named [pool-1-thread-7] but has failed to stop it. This is very likely to create a memory leak. Stack trace of thread:
 java.base@17.0.17/jdk.internal.misc.Unsafe.park(Native Method)
 java.base@17.0.17/java.util.concurrent.locks.LockSupport.park(LockSupport.java:341)
 java.base@17.0.17/java.util.concurrent.locks.AbstractQueuedSynchronizer$ConditionNode.block(AbstractQueuedSynchronizer.java:506)
 java.base@17.0.17/java.util.concurrent.ForkJoinPool.unmanagedBlock(ForkJoinPool.java:3465)
 java.base@17.0.17/java.util.concurrent.ForkJoinPool.managedBlock(ForkJoinPool.java:3436)
 java.base@17.0.17/java.util.concurrent.locks.AbstractQueuedSynchronizer$ConditionObject.await(AbstractQueuedSynchronizer.java:1630)
 java.base@17.0.17/java.util.concurrent.ScheduledThreadPoolExecutor$DelayedWorkQueue.take(ScheduledThreadPoolExecutor.java:1177)
 java.base@17.0.17/java.util.concurrent.ScheduledThreadPoolExecutor$DelayedWorkQueue.take(ScheduledThreadPoolExecutor.java:899)
 java.base@17.0.17/java.util.concurrent.ThreadPoolExecutor.getTask(ThreadPoolExecutor.java:1062)
 java.base@17.0.17/java.util.concurrent.ThreadPoolExecutor.runWorker(ThreadPoolExecutor.java:1122)
 java.base@17.0.17/java.util.concurrent.ThreadPoolExecutor$Worker.run(ThreadPoolExecutor.java:635)
 java.base@17.0.17/java.lang.Thread.run(Thread.java:840)
2026-07-22 13:17:48.099  WARN 24448 --- [       Thread-5] o.a.c.loader.WebappClassLoaderBase       : The web application [ROOT] appears to have started a thread named [pool-1-thread-8] but has failed to stop it. This is very likely to create a memory leak. Stack trace of thread:
 java.base@17.0.17/jdk.internal.misc.Unsafe.park(Native Method)
 java.base@17.0.17/java.util.concurrent.locks.LockSupport.park(LockSupport.java:341)
 java.base@17.0.17/java.util.concurrent.locks.AbstractQueuedSynchronizer$ConditionNode.block(AbstractQueuedSynchronizer.java:506)
 java.base@17.0.17/java.util.concurrent.ForkJoinPool.unmanagedBlock(ForkJoinPool.java:3465)
 java.base@17.0.17/java.util.concurrent.ForkJoinPool.managedBlock(ForkJoinPool.java:3436)
 java.base@17.0.17/java.util.concurrent.locks.AbstractQueuedSynchronizer$ConditionObject.await(AbstractQueuedSynchronizer.java:1630)
 java.base@17.0.17/java.util.concurrent.ScheduledThreadPoolExecutor$DelayedWorkQueue.take(ScheduledThreadPoolExecutor.java:1177)
 java.base@17.0.17/java.util.concurrent.ScheduledThreadPoolExecutor$DelayedWorkQueue.take(ScheduledThreadPoolExecutor.java:899)
 java.base@17.0.17/java.util.concurrent.ThreadPoolExecutor.getTask(ThreadPoolExecutor.java:1062)
 java.base@17.0.17/java.util.concurrent.ThreadPoolExecutor.runWorker(ThreadPoolExecutor.java:1122)
 java.base@17.0.17/java.util.concurrent.ThreadPoolExecutor$Worker.run(ThreadPoolExecutor.java:635)
 java.base@17.0.17/java.lang.Thread.run(Thread.java:840)
2026-07-22 13:17:48.099  WARN 24448 --- [       Thread-5] o.a.c.loader.WebappClassLoaderBase       : The web application [ROOT] appears to have started a thread named [pool-1-thread-9] but has failed to stop it. This is very likely to create a memory leak. Stack trace of thread:
 java.base@17.0.17/jdk.internal.misc.Unsafe.park(Native Method)
 java.base@17.0.17/java.util.concurrent.locks.LockSupport.parkNanos(LockSupport.java:252)
 java.base@17.0.17/java.util.concurrent.locks.AbstractQueuedSynchronizer$ConditionObject.awaitNanos(AbstractQueuedSynchronizer.java:1679)
 java.base@17.0.17/java.util.concurrent.ScheduledThreadPoolExecutor$DelayedWorkQueue.take(ScheduledThreadPoolExecutor.java:1182)
 java.base@17.0.17/java.util.concurrent.ScheduledThreadPoolExecutor$DelayedWorkQueue.take(ScheduledThreadPoolExecutor.java:899)
 java.base@17.0.17/java.util.concurrent.ThreadPoolExecutor.getTask(ThreadPoolExecutor.java:1062)
 java.base@17.0.17/java.util.concurrent.ThreadPoolExecutor.runWorker(ThreadPoolExecutor.java:1122)
 java.base@17.0.17/java.util.concurrent.ThreadPoolExecutor$Worker.run(ThreadPoolExecutor.java:635)
 java.base@17.0.17/java.lang.Thread.run(Thread.java:840)
2026-07-22 13:17:48.099  WARN 24448 --- [       Thread-5] o.a.c.loader.WebappClassLoaderBase       : The web application [ROOT] appears to have started a thread named [pool-1-thread-10] but has failed to stop it. This is very likely to create a memory leak. Stack trace of thread:
 java.base@17.0.17/jdk.internal.misc.Unsafe.park(Native Method)
 java.base@17.0.17/java.util.concurrent.locks.LockSupport.park(LockSupport.java:341)
 java.base@17.0.17/java.util.concurrent.locks.AbstractQueuedSynchronizer$ConditionNode.block(AbstractQueuedSynchronizer.java:506)
 java.base@17.0.17/java.util.concurrent.ForkJoinPool.unmanagedBlock(ForkJoinPool.java:3465)
 java.base@17.0.17/java.util.concurrent.ForkJoinPool.managedBlock(ForkJoinPool.java:3436)
 java.base@17.0.17/java.util.concurrent.locks.AbstractQueuedSynchronizer$ConditionObject.await(AbstractQueuedSynchronizer.java:1630)
 java.base@17.0.17/java.util.concurrent.ScheduledThreadPoolExecutor$DelayedWorkQueue.take(ScheduledThreadPoolExecutor.java:1177)
 java.base@17.0.17/java.util.concurrent.ScheduledThreadPoolExecutor$DelayedWorkQueue.take(ScheduledThreadPoolExecutor.java:899)
 java.base@17.0.17/java.util.concurrent.ThreadPoolExecutor.getTask(ThreadPoolExecutor.java:1062)
 java.base@17.0.17/java.util.concurrent.ThreadPoolExecutor.runWorker(ThreadPoolExecutor.java:1122)
 java.base@17.0.17/java.util.concurrent.ThreadPoolExecutor$Worker.run(ThreadPoolExecutor.java:635)
 java.base@17.0.17/java.lang.Thread.run(Thread.java:840)
2026-07-22 13:17:48.379  INFO 24448 --- [       Thread-5] j.LocalContainerEntityManagerFactoryBean : Closing JPA EntityManagerFactory for persistence unit 'default'
2026-07-22 13:17:48.916  INFO 24448 --- [       Thread-5] com.zaxxer.hikari.HikariDataSource       : HikariPool-1 - Shutdown initiated...
2026-07-22 13:17:48.925  INFO 24448 --- [       Thread-5] com.zaxxer.hikari.HikariDataSource       : HikariPool-1 - Shutdown completed.
Iniciando sistema
2026-07-22 13:17:49.224 ERROR 24448 --- [  restartedMain] o.s.boot.SpringApplication               : Application run failed

java.lang.IllegalArgumentException: Unable to instantiate com.franco.dev.config.UserDevPropertiesEnvironmentPostProcessor [org.springframework.boot.env.EnvironmentPostProcessor]
	at org.springframework.boot.util.Instantiator.lambda$static$0(Instantiator.java:53) ~[spring-boot-2.7.18.jar:2.7.18]
	at org.springframework.boot.util.Instantiator.instantiate(Instantiator.java:153) ~[spring-boot-2.7.18.jar:2.7.18]
	at java.base/java.util.stream.ReferencePipeline$3$1.accept(ReferencePipeline.java:197) ~[na:na]
	at java.base/java.util.stream.ReferencePipeline$3$1.accept(ReferencePipeline.java:197) ~[na:na]
	at java.base/java.util.ArrayList$ArrayListSpliterator.forEachRemaining(ArrayList.java:1625) ~[na:na]
	at java.base/java.util.stream.AbstractPipeline.copyInto(AbstractPipeline.java:509) ~[na:na]
	at java.base/java.util.stream.AbstractPipeline.wrapAndCopyInto(AbstractPipeline.java:499) ~[na:na]
	at java.base/java.util.stream.ReduceOps$ReduceOp.evaluateSequential(ReduceOps.java:921) ~[na:na]
	at java.base/java.util.stream.AbstractPipeline.evaluate(AbstractPipeline.java:234) ~[na:na]
	at java.base/java.util.stream.ReferencePipeline.collect(ReferencePipeline.java:682) ~[na:na]
	at org.springframework.boot.util.Instantiator.instantiate(Instantiator.java:141) ~[spring-boot-2.7.18.jar:2.7.18]
	at org.springframework.boot.util.Instantiator.instantiate(Instantiator.java:126) ~[spring-boot-2.7.18.jar:2.7.18]
	at org.springframework.boot.env.ReflectionEnvironmentPostProcessorsFactory.getEnvironmentPostProcessors(ReflectionEnvironmentPostProcessorsFactory.java:72) ~[spring-boot-2.7.18.jar:2.7.18]
	at org.springframework.boot.env.EnvironmentPostProcessorApplicationListener.getEnvironmentPostProcessors(EnvironmentPostProcessorApplicationListener.java:122) ~[spring-boot-2.7.18.jar:2.7.18]
	at org.springframework.boot.env.EnvironmentPostProcessorApplicationListener.onApplicationEnvironmentPreparedEvent(EnvironmentPostProcessorApplicationListener.java:100) ~[spring-boot-2.7.18.jar:2.7.18]
	at org.springframework.boot.env.EnvironmentPostProcessorApplicationListener.onApplicationEvent(EnvironmentPostProcessorApplicationListener.java:87) ~[spring-boot-2.7.18.jar:2.7.18]
	at org.springframework.context.event.SimpleApplicationEventMulticaster.doInvokeListener(SimpleApplicationEventMulticaster.java:178) ~[spring-context-5.3.31.jar:5.3.31]
	at org.springframework.context.event.SimpleApplicationEventMulticaster.invokeListener(SimpleApplicationEventMulticaster.java:171) ~[spring-context-5.3.31.jar:5.3.31]
	at org.springframework.context.event.SimpleApplicationEventMulticaster.multicastEvent(SimpleApplicationEventMulticaster.java:145) ~[spring-context-5.3.31.jar:5.3.31]
	at org.springframework.context.event.SimpleApplicationEventMulticaster.multicastEvent(SimpleApplicationEventMulticaster.java:133) ~[spring-context-5.3.31.jar:5.3.31]
	at org.springframework.boot.context.event.EventPublishingRunListener.environmentPrepared(EventPublishingRunListener.java:85) ~[spring-boot-2.7.18.jar:2.7.18]
	at org.springframework.boot.SpringApplicationRunListeners.lambda$environmentPrepared$2(SpringApplicationRunListeners.java:66) ~[spring-boot-2.7.18.jar:2.7.18]
	at java.base/java.util.ArrayList.forEach(ArrayList.java:1511) ~[na:na]
	at org.springframework.boot.SpringApplicationRunListeners.doWithListeners(SpringApplicationRunListeners.java:120) ~[spring-boot-2.7.18.jar:2.7.18]
	at org.springframework.boot.SpringApplicationRunListeners.doWithListeners(SpringApplicationRunListeners.java:114) ~[spring-boot-2.7.18.jar:2.7.18]
	at org.springframework.boot.SpringApplicationRunListeners.environmentPrepared(SpringApplicationRunListeners.java:65) ~[spring-boot-2.7.18.jar:2.7.18]
	at org.springframework.boot.SpringApplication.prepareEnvironment(SpringApplication.java:344) ~[spring-boot-2.7.18.jar:2.7.18]
	at org.springframework.boot.SpringApplication.run(SpringApplication.java:302) ~[spring-boot-2.7.18.jar:2.7.18]
	at org.springframework.boot.SpringApplication.run(SpringApplication.java:1300) ~[spring-boot-2.7.18.jar:2.7.18]
	at org.springframework.boot.SpringApplication.run(SpringApplication.java:1289) ~[spring-boot-2.7.18.jar:2.7.18]
	at com.franco.dev.FrancoSystemsApplication.main(FrancoSystemsApplication.java:45) ~[classes/:na]
	at java.base/jdk.internal.reflect.NativeMethodAccessorImpl.invoke0(Native Method) ~[na:na]
	at java.base/jdk.internal.reflect.NativeMethodAccessorImpl.invoke(NativeMethodAccessorImpl.java:77) ~[na:na]
	at java.base/jdk.internal.reflect.DelegatingMethodAccessorImpl.invoke(DelegatingMethodAccessorImpl.java:43) ~[na:na]
	at java.base/java.lang.reflect.Method.invoke(Method.java:569) ~[na:na]
	at org.springframework.boot.devtools.restart.RestartLauncher.run(RestartLauncher.java:50) ~[spring-boot-devtools-2.7.18.jar:2.7.18]
Caused by: java.lang.ClassNotFoundException: com.franco.dev.config.UserDevPropertiesEnvironmentPostProcessor
	at java.base/jdk.internal.loader.BuiltinClassLoader.loadClass(BuiltinClassLoader.java:641) ~[na:na]
	at java.base/jdk.internal.loader.ClassLoaders$AppClassLoader.loadClass(ClassLoaders.java:188) ~[na:na]
	at java.base/java.lang.ClassLoader.loadClass(ClassLoader.java:525) ~[na:na]
	at java.base/java.lang.Class.forName0(Native Method) ~[na:na]
	at java.base/java.lang.Class.forName(Class.java:469) ~[na:na]
	at org.springframework.boot.devtools.restart.classloader.RestartClassLoader.loadClass(RestartClassLoader.java:145) ~[spring-boot-devtools-2.7.18.jar:2.7.18]
	at java.base/java.lang.ClassLoader.loadClass(ClassLoader.java:525) ~[na:na]
	at java.base/java.lang.Class.forName0(Native Method) ~[na:na]
	at java.base/java.lang.Class.forName(Class.java:469) ~[na:na]
	at org.springframework.util.ClassUtils.forName(ClassUtils.java:291) ~[spring-core-5.3.31.jar:5.3.31]
	at org.springframework.boot.util.Instantiator$TypeSupplier$1.get(Instantiator.java:233) ~[spring-boot-2.7.18.jar:2.7.18]
	at org.springframework.boot.util.Instantiator.instantiate(Instantiator.java:148) ~[spring-boot-2.7.18.jar:2.7.18]
	... 34 common frames omitted

Iniciando sistema

  .   ____          _            __ _ _
 /\\ / ___'_ __ _ _(_)_ __  __ _ \ \ \ \
( ( )\___ | '_ | '_| | '_ \/ _` | \ \ \ \
 \\/  ___)| |_)| | | | | || (_| |  ) ) ) )
  '  |____| .__|_| |_|_| |_\__, | / / / /
 =========|_|==============|___/=/_/_/_/
 :: Spring Boot ::               (v2.7.18)

2026-07-22 13:18:26.491  INFO 24448 --- [  restartedMain] com.franco.dev.FrancoSystemsApplication  : Starting FrancoSystemsApplication using Java 17.0.17 on IMACs-iMac.local with PID 24448 (/Users/gabfranck/workspace/frc-sistemas-informaticos/frc-comercial/central/target/classes started by gabfranck in /Users/gabfranck/workspace/frc-sistemas-informaticos/frc-comercial/central)
2026-07-22 13:18:26.491  INFO 24448 --- [  restartedMain] com.franco.dev.FrancoSystemsApplication  : The following 1 profile is active: "dev"
2026-07-22 13:18:27.565  INFO 24448 --- [  restartedMain] .s.d.r.c.RepositoryConfigurationDelegate : Bootstrapping Spring Data JPA repositories in DEFAULT mode.
2026-07-22 13:18:28.271  INFO 24448 --- [  restartedMain] .s.d.r.c.RepositoryConfigurationDelegate : Finished Spring Data repository scanning in 706 ms. Found 220 JPA repository interfaces.
2026-07-22 13:18:29.028  INFO 24448 --- [  restartedMain] o.s.b.w.embedded.tomcat.TomcatWebServer  : Tomcat initialized with port(s): 8081 (http)
2026-07-22 13:18:29.029  INFO 24448 --- [  restartedMain] o.apache.catalina.core.StandardService   : Starting service [Tomcat]
2026-07-22 13:18:29.029  INFO 24448 --- [  restartedMain] org.apache.catalina.core.StandardEngine  : Starting Servlet engine: [Apache Tomcat/9.0.83]
2026-07-22 13:18:29.061  INFO 24448 --- [  restartedMain] o.a.c.c.C.[Tomcat].[localhost].[/]       : Initializing Spring embedded WebApplicationContext
2026-07-22 13:18:29.061  INFO 24448 --- [  restartedMain] w.s.c.ServletWebServerApplicationContext : Root WebApplicationContext: initialization completed in 2564 ms
2026-07-22 13:18:29.317  INFO 24448 --- [  restartedMain] c.f.d.c.RetryableDatabasePostProcessor   : -----> configuring a retryable datasource for beanName = dataSource
2026-07-22 13:18:29.344  INFO 24448 --- [  restartedMain] c.f.dev.config.multitenant.FlywayConfig  : Scanning for duplicate migrations in: target/classes/db/migration
2026-07-22 13:18:29.359  INFO 24448 --- [  restartedMain] c.f.dev.config.multitenant.FlywayConfig  : Duplicate migration cleanup complete
2026-07-22 13:18:29.370  INFO 24448 --- [  restartedMain] o.f.c.internal.license.VersionPrinter    : Flyway Community Edition 8.5.13 by Redgate
2026-07-22 13:18:29.370  INFO 24448 --- [  restartedMain] o.f.c.internal.license.VersionPrinter    : See what's new here: https://flywaydb.org/documentation/learnmore/releaseNotes#8.5.13
2026-07-22 13:18:29.370  INFO 24448 --- [  restartedMain] o.f.c.internal.license.VersionPrinter    : 
2026-07-22 13:18:29.393  INFO 24448 --- [  restartedMain] o.f.c.i.resource.ResourceNameValidator   : 1 SQL migrations were detected but not run because they did not follow the filename convention.
2026-07-22 13:18:29.393  INFO 24448 --- [  restartedMain] o.f.c.i.resource.ResourceNameValidator   : If this is in error, enable debug logging or 'validateMigrationNaming' to fail fast and see a list of the invalid file names.
2026-07-22 13:18:29.406  INFO 24448 --- [  restartedMain] o.f.c.i.database.base.BaseDatabaseType   : Database: jdbc:postgresql://localhost:5551/bodega_producto_devoluciones (PostgreSQL 16.4)
2026-07-22 13:18:29.407  WARN 24448 --- [  restartedMain] o.f.c.internal.database.base.Database    : Flyway upgrade recommended: PostgreSQL 16.4 is newer than this version of Flyway and support has not been tested. The latest supported version of PostgreSQL is 14.
2026-07-22 13:18:29.421  INFO 24448 --- [  restartedMain] o.f.c.i.s.JdbcTableSchemaHistory         : Repair of failed migration in Schema History table "public"."flyway_schema_history" not necessary. No failed migration detected.
2026-07-22 13:18:29.572  INFO 24448 --- [  restartedMain] o.f.core.internal.command.DbRepair       : Successfully repaired schema history table "public"."flyway_schema_history" (execution time 00:00.163s).
2026-07-22 13:18:29.573  INFO 24448 --- [  restartedMain] o.f.c.internal.license.VersionPrinter    : Flyway Community Edition 8.5.13 by Redgate
2026-07-22 13:18:29.573  INFO 24448 --- [  restartedMain] o.f.c.internal.license.VersionPrinter    : See what's new here: https://flywaydb.org/documentation/learnmore/releaseNotes#8.5.13
2026-07-22 13:18:29.573  INFO 24448 --- [  restartedMain] o.f.c.internal.license.VersionPrinter    : 
2026-07-22 13:18:29.577  INFO 24448 --- [  restartedMain] o.f.c.i.resource.ResourceNameValidator   : 1 SQL migrations were detected but not run because they did not follow the filename convention.
2026-07-22 13:18:29.577  INFO 24448 --- [  restartedMain] o.f.c.i.resource.ResourceNameValidator   : If this is in error, enable debug logging or 'validateMigrationNaming' to fail fast and see a list of the invalid file names.
2026-07-22 13:18:29.585  WARN 24448 --- [  restartedMain] o.f.c.internal.database.base.Database    : Flyway upgrade recommended: PostgreSQL 16.4 is newer than this version of Flyway and support has not been tested. The latest supported version of PostgreSQL is 14.
2026-07-22 13:18:29.671  INFO 24448 --- [  restartedMain] o.f.core.internal.command.DbMigrate      : Current version of schema "public": 164.1
2026-07-22 13:18:29.671  WARN 24448 --- [  restartedMain] o.f.core.internal.command.DbMigrate      : outOfOrder mode is active. Migration of schema "public" may not be reproducible.
2026-07-22 13:18:29.672  INFO 24448 --- [  restartedMain] o.f.core.internal.command.DbMigrate      : Schema "public" is up to date. No migration necessary.
2026-07-22 13:18:29.789  INFO 24448 --- [  restartedMain] o.hibernate.jpa.internal.util.LogHelper  : HHH000204: Processing PersistenceUnitInfo [name: default]
2026-07-22 13:18:29.817  INFO 24448 --- [  restartedMain] org.hibernate.dialect.Dialect            : HHH000400: Using dialect: org.hibernate.dialect.PostgreSQLDialect
2026-07-22 13:18:30.184  INFO 24448 --- [  restartedMain] b.i.HibernateSearchPreIntegrationService : HSEARCH000034: Hibernate Search version 6.2.5.Final
2026-07-22 13:18:31.960  INFO 24448 --- [  restartedMain] o.h.e.t.j.p.i.JtaPlatformInitiator       : HHH000490: Using JtaPlatform implementation: [org.hibernate.engine.transaction.jta.platform.internal.NoJtaPlatform]
2026-07-22 13:18:32.491  WARN 24448 --- [  restartedMain] o.h.s.b.l.impl.LuceneBackendFactory      : HSEARCH000075: Missing value for configuration property 'hibernate.search.backend.lucene_version': using LATEST (currently '8.11.2'). Context: default backend
2026-07-22 13:18:32.509  WARN 24448 --- [  restartedMain] o.h.s.e.c.s.ConfigurationPropertyChecker : HSEARCH000568: Invalid configuration passed to Hibernate Search: some properties in the given configuration are not used. There might be misspelled property keys in your configuration. Unused properties: [hibernate.search.indexing.automatic.enabled]. To disable this warning, set the property 'hibernate.search.configuration_property_checking.strategy' to 'ignore'.
2026-07-22 13:18:32.509  INFO 24448 --- [  restartedMain] j.LocalContainerEntityManagerFactoryBean : Initialized JPA EntityManagerFactory for persistence unit 'default'
2026-07-22 13:18:32.802  WARN 24448 --- [  restartedMain] o.h.dialect.function.TemplateRenderer    : HHH000174: Function template anticipated 4 arguments, but 1 arguments encountered
2026-07-22 13:18:33.072  WARN 24448 --- [  restartedMain] c.franco.dev.service.utils.ImageService  : Mac OS X
2026-07-22 13:18:33.097  INFO 24448 --- [  restartedMain] com.zaxxer.hikari.HikariDataSource       : HikariPool-2 - Starting...
2026-07-22 13:18:33.103  INFO 24448 --- [  restartedMain] com.zaxxer.hikari.HikariDataSource       : HikariPool-2 - Start completed.
2026-07-22 13:18:33.165  INFO 24448 --- [  restartedMain] c.f.d.s.p.UsuarioEmbeddingCacheService   : Caché de embeddings faciales: 0 usuarios activos con galería
2026-07-22 13:18:37.241  INFO 24448 --- [  restartedMain] c.franco.dev.fmc.service.FCMInitializer  : Initializing Firebase using config path: file:/opt/frc-backend-central/central/secrets/bodega-franco-frc-18e8c6ef35cf.json
2026-07-22 13:18:37.242 ERROR 24448 --- [  restartedMain] c.franco.dev.fmc.service.FCMInitializer  : Error initializing Firebase: config file not found at file:/opt/frc-backend-central/central/secrets/bodega-franco-frc-18e8c6ef35cf.json
2026-07-22 13:18:42.957  WARN 24448 --- [  restartedMain] o.h.dialect.function.TemplateRenderer    : HHH000174: Function template anticipated 4 arguments, but 1 arguments encountered
2026-07-22 13:18:42.957  WARN 24448 --- [  restartedMain] o.h.dialect.function.TemplateRenderer    : HHH000174: Function template anticipated 4 arguments, but 1 arguments encountered
2026-07-22 13:18:42.957  WARN 24448 --- [  restartedMain] o.h.dialect.function.TemplateRenderer    : HHH000174: Function template anticipated 4 arguments, but 1 arguments encountered
2026-07-22 13:18:42.957  WARN 24448 --- [  restartedMain] o.h.dialect.function.TemplateRenderer    : HHH000174: Function template anticipated 4 arguments, but 1 arguments encountered
2026-07-22 13:19:01.009  WARN 24448 --- [  restartedMain] g.kickstart.tools.SchemaClassScanner     : Cannot find definition for field 'estado: EstadoDE' on input type 'DocumentoElectronicoInput' -> com.franco.dev.graphql.financiero.input.DocumentoElectronicoInput. Try adding it manually to the dictionary
2026-07-22 13:19:01.356  WARN 24448 --- [  restartedMain] g.kickstart.tools.SchemaClassScanner     : Cannot find definition for field 'creadoEn: Date' on input type 'BarrioInput' -> com.franco.dev.graphql.general.input.BarrioInput. Try adding it manually to the dictionary
2026-07-22 13:19:01.373  WARN 24448 --- [  restartedMain] g.kickstart.tools.SchemaClassScanner     : Cannot find definition for field 'creadoEn: Date' on input type 'ContactoInput' -> com.franco.dev.graphql.general.input.ContactoInput. Try adding it manually to the dictionary
2026-07-22 13:19:01.381  WARN 24448 --- [  restartedMain] g.kickstart.tools.SchemaClassScanner     : Cannot find definition for field 'creadoEn: Date' on input type 'PaisInput' -> com.franco.dev.graphql.general.input.PaisInput. Try adding it manually to the dictionary
2026-07-22 13:19:01.897  WARN 24448 --- [  restartedMain] g.kickstart.tools.SchemaClassScanner     : Cannot find definition for field 'estadoVerificacion: EstadoVerificacion' on input type 'RecepcionMercaderiaItemInput' -> com.franco.dev.graphql.operaciones.input.RecepcionMercaderiaItemInput. Try adding it manually to the dictionary
2026-07-22 13:19:02.188  WARN 24448 --- [  restartedMain] g.kickstart.tools.SchemaClassScanner     : Cannot find definition for field 'creadoEn: Date' on input type 'ClienteInput' -> com.franco.dev.graphql.personas.input.ClienteInput. Try adding it manually to the dictionary
2026-07-22 13:19:02.230  WARN 24448 --- [  restartedMain] g.kickstart.tools.SchemaClassScanner     : Cannot find definition for field 'creadoEn: Date' on input type 'ProveedorDiasVisitaInput' -> com.franco.dev.graphql.personas.input.ProveedorDiasVisitaInput. Try adding it manually to the dictionary
2026-07-22 13:19:03.894  WARN 24448 --- [  restartedMain] g.kickstart.tools.SchemaClassScanner     : Schema type was defined but can never be accessed, and can be safely deleted: DateTime
2026-07-22 13:19:03.894  WARN 24448 --- [  restartedMain] g.kickstart.tools.SchemaClassScanner     : Schema type was defined but can never be accessed, and can be safely deleted: NotificacionPush
2026-07-22 13:19:03.894  WARN 24448 --- [  restartedMain] g.kickstart.tools.SchemaClassScanner     : Schema type was defined but can never be accessed, and can be safely deleted: ChequePage
2026-07-22 13:19:03.894  WARN 24448 --- [  restartedMain] g.kickstart.tools.SchemaClassScanner     : Schema type was defined but can never be accessed, and can be safely deleted: ChequeraPage
2026-07-22 13:19:03.894  WARN 24448 --- [  restartedMain] g.kickstart.tools.SchemaClassScanner     : Schema type was defined but can never be accessed, and can be safely deleted: EventoCancelacionDEInput
2026-07-22 13:19:03.894  WARN 24448 --- [  restartedMain] g.kickstart.tools.SchemaClassScanner     : Schema type was defined but can never be accessed, and can be safely deleted: EventoNominacionDEInput
2026-07-22 13:19:03.894  WARN 24448 --- [  restartedMain] g.kickstart.tools.SchemaClassScanner     : Schema type was defined but can never be accessed, and can be safely deleted: EventoInutilizacionDEInput
2026-07-22 13:19:03.894  WARN 24448 --- [  restartedMain] g.kickstart.tools.SchemaClassScanner     : Schema type was defined but can never be accessed, and can be safely deleted: Meses
2026-07-22 13:19:03.894  WARN 24448 --- [  restartedMain] g.kickstart.tools.SchemaClassScanner     : Schema type was defined but can never be accessed, and can be safely deleted: DeliveryUpdate
2026-07-22 13:19:03.894  WARN 24448 --- [  restartedMain] g.kickstart.tools.SchemaClassScanner     : Schema type was defined but can never be accessed, and can be safely deleted: ResumenMovimientoStock
2026-07-22 13:19:03.894  WARN 24448 --- [  restartedMain] g.kickstart.tools.SchemaClassScanner     : Schema type was defined but can never be accessed, and can be safely deleted: PagoDetallePage
2026-07-22 13:19:03.894  WARN 24448 --- [  restartedMain] g.kickstart.tools.SchemaClassScanner     : Schema type was defined but can never be accessed, and can be safely deleted: PagoPage
2026-07-22 13:19:03.895  WARN 24448 --- [  restartedMain] g.kickstart.tools.SchemaClassScanner     : Schema type was defined but can never be accessed, and can be safely deleted: SolicitudPagoMultipleRecepcionesInput
2026-07-22 13:19:03.895  WARN 24448 --- [  restartedMain] g.kickstart.tools.SchemaClassScanner     : Schema type was defined but can never be accessed, and can be safely deleted: SolicitudPagoNotaRecepcionInput
2026-07-22 13:19:03.895  WARN 24448 --- [  restartedMain] g.kickstart.tools.SchemaClassScanner     : Schema type was defined but can never be accessed, and can be safely deleted: PrintData
2026-07-22 13:19:03.895  WARN 24448 --- [  restartedMain] g.kickstart.tools.SchemaClassScanner     : Schema type was defined but can never be accessed, and can be safely deleted: ExistenciaCostoPorSucursal
2026-07-22 13:19:03.895  WARN 24448 --- [  restartedMain] g.kickstart.tools.SchemaClassScanner     : Schema type was defined but can never be accessed, and can be safely deleted: ProductoExistenciaCostos
2026-07-22 13:19:03.895  WARN 24448 --- [  restartedMain] g.kickstart.tools.SchemaClassScanner     : Schema type was defined but can never be accessed, and can be safely deleted: MultiPageInput
2026-07-22 13:19:03.899  WARN 24448 --- [  restartedMain] g.kickstart.tools.SchemaClassScanner     : Root query resolver was provided but no methods on it were used in data fetchers for GraphQL type 'Query'!  Either remove the graphql.kickstart.tools.GraphQLQueryResolver interface from the resolver or remove the resolver entirely: com.franco.dev.graphql.financiero.FacturaLegalItemGraphQL@773e6a88
2026-07-22 13:19:03.899  WARN 24448 --- [  restartedMain] g.kickstart.tools.SchemaClassScanner     : Root query resolver was provided but no methods on it were used in data fetchers for GraphQL type 'Query'!  Either remove the graphql.kickstart.tools.GraphQLQueryResolver interface from the resolver or remove the resolver entirely: com.franco.dev.graphql.operaciones.RecepcionMercaderiaItemVariacionGraphQL@31e8a300
2026-07-22 13:19:03.899  WARN 24448 --- [  restartedMain] g.kickstart.tools.SchemaClassScanner     : Root query resolver was provided but no methods on it were used in data fetchers for GraphQL type 'Query'!  Either remove the graphql.kickstart.tools.GraphQLQueryResolver interface from the resolver or remove the resolver entirely: com.franco.dev.graphql.productos.ProductoExistenciaCostoGraphQL@30e956a5
2026-07-22 13:19:03.900  WARN 24448 --- [  restartedMain] g.kickstart.tools.SchemaClassScanner     : Root mutation resolver was provided but no methods on it were used in data fetchers for GraphQL type 'Mutation'!  Either remove the graphql.kickstart.tools.GraphQLMutationResolver interface from the resolver or remove the resolver entirely: com.franco.dev.graphql.financiero.FacturaLegalItemGraphQL@773e6a88
2026-07-22 13:19:03.900  WARN 24448 --- [  restartedMain] g.kickstart.tools.SchemaClassScanner     : Root mutation resolver was provided but no methods on it were used in data fetchers for GraphQL type 'Mutation'!  Either remove the graphql.kickstart.tools.GraphQLMutationResolver interface from the resolver or remove the resolver entirely: com.franco.dev.graphql.print.PrintGraphQL@5ac1c1d7
2026-07-22 13:19:03.900  WARN 24448 --- [  restartedMain] g.kickstart.tools.SchemaClassScanner     : Root mutation resolver was provided but no methods on it were used in data fetchers for GraphQL type 'Mutation'!  Either remove the graphql.kickstart.tools.GraphQLMutationResolver interface from the resolver or remove the resolver entirely: com.franco.dev.graphql.productos.ProductoExistenciaCostoGraphQL@30e956a5
2026-07-22 13:19:04.716  WARN 24448 --- [  restartedMain] JpaBaseConfiguration$JpaWebConfiguration : spring.jpa.open-in-view is enabled by default. Therefore, database queries may be performed during view rendering. Explicitly configure spring.jpa.open-in-view to disable this warning
2026-07-22 13:19:05.261  INFO 24448 --- [  restartedMain] o.s.b.w.embedded.tomcat.TomcatWebServer  : Tomcat started on port(s): 8081 (http) with context path ''
2026-07-22 13:19:05.266  INFO 24448 --- [  restartedMain] o.s.b.d.a.OptionalLiveReloadServer       : LiveReload server is running on port 35729
2026-07-22 13:19:05.267  INFO 24448 --- [  restartedMain] o.s.m.s.b.SimpleBrokerMessageHandler     : Starting...
2026-07-22 13:19:05.267  INFO 24448 --- [  restartedMain] o.s.m.s.b.SimpleBrokerMessageHandler     : BrokerAvailabilityEvent[available=true, SimpleBrokerMessageHandler [org.springframework.messaging.simp.broker.DefaultSubscriptionRegistry@7c98452d]]
2026-07-22 13:19:05.267  INFO 24448 --- [  restartedMain] o.s.m.s.b.SimpleBrokerMessageHandler     : Started.
2026-07-22 13:19:05.285  INFO 24448 --- [  restartedMain] com.franco.dev.FrancoSystemsApplication  : Started FrancoSystemsApplication in 38.844 seconds (JVM running for 80971.505)
2026-07-22 13:19:05.297  INFO 24448 --- [  restartedMain] .ConditionEvaluationDeltaLoggingListener : Condition evaluation unchanged
2026-07-22 13:19:10.464  INFO 24448 --- [0.0-8081-exec-1] o.a.c.c.C.[Tomcat].[localhost].[/]       : Initializing Spring DispatcherServlet 'dispatcherServlet'
2026-07-22 13:19:10.464  INFO 24448 --- [0.0-8081-exec-1] o.s.web.servlet.DispatcherServlet        : Initializing Servlet 'dispatcherServlet'
2026-07-22 13:19:10.693  INFO 24448 --- [0.0-8081-exec-1] o.s.b.a.e.web.EndpointLinksResolver      : Exposing 2 endpoint(s) beneath base path '/actuator'
2026-07-22 13:19:10.783  INFO 24448 --- [0.0-8081-exec-1] o.s.web.servlet.DispatcherServlet        : Completed initialization in 319 ms
2026-07-22 13:19:10.839  INFO 24448 --- [0.0-8081-exec-1] o.s.s.web.DefaultSecurityFilterChain     : Will secure any request with [org.springframework.security.web.session.DisableEncodeUrlFilter@87cdcd, org.springframework.security.web.context.request.async.WebAsyncManagerIntegrationFilter@5d295d01, org.springframework.security.web.context.SecurityContextPersistenceFilter@7ad73759, org.springframework.security.web.header.HeaderWriterFilter@33af1fb7, org.springframework.web.filter.CorsFilter@2730104f, org.springframework.security.web.authentication.logout.LogoutFilter@11ea22c5, com.franco.dev.security.JwtAuthenticationTokenFilter@3d4c3c2c, org.springframework.security.web.savedrequest.RequestCacheAwareFilter@530a2ba3, org.springframework.security.web.servletapi.SecurityContextHolderAwareRequestFilter@70b7e5a, org.springframework.security.web.authentication.AnonymousAuthenticationFilter@b469e00, org.springframework.security.web.session.SessionManagementFilter@306cbede, org.springframework.security.web.access.ExceptionTranslationFilter@112cf69a, org.springframework.security.web.access.intercept.FilterSecurityInterceptor@60198869]
2026-07-22 13:20:05.288  INFO 24448 --- [MessageBroker-1] c.f.d.s.f.CotizacionMercadoScheduler     : Actualizacion automatica de cotizaciones de mercado
2026-07-22 13:20:06.670  INFO 24448 --- [MessageBroker-1] c.f.d.s.financiero.NorteCambiosScraper   : NorteCambiosScraper: 3 monedas obtenidas de nortecambios
2026-07-22 13:20:06.738  INFO 24448 --- [MessageBroker-1] c.f.d.s.f.CotizacionMercadoScheduler     : CotizacionMercadoScheduler: 3 monedas actualizadas
Successfully Authentication
Successfully Authentication
Successfully Authentication
Successfully Authentication
Successfully Authentication
Successfully Authentication
Successfully Authentication
Successfully Authentication
Successfully Authentication
Successfully Authentication
Successfully Authentication
Successfully Authentication
Successfully Authentication
Successfully Authentication
Successfully Authentication
Successfully Authentication
Successfully Authentication
Successfully Authentication
Successfully Authentication
Successfully Authentication
Successfully Authentication
Successfully Authentication
Successfully Authentication
Successfully Authentication
Successfully Authentication
Successfully Authentication
Successfully Authentication
Successfully Authentication
Successfully Authentication
Successfully Authentication
Successfully Authentication
Successfully Authentication
Successfully Authentication
Successfully Authentication
Successfully Authentication
Successfully Authentication
Successfully Authentication
Successfully Authentication
2026-07-22 13:23:28.810  INFO 24448 --- [   File Watcher] rtingClassPathChangeChangedEventListener : Restarting due to 2145 class path changes (0 additions, 1675 deletions, 470 modifications)
2026-07-22 13:23:29.013  INFO 24448 --- [      Thread-16] o.s.m.s.b.SimpleBrokerMessageHandler     : Stopping...
2026-07-22 13:23:29.014  INFO 24448 --- [      Thread-16] o.s.m.s.b.SimpleBrokerMessageHandler     : BrokerAvailabilityEvent[available=false, SimpleBrokerMessageHandler [org.springframework.messaging.simp.broker.DefaultSubscriptionRegistry@7c98452d]]
2026-07-22 13:23:29.014  INFO 24448 --- [      Thread-16] o.s.m.s.b.SimpleBrokerMessageHandler     : Stopped.
2026-07-22 13:23:29.022  INFO 24448 --- [      Thread-16] o.apache.catalina.core.StandardService   : Stopping service [Tomcat]
2026-07-22 13:23:29.024  INFO 24448 --- [      Thread-16] o.a.c.c.C.[Tomcat].[localhost].[/]       : Destroying Spring FrameworkServlet 'dispatcherServlet'
2026-07-22 13:23:29.040  WARN 24448 --- [      Thread-16] o.a.c.loader.WebappClassLoaderBase       : The web application [ROOT] appears to have started a thread named [Hibernate Search - Engine - Timing thread - 0] but has failed to stop it. This is very likely to create a memory leak. Stack trace of thread:
 java.base@17.0.17/jdk.internal.misc.Unsafe.park(Native Method)
 java.base@17.0.17/java.util.concurrent.locks.LockSupport.parkNanos(LockSupport.java:252)
 java.base@17.0.17/java.util.concurrent.locks.AbstractQueuedSynchronizer$ConditionObject.awaitNanos(AbstractQueuedSynchronizer.java:1679)
 java.base@17.0.17/java.util.concurrent.ScheduledThreadPoolExecutor$DelayedWorkQueue.take(ScheduledThreadPoolExecutor.java:1182)
 java.base@17.0.17/java.util.concurrent.ScheduledThreadPoolExecutor$DelayedWorkQueue.take(ScheduledThreadPoolExecutor.java:899)
 java.base@17.0.17/java.util.concurrent.ThreadPoolExecutor.getTask(ThreadPoolExecutor.java:1062)
 java.base@17.0.17/java.util.concurrent.ThreadPoolExecutor.runWorker(ThreadPoolExecutor.java:1122)
 java.base@17.0.17/java.util.concurrent.ThreadPoolExecutor$Worker.run(ThreadPoolExecutor.java:635)
 java.base@17.0.17/java.lang.Thread.run(Thread.java:840)
2026-07-22 13:23:29.042  WARN 24448 --- [      Thread-16] o.a.c.loader.WebappClassLoaderBase       : The web application [ROOT] appears to have started a thread named [Hibernate Search - default backend - Worker thread - 0] but has failed to stop it. This is very likely to create a memory leak. Stack trace of thread:
 java.base@17.0.17/jdk.internal.misc.Unsafe.park(Native Method)
 java.base@17.0.17/java.util.concurrent.locks.LockSupport.park(LockSupport.java:341)
 java.base@17.0.17/java.util.concurrent.locks.AbstractQueuedSynchronizer$ConditionNode.block(AbstractQueuedSynchronizer.java:506)
 java.base@17.0.17/java.util.concurrent.ForkJoinPool.unmanagedBlock(ForkJoinPool.java:3465)
 java.base@17.0.17/java.util.concurrent.ForkJoinPool.managedBlock(ForkJoinPool.java:3436)
 java.base@17.0.17/java.util.concurrent.locks.AbstractQueuedSynchronizer$ConditionObject.await(AbstractQueuedSynchronizer.java:1630)
 java.base@17.0.17/java.util.concurrent.ScheduledThreadPoolExecutor$DelayedWorkQueue.take(ScheduledThreadPoolExecutor.java:1170)
 java.base@17.0.17/java.util.concurrent.ScheduledThreadPoolExecutor$DelayedWorkQueue.take(ScheduledThreadPoolExecutor.java:899)
 java.base@17.0.17/java.util.concurrent.ThreadPoolExecutor.getTask(ThreadPoolExecutor.java:1062)
 java.base@17.0.17/java.util.concurrent.ThreadPoolExecutor.runWorker(ThreadPoolExecutor.java:1122)
 java.base@17.0.17/java.util.concurrent.ThreadPoolExecutor$Worker.run(ThreadPoolExecutor.java:635)
 java.base@17.0.17/java.lang.Thread.run(Thread.java:840)
2026-07-22 13:23:29.042  WARN 24448 --- [      Thread-16] o.a.c.loader.WebappClassLoaderBase       : The web application [ROOT] appears to have started a thread named [Hibernate Search - default backend - Worker thread - 1] but has failed to stop it. This is very likely to create a memory leak. Stack trace of thread:
 java.base@17.0.17/jdk.internal.misc.Unsafe.park(Native Method)
 java.base@17.0.17/java.util.concurrent.locks.LockSupport.park(LockSupport.java:341)
 java.base@17.0.17/java.util.concurrent.locks.AbstractQueuedSynchronizer$ConditionNode.block(AbstractQueuedSynchronizer.java:506)
 java.base@17.0.17/java.util.concurrent.ForkJoinPool.unmanagedBlock(ForkJoinPool.java:3465)
 java.base@17.0.17/java.util.concurrent.ForkJoinPool.managedBlock(ForkJoinPool.java:3436)
 java.base@17.0.17/java.util.concurrent.locks.AbstractQueuedSynchronizer$ConditionObject.await(AbstractQueuedSynchronizer.java:1630)
 java.base@17.0.17/java.util.concurrent.ScheduledThreadPoolExecutor$DelayedWorkQueue.take(ScheduledThreadPoolExecutor.java:1170)
 java.base@17.0.17/java.util.concurrent.ScheduledThreadPoolExecutor$DelayedWorkQueue.take(ScheduledThreadPoolExecutor.java:899)
 java.base@17.0.17/java.util.concurrent.ThreadPoolExecutor.getTask(ThreadPoolExecutor.java:1062)
 java.base@17.0.17/java.util.concurrent.ThreadPoolExecutor.runWorker(ThreadPoolExecutor.java:1122)
 java.base@17.0.17/java.util.concurrent.ThreadPoolExecutor$Worker.run(ThreadPoolExecutor.java:635)
 java.base@17.0.17/java.lang.Thread.run(Thread.java:840)
2026-07-22 13:23:29.043  WARN 24448 --- [      Thread-16] o.a.c.loader.WebappClassLoaderBase       : The web application [ROOT] appears to have started a thread named [HikariPool-2 housekeeper] but has failed to stop it. This is very likely to create a memory leak. Stack trace of thread:
 java.base@17.0.17/jdk.internal.misc.Unsafe.park(Native Method)
 java.base@17.0.17/java.util.concurrent.locks.LockSupport.parkNanos(LockSupport.java:252)
 java.base@17.0.17/java.util.concurrent.locks.AbstractQueuedSynchronizer$ConditionObject.awaitNanos(AbstractQueuedSynchronizer.java:1679)
 java.base@17.0.17/java.util.concurrent.ScheduledThreadPoolExecutor$DelayedWorkQueue.take(ScheduledThreadPoolExecutor.java:1182)
 java.base@17.0.17/java.util.concurrent.ScheduledThreadPoolExecutor$DelayedWorkQueue.take(ScheduledThreadPoolExecutor.java:899)
 java.base@17.0.17/java.util.concurrent.ThreadPoolExecutor.getTask(ThreadPoolExecutor.java:1062)
 java.base@17.0.17/java.util.concurrent.ThreadPoolExecutor.runWorker(ThreadPoolExecutor.java:1122)
 java.base@17.0.17/java.util.concurrent.ThreadPoolExecutor$Worker.run(ThreadPoolExecutor.java:635)
 java.base@17.0.17/java.lang.Thread.run(Thread.java:840)
2026-07-22 13:23:29.044  WARN 24448 --- [      Thread-16] o.a.c.loader.WebappClassLoaderBase       : The web application [ROOT] appears to have started a thread named [pool-2-thread-1] but has failed to stop it. This is very likely to create a memory leak. Stack trace of thread:
 java.base@17.0.17/jdk.internal.misc.Unsafe.park(Native Method)
 java.base@17.0.17/java.util.concurrent.locks.LockSupport.parkNanos(LockSupport.java:252)
 java.base@17.0.17/java.util.concurrent.locks.AbstractQueuedSynchronizer$ConditionObject.awaitNanos(AbstractQueuedSynchronizer.java:1679)
 java.base@17.0.17/java.util.concurrent.ScheduledThreadPoolExecutor$DelayedWorkQueue.take(ScheduledThreadPoolExecutor.java:1182)
 java.base@17.0.17/java.util.concurrent.ScheduledThreadPoolExecutor$DelayedWorkQueue.take(ScheduledThreadPoolExecutor.java:899)
 java.base@17.0.17/java.util.concurrent.ThreadPoolExecutor.getTask(ThreadPoolExecutor.java:1062)
 java.base@17.0.17/java.util.concurrent.ThreadPoolExecutor.runWorker(ThreadPoolExecutor.java:1122)
 java.base@17.0.17/java.util.concurrent.ThreadPoolExecutor$Worker.run(ThreadPoolExecutor.java:635)
 java.base@17.0.17/java.lang.Thread.run(Thread.java:840)
2026-07-22 13:23:29.044  WARN 24448 --- [      Thread-16] o.a.c.loader.WebappClassLoaderBase       : The web application [ROOT] appears to have started a thread named [pool-2-thread-2] but has failed to stop it. This is very likely to create a memory leak. Stack trace of thread:
 java.base@17.0.17/jdk.internal.misc.Unsafe.park(Native Method)
 java.base@17.0.17/java.util.concurrent.locks.LockSupport.park(LockSupport.java:341)
 java.base@17.0.17/java.util.concurrent.locks.AbstractQueuedSynchronizer$ConditionNode.block(AbstractQueuedSynchronizer.java:506)
 java.base@17.0.17/java.util.concurrent.ForkJoinPool.unmanagedBlock(ForkJoinPool.java:3465)
 java.base@17.0.17/java.util.concurrent.ForkJoinPool.managedBlock(ForkJoinPool.java:3436)
 java.base@17.0.17/java.util.concurrent.locks.AbstractQueuedSynchronizer$ConditionObject.await(AbstractQueuedSynchronizer.java:1630)
 java.base@17.0.17/java.util.concurrent.ScheduledThreadPoolExecutor$DelayedWorkQueue.take(ScheduledThreadPoolExecutor.java:1177)
 java.base@17.0.17/java.util.concurrent.ScheduledThreadPoolExecutor$DelayedWorkQueue.take(ScheduledThreadPoolExecutor.java:899)
 java.base@17.0.17/java.util.concurrent.ThreadPoolExecutor.getTask(ThreadPoolExecutor.java:1062)
 java.base@17.0.17/java.util.concurrent.ThreadPoolExecutor.runWorker(ThreadPoolExecutor.java:1122)
 java.base@17.0.17/java.util.concurrent.ThreadPoolExecutor$Worker.run(ThreadPoolExecutor.java:635)
 java.base@17.0.17/java.lang.Thread.run(Thread.java:840)
2026-07-22 13:23:29.045  WARN 24448 --- [      Thread-16] o.a.c.loader.WebappClassLoaderBase       : The web application [ROOT] appears to have started a thread named [pool-2-thread-3] but has failed to stop it. This is very likely to create a memory leak. Stack trace of thread:
 java.base@17.0.17/jdk.internal.misc.Unsafe.park(Native Method)
 java.base@17.0.17/java.util.concurrent.locks.LockSupport.park(LockSupport.java:341)
 java.base@17.0.17/java.util.concurrent.locks.AbstractQueuedSynchronizer$ConditionNode.block(AbstractQueuedSynchronizer.java:506)
 java.base@17.0.17/java.util.concurrent.ForkJoinPool.unmanagedBlock(ForkJoinPool.java:3465)
 java.base@17.0.17/java.util.concurrent.ForkJoinPool.managedBlock(ForkJoinPool.java:3436)
 java.base@17.0.17/java.util.concurrent.locks.AbstractQueuedSynchronizer$ConditionObject.await(AbstractQueuedSynchronizer.java:1630)
 java.base@17.0.17/java.util.concurrent.ScheduledThreadPoolExecutor$DelayedWorkQueue.take(ScheduledThreadPoolExecutor.java:1177)
 java.base@17.0.17/java.util.concurrent.ScheduledThreadPoolExecutor$DelayedWorkQueue.take(ScheduledThreadPoolExecutor.java:899)
 java.base@17.0.17/java.util.concurrent.ThreadPoolExecutor.getTask(ThreadPoolExecutor.java:1062)
 java.base@17.0.17/java.util.concurrent.ThreadPoolExecutor.runWorker(ThreadPoolExecutor.java:1122)
 java.base@17.0.17/java.util.concurrent.ThreadPoolExecutor$Worker.run(ThreadPoolExecutor.java:635)
 java.base@17.0.17/java.lang.Thread.run(Thread.java:840)
2026-07-22 13:23:29.047  WARN 24448 --- [      Thread-16] o.a.c.loader.WebappClassLoaderBase       : The web application [ROOT] appears to have started a thread named [pool-2-thread-4] but has failed to stop it. This is very likely to create a memory leak. Stack trace of thread:
 java.base@17.0.17/jdk.internal.misc.Unsafe.park(Native Method)
 java.base@17.0.17/java.util.concurrent.locks.LockSupport.park(LockSupport.java:341)
 java.base@17.0.17/java.util.concurrent.locks.AbstractQueuedSynchronizer$ConditionNode.block(AbstractQueuedSynchronizer.java:506)
 java.base@17.0.17/java.util.concurrent.ForkJoinPool.unmanagedBlock(ForkJoinPool.java:3465)
 java.base@17.0.17/java.util.concurrent.ForkJoinPool.managedBlock(ForkJoinPool.java:3436)
 java.base@17.0.17/java.util.concurrent.locks.AbstractQueuedSynchronizer$ConditionObject.await(AbstractQueuedSynchronizer.java:1630)
 java.base@17.0.17/java.util.concurrent.ScheduledThreadPoolExecutor$DelayedWorkQueue.take(ScheduledThreadPoolExecutor.java:1177)
 java.base@17.0.17/java.util.concurrent.ScheduledThreadPoolExecutor$DelayedWorkQueue.take(ScheduledThreadPoolExecutor.java:899)
 java.base@17.0.17/java.util.concurrent.ThreadPoolExecutor.getTask(ThreadPoolExecutor.java:1062)
 java.base@17.0.17/java.util.concurrent.ThreadPoolExecutor.runWorker(ThreadPoolExecutor.java:1122)
 java.base@17.0.17/java.util.concurrent.ThreadPoolExecutor$Worker.run(ThreadPoolExecutor.java:635)
 java.base@17.0.17/java.lang.Thread.run(Thread.java:840)
2026-07-22 13:23:29.047  WARN 24448 --- [      Thread-16] o.a.c.loader.WebappClassLoaderBase       : The web application [ROOT] appears to have started a thread named [pool-2-thread-5] but has failed to stop it. This is very likely to create a memory leak. Stack trace of thread:
 java.base@17.0.17/jdk.internal.misc.Unsafe.park(Native Method)
 java.base@17.0.17/java.util.concurrent.locks.LockSupport.park(LockSupport.java:341)
 java.base@17.0.17/java.util.concurrent.locks.AbstractQueuedSynchronizer$ConditionNode.block(AbstractQueuedSynchronizer.java:506)
 java.base@17.0.17/java.util.concurrent.ForkJoinPool.unmanagedBlock(ForkJoinPool.java:3465)
 java.base@17.0.17/java.util.concurrent.ForkJoinPool.managedBlock(ForkJoinPool.java:3436)
 java.base@17.0.17/java.util.concurrent.locks.AbstractQueuedSynchronizer$ConditionObject.await(AbstractQueuedSynchronizer.java:1630)
 java.base@17.0.17/java.util.concurrent.ScheduledThreadPoolExecutor$DelayedWorkQueue.take(ScheduledThreadPoolExecutor.java:1177)
 java.base@17.0.17/java.util.concurrent.ScheduledThreadPoolExecutor$DelayedWorkQueue.take(ScheduledThreadPoolExecutor.java:899)
 java.base@17.0.17/java.util.concurrent.ThreadPoolExecutor.getTask(ThreadPoolExecutor.java:1062)
 java.base@17.0.17/java.util.concurrent.ThreadPoolExecutor.runWorker(ThreadPoolExecutor.java:1122)
 java.base@17.0.17/java.util.concurrent.ThreadPoolExecutor$Worker.run(ThreadPoolExecutor.java:635)
 java.base@17.0.17/java.lang.Thread.run(Thread.java:840)
2026-07-22 13:23:29.048  WARN 24448 --- [      Thread-16] o.a.c.loader.WebappClassLoaderBase       : The web application [ROOT] appears to have started a thread named [pool-2-thread-6] but has failed to stop it. This is very likely to create a memory leak. Stack trace of thread:
 java.base@17.0.17/jdk.internal.misc.Unsafe.park(Native Method)
 java.base@17.0.17/java.util.concurrent.locks.LockSupport.park(LockSupport.java:341)
 java.base@17.0.17/java.util.concurrent.locks.AbstractQueuedSynchronizer$ConditionNode.block(AbstractQueuedSynchronizer.java:506)
 java.base@17.0.17/java.util.concurrent.ForkJoinPool.unmanagedBlock(ForkJoinPool.java:3465)
 java.base@17.0.17/java.util.concurrent.ForkJoinPool.managedBlock(ForkJoinPool.java:3436)
 java.base@17.0.17/java.util.concurrent.locks.AbstractQueuedSynchronizer$ConditionObject.await(AbstractQueuedSynchronizer.java:1630)
 java.base@17.0.17/java.util.concurrent.ScheduledThreadPoolExecutor$DelayedWorkQueue.take(ScheduledThreadPoolExecutor.java:1177)
 java.base@17.0.17/java.util.concurrent.ScheduledThreadPoolExecutor$DelayedWorkQueue.take(ScheduledThreadPoolExecutor.java:899)
 java.base@17.0.17/java.util.concurrent.ThreadPoolExecutor.getTask(ThreadPoolExecutor.java:1062)
 java.base@17.0.17/java.util.concurrent.ThreadPoolExecutor.runWorker(ThreadPoolExecutor.java:1122)
 java.base@17.0.17/java.util.concurrent.ThreadPoolExecutor$Worker.run(ThreadPoolExecutor.java:635)
 java.base@17.0.17/java.lang.Thread.run(Thread.java:840)
2026-07-22 13:23:29.048  WARN 24448 --- [      Thread-16] o.a.c.loader.WebappClassLoaderBase       : The web application [ROOT] appears to have started a thread named [pool-2-thread-7] but has failed to stop it. This is very likely to create a memory leak. Stack trace of thread:
 java.base@17.0.17/jdk.internal.misc.Unsafe.park(Native Method)
 java.base@17.0.17/java.util.concurrent.locks.LockSupport.park(LockSupport.java:341)
 java.base@17.0.17/java.util.concurrent.locks.AbstractQueuedSynchronizer$ConditionNode.block(AbstractQueuedSynchronizer.java:506)
 java.base@17.0.17/java.util.concurrent.ForkJoinPool.unmanagedBlock(ForkJoinPool.java:3465)
 java.base@17.0.17/java.util.concurrent.ForkJoinPool.managedBlock(ForkJoinPool.java:3436)
 java.base@17.0.17/java.util.concurrent.locks.AbstractQueuedSynchronizer$ConditionObject.await(AbstractQueuedSynchronizer.java:1630)
 java.base@17.0.17/java.util.concurrent.ScheduledThreadPoolExecutor$DelayedWorkQueue.take(ScheduledThreadPoolExecutor.java:1170)
 java.base@17.0.17/java.util.concurrent.ScheduledThreadPoolExecutor$DelayedWorkQueue.take(ScheduledThreadPoolExecutor.java:899)
 java.base@17.0.17/java.util.concurrent.ThreadPoolExecutor.getTask(ThreadPoolExecutor.java:1062)
 java.base@17.0.17/java.util.concurrent.ThreadPoolExecutor.runWorker(ThreadPoolExecutor.java:1122)
 java.base@17.0.17/java.util.concurrent.ThreadPoolExecutor$Worker.run(ThreadPoolExecutor.java:635)
 java.base@17.0.17/java.lang.Thread.run(Thread.java:840)
2026-07-22 13:23:29.049  WARN 24448 --- [      Thread-16] o.a.c.loader.WebappClassLoaderBase       : The web application [ROOT] appears to have started a thread named [pool-2-thread-8] but has failed to stop it. This is very likely to create a memory leak. Stack trace of thread:
 java.base@17.0.17/jdk.internal.misc.Unsafe.park(Native Method)
 java.base@17.0.17/java.util.concurrent.locks.LockSupport.park(LockSupport.java:341)
 java.base@17.0.17/java.util.concurrent.locks.AbstractQueuedSynchronizer$ConditionNode.block(AbstractQueuedSynchronizer.java:506)
 java.base@17.0.17/java.util.concurrent.ForkJoinPool.unmanagedBlock(ForkJoinPool.java:3465)
 java.base@17.0.17/java.util.concurrent.ForkJoinPool.managedBlock(ForkJoinPool.java:3436)
 java.base@17.0.17/java.util.concurrent.locks.AbstractQueuedSynchronizer$ConditionObject.await(AbstractQueuedSynchronizer.java:1630)
 java.base@17.0.17/java.util.concurrent.ScheduledThreadPoolExecutor$DelayedWorkQueue.take(ScheduledThreadPoolExecutor.java:1177)
 java.base@17.0.17/java.util.concurrent.ScheduledThreadPoolExecutor$DelayedWorkQueue.take(ScheduledThreadPoolExecutor.java:899)
 java.base@17.0.17/java.util.concurrent.ThreadPoolExecutor.getTask(ThreadPoolExecutor.java:1062)
 java.base@17.0.17/java.util.concurrent.ThreadPoolExecutor.runWorker(ThreadPoolExecutor.java:1122)
 java.base@17.0.17/java.util.concurrent.ThreadPoolExecutor$Worker.run(ThreadPoolExecutor.java:635)
 java.base@17.0.17/java.lang.Thread.run(Thread.java:840)
2026-07-22 13:23:29.049  WARN 24448 --- [      Thread-16] o.a.c.loader.WebappClassLoaderBase       : The web application [ROOT] appears to have started a thread named [pool-2-thread-9] but has failed to stop it. This is very likely to create a memory leak. Stack trace of thread:
 java.base@17.0.17/jdk.internal.misc.Unsafe.park(Native Method)
 java.base@17.0.17/java.util.concurrent.locks.LockSupport.park(LockSupport.java:341)
 java.base@17.0.17/java.util.concurrent.locks.AbstractQueuedSynchronizer$ConditionNode.block(AbstractQueuedSynchronizer.java:506)
 java.base@17.0.17/java.util.concurrent.ForkJoinPool.unmanagedBlock(ForkJoinPool.java:3465)
 java.base@17.0.17/java.util.concurrent.ForkJoinPool.managedBlock(ForkJoinPool.java:3436)
 java.base@17.0.17/java.util.concurrent.locks.AbstractQueuedSynchronizer$ConditionObject.await(AbstractQueuedSynchronizer.java:1630)
 java.base@17.0.17/java.util.concurrent.ScheduledThreadPoolExecutor$DelayedWorkQueue.take(ScheduledThreadPoolExecutor.java:1177)
 java.base@17.0.17/java.util.concurrent.ScheduledThreadPoolExecutor$DelayedWorkQueue.take(ScheduledThreadPoolExecutor.java:899)
 java.base@17.0.17/java.util.concurrent.ThreadPoolExecutor.getTask(ThreadPoolExecutor.java:1062)
 java.base@17.0.17/java.util.concurrent.ThreadPoolExecutor.runWorker(ThreadPoolExecutor.java:1122)
 java.base@17.0.17/java.util.concurrent.ThreadPoolExecutor$Worker.run(ThreadPoolExecutor.java:635)
 java.base@17.0.17/java.lang.Thread.run(Thread.java:840)
2026-07-22 13:23:29.049  WARN 24448 --- [      Thread-16] o.a.c.loader.WebappClassLoaderBase       : The web application [ROOT] appears to have started a thread named [pool-2-thread-10] but has failed to stop it. This is very likely to create a memory leak. Stack trace of thread:
 java.base@17.0.17/jdk.internal.misc.Unsafe.park(Native Method)
 java.base@17.0.17/java.util.concurrent.locks.LockSupport.park(LockSupport.java:341)
 java.base@17.0.17/java.util.concurrent.locks.AbstractQueuedSynchronizer$ConditionNode.block(AbstractQueuedSynchronizer.java:506)
 java.base@17.0.17/java.util.concurrent.ForkJoinPool.unmanagedBlock(ForkJoinPool.java:3465)
 java.base@17.0.17/java.util.concurrent.ForkJoinPool.managedBlock(ForkJoinPool.java:3436)
 java.base@17.0.17/java.util.concurrent.locks.AbstractQueuedSynchronizer$ConditionObject.await(AbstractQueuedSynchronizer.java:1630)
 java.base@17.0.17/java.util.concurrent.ScheduledThreadPoolExecutor$DelayedWorkQueue.take(ScheduledThreadPoolExecutor.java:1177)
 java.base@17.0.17/java.util.concurrent.ScheduledThreadPoolExecutor$DelayedWorkQueue.take(ScheduledThreadPoolExecutor.java:899)
 java.base@17.0.17/java.util.concurrent.ThreadPoolExecutor.getTask(ThreadPoolExecutor.java:1062)
 java.base@17.0.17/java.util.concurrent.ThreadPoolExecutor.runWorker(ThreadPoolExecutor.java:1122)
 java.base@17.0.17/java.util.concurrent.ThreadPoolExecutor$Worker.run(ThreadPoolExecutor.java:635)
 java.base@17.0.17/java.lang.Thread.run(Thread.java:840)
2026-07-22 13:23:29.509  INFO 24448 --- [      Thread-16] j.LocalContainerEntityManagerFactoryBean : Closing JPA EntityManagerFactory for persistence unit 'default'
2026-07-22 13:23:29.532  INFO 24448 --- [      Thread-16] com.zaxxer.hikari.HikariDataSource       : HikariPool-2 - Shutdown initiated...
2026-07-22 13:23:29.541  INFO 24448 --- [      Thread-16] com.zaxxer.hikari.HikariDataSource       : HikariPool-2 - Shutdown completed.
Iniciando sistema
2026-07-22 13:23:30.399 ERROR 24448 --- [  restartedMain] o.s.boot.SpringApplication               : Application run failed

java.lang.IllegalArgumentException: Unable to instantiate com.franco.dev.config.UserDevPropertiesEnvironmentPostProcessor [org.springframework.boot.env.EnvironmentPostProcessor]
	at org.springframework.boot.util.Instantiator.lambda$static$0(Instantiator.java:53) ~[spring-boot-2.7.18.jar:2.7.18]
	at org.springframework.boot.util.Instantiator.instantiate(Instantiator.java:153) ~[spring-boot-2.7.18.jar:2.7.18]
	at java.base/java.util.stream.ReferencePipeline$3$1.accept(ReferencePipeline.java:197) ~[na:na]
	at java.base/java.util.stream.ReferencePipeline$3$1.accept(ReferencePipeline.java:197) ~[na:na]
	at java.base/java.util.ArrayList$ArrayListSpliterator.forEachRemaining(ArrayList.java:1625) ~[na:na]
	at java.base/java.util.stream.AbstractPipeline.copyInto(AbstractPipeline.java:509) ~[na:na]
	at java.base/java.util.stream.AbstractPipeline.wrapAndCopyInto(AbstractPipeline.java:499) ~[na:na]
	at java.base/java.util.stream.ReduceOps$ReduceOp.evaluateSequential(ReduceOps.java:921) ~[na:na]
	at java.base/java.util.stream.AbstractPipeline.evaluate(AbstractPipeline.java:234) ~[na:na]
	at java.base/java.util.stream.ReferencePipeline.collect(ReferencePipeline.java:682) ~[na:na]
	at org.springframework.boot.util.Instantiator.instantiate(Instantiator.java:141) ~[spring-boot-2.7.18.jar:2.7.18]
	at org.springframework.boot.util.Instantiator.instantiate(Instantiator.java:126) ~[spring-boot-2.7.18.jar:2.7.18]
	at org.springframework.boot.env.ReflectionEnvironmentPostProcessorsFactory.getEnvironmentPostProcessors(ReflectionEnvironmentPostProcessorsFactory.java:72) ~[spring-boot-2.7.18.jar:2.7.18]
	at org.springframework.boot.env.EnvironmentPostProcessorApplicationListener.getEnvironmentPostProcessors(EnvironmentPostProcessorApplicationListener.java:122) ~[spring-boot-2.7.18.jar:2.7.18]
	at org.springframework.boot.env.EnvironmentPostProcessorApplicationListener.onApplicationEnvironmentPreparedEvent(EnvironmentPostProcessorApplicationListener.java:100) ~[spring-boot-2.7.18.jar:2.7.18]
	at org.springframework.boot.env.EnvironmentPostProcessorApplicationListener.onApplicationEvent(EnvironmentPostProcessorApplicationListener.java:87) ~[spring-boot-2.7.18.jar:2.7.18]
	at org.springframework.context.event.SimpleApplicationEventMulticaster.doInvokeListener(SimpleApplicationEventMulticaster.java:178) ~[spring-context-5.3.31.jar:5.3.31]
	at org.springframework.context.event.SimpleApplicationEventMulticaster.invokeListener(SimpleApplicationEventMulticaster.java:171) ~[spring-context-5.3.31.jar:5.3.31]
	at org.springframework.context.event.SimpleApplicationEventMulticaster.multicastEvent(SimpleApplicationEventMulticaster.java:145) ~[spring-context-5.3.31.jar:5.3.31]
	at org.springframework.context.event.SimpleApplicationEventMulticaster.multicastEvent(SimpleApplicationEventMulticaster.java:133) ~[spring-context-5.3.31.jar:5.3.31]
	at org.springframework.boot.context.event.EventPublishingRunListener.environmentPrepared(EventPublishingRunListener.java:85) ~[spring-boot-2.7.18.jar:2.7.18]
	at org.springframework.boot.SpringApplicationRunListeners.lambda$environmentPrepared$2(SpringApplicationRunListeners.java:66) ~[spring-boot-2.7.18.jar:2.7.18]
	at java.base/java.util.ArrayList.forEach(ArrayList.java:1511) ~[na:na]
	at org.springframework.boot.SpringApplicationRunListeners.doWithListeners(SpringApplicationRunListeners.java:120) ~[spring-boot-2.7.18.jar:2.7.18]
	at org.springframework.boot.SpringApplicationRunListeners.doWithListeners(SpringApplicationRunListeners.java:114) ~[spring-boot-2.7.18.jar:2.7.18]
	at org.springframework.boot.SpringApplicationRunListeners.environmentPrepared(SpringApplicationRunListeners.java:65) ~[spring-boot-2.7.18.jar:2.7.18]
	at org.springframework.boot.SpringApplication.prepareEnvironment(SpringApplication.java:344) ~[spring-boot-2.7.18.jar:2.7.18]
	at org.springframework.boot.SpringApplication.run(SpringApplication.java:302) ~[spring-boot-2.7.18.jar:2.7.18]
	at org.springframework.boot.SpringApplication.run(SpringApplication.java:1300) ~[spring-boot-2.7.18.jar:2.7.18]
	at org.springframework.boot.SpringApplication.run(SpringApplication.java:1289) ~[spring-boot-2.7.18.jar:2.7.18]
	at com.franco.dev.FrancoSystemsApplication.main(FrancoSystemsApplication.java:45) ~[classes/:na]
	at java.base/jdk.internal.reflect.NativeMethodAccessorImpl.invoke0(Native Method) ~[na:na]
	at java.base/jdk.internal.reflect.NativeMethodAccessorImpl.invoke(NativeMethodAccessorImpl.java:77) ~[na:na]
	at java.base/jdk.internal.reflect.DelegatingMethodAccessorImpl.invoke(DelegatingMethodAccessorImpl.java:43) ~[na:na]
	at java.base/java.lang.reflect.Method.invoke(Method.java:569) ~[na:na]
	at org.springframework.boot.devtools.restart.RestartLauncher.run(RestartLauncher.java:50) ~[spring-boot-devtools-2.7.18.jar:2.7.18]
Caused by: java.lang.ClassNotFoundException: com.franco.dev.config.UserDevPropertiesEnvironmentPostProcessor
	at java.base/jdk.internal.loader.BuiltinClassLoader.loadClass(BuiltinClassLoader.java:641) ~[na:na]
	at java.base/jdk.internal.loader.ClassLoaders$AppClassLoader.loadClass(ClassLoaders.java:188) ~[na:na]
	at java.base/java.lang.ClassLoader.loadClass(ClassLoader.java:525) ~[na:na]
	at java.base/java.lang.Class.forName0(Native Method) ~[na:na]
	at java.base/java.lang.Class.forName(Class.java:469) ~[na:na]
	at org.springframework.boot.devtools.restart.classloader.RestartClassLoader.loadClass(RestartClassLoader.java:145) ~[spring-boot-devtools-2.7.18.jar:2.7.18]
	at java.base/java.lang.ClassLoader.loadClass(ClassLoader.java:525) ~[na:na]
	at java.base/java.lang.Class.forName0(Native Method) ~[na:na]
	at java.base/java.lang.Class.forName(Class.java:469) ~[na:na]
	at org.springframework.util.ClassUtils.forName(ClassUtils.java:291) ~[spring-core-5.3.31.jar:5.3.31]
	at org.springframework.boot.util.Instantiator$TypeSupplier$1.get(Instantiator.java:233) ~[spring-boot-2.7.18.jar:2.7.18]
	at org.springframework.boot.util.Instantiator.instantiate(Instantiator.java:148) ~[spring-boot-2.7.18.jar:2.7.18]
	... 34 common frames omitted

Iniciando sistema
2026-07-22 13:23:55.624 ERROR 24448 --- [  restartedMain] o.s.boot.SpringApplication               : Application run failed

java.lang.IllegalArgumentException: Unable to instantiate com.franco.dev.config.UserDevPropertiesEnvironmentPostProcessor [org.springframework.boot.env.EnvironmentPostProcessor]
	at org.springframework.boot.util.Instantiator.lambda$static$0(Instantiator.java:53) ~[spring-boot-2.7.18.jar:2.7.18]
	at org.springframework.boot.util.Instantiator.instantiate(Instantiator.java:153) ~[spring-boot-2.7.18.jar:2.7.18]
	at java.base/java.util.stream.ReferencePipeline$3$1.accept(ReferencePipeline.java:197) ~[na:na]
	at java.base/java.util.stream.ReferencePipeline$3$1.accept(ReferencePipeline.java:197) ~[na:na]
	at java.base/java.util.ArrayList$ArrayListSpliterator.forEachRemaining(ArrayList.java:1625) ~[na:na]
	at java.base/java.util.stream.AbstractPipeline.copyInto(AbstractPipeline.java:509) ~[na:na]
	at java.base/java.util.stream.AbstractPipeline.wrapAndCopyInto(AbstractPipeline.java:499) ~[na:na]
	at java.base/java.util.stream.ReduceOps$ReduceOp.evaluateSequential(ReduceOps.java:921) ~[na:na]
	at java.base/java.util.stream.AbstractPipeline.evaluate(AbstractPipeline.java:234) ~[na:na]
	at java.base/java.util.stream.ReferencePipeline.collect(ReferencePipeline.java:682) ~[na:na]
	at org.springframework.boot.util.Instantiator.instantiate(Instantiator.java:141) ~[spring-boot-2.7.18.jar:2.7.18]
	at org.springframework.boot.util.Instantiator.instantiate(Instantiator.java:126) ~[spring-boot-2.7.18.jar:2.7.18]
	at org.springframework.boot.env.ReflectionEnvironmentPostProcessorsFactory.getEnvironmentPostProcessors(ReflectionEnvironmentPostProcessorsFactory.java:72) ~[spring-boot-2.7.18.jar:2.7.18]
	at org.springframework.boot.env.EnvironmentPostProcessorApplicationListener.getEnvironmentPostProcessors(EnvironmentPostProcessorApplicationListener.java:122) ~[spring-boot-2.7.18.jar:2.7.18]
	at org.springframework.boot.env.EnvironmentPostProcessorApplicationListener.onApplicationEnvironmentPreparedEvent(EnvironmentPostProcessorApplicationListener.java:100) ~[spring-boot-2.7.18.jar:2.7.18]
	at org.springframework.boot.env.EnvironmentPostProcessorApplicationListener.onApplicationEvent(EnvironmentPostProcessorApplicationListener.java:87) ~[spring-boot-2.7.18.jar:2.7.18]
	at org.springframework.context.event.SimpleApplicationEventMulticaster.doInvokeListener(SimpleApplicationEventMulticaster.java:178) ~[spring-context-5.3.31.jar:5.3.31]
	at org.springframework.context.event.SimpleApplicationEventMulticaster.invokeListener(SimpleApplicationEventMulticaster.java:171) ~[spring-context-5.3.31.jar:5.3.31]
	at org.springframework.context.event.SimpleApplicationEventMulticaster.multicastEvent(SimpleApplicationEventMulticaster.java:145) ~[spring-context-5.3.31.jar:5.3.31]
	at org.springframework.context.event.SimpleApplicationEventMulticaster.multicastEvent(SimpleApplicationEventMulticaster.java:133) ~[spring-context-5.3.31.jar:5.3.31]
	at org.springframework.boot.context.event.EventPublishingRunListener.environmentPrepared(EventPublishingRunListener.java:85) ~[spring-boot-2.7.18.jar:2.7.18]
	at org.springframework.boot.SpringApplicationRunListeners.lambda$environmentPrepared$2(SpringApplicationRunListeners.java:66) ~[spring-boot-2.7.18.jar:2.7.18]
	at java.base/java.util.ArrayList.forEach(ArrayList.java:1511) ~[na:na]
	at org.springframework.boot.SpringApplicationRunListeners.doWithListeners(SpringApplicationRunListeners.java:120) ~[spring-boot-2.7.18.jar:2.7.18]
	at org.springframework.boot.SpringApplicationRunListeners.doWithListeners(SpringApplicationRunListeners.java:114) ~[spring-boot-2.7.18.jar:2.7.18]
	at org.springframework.boot.SpringApplicationRunListeners.environmentPrepared(SpringApplicationRunListeners.java:65) ~[spring-boot-2.7.18.jar:2.7.18]
	at org.springframework.boot.SpringApplication.prepareEnvironment(SpringApplication.java:344) ~[spring-boot-2.7.18.jar:2.7.18]
	at org.springframework.boot.SpringApplication.run(SpringApplication.java:302) ~[spring-boot-2.7.18.jar:2.7.18]
	at org.springframework.boot.SpringApplication.run(SpringApplication.java:1300) ~[spring-boot-2.7.18.jar:2.7.18]
	at org.springframework.boot.SpringApplication.run(SpringApplication.java:1289) ~[spring-boot-2.7.18.jar:2.7.18]
	at com.franco.dev.FrancoSystemsApplication.main(FrancoSystemsApplication.java:45) ~[classes/:na]
	at java.base/jdk.internal.reflect.NativeMethodAccessorImpl.invoke0(Native Method) ~[na:na]
	at java.base/jdk.internal.reflect.NativeMethodAccessorImpl.invoke(NativeMethodAccessorImpl.java:77) ~[na:na]
	at java.base/jdk.internal.reflect.DelegatingMethodAccessorImpl.invoke(DelegatingMethodAccessorImpl.java:43) ~[na:na]
	at java.base/java.lang.reflect.Method.invoke(Method.java:569) ~[na:na]
	at org.springframework.boot.devtools.restart.RestartLauncher.run(RestartLauncher.java:50) ~[spring-boot-devtools-2.7.18.jar:2.7.18]
Caused by: java.lang.ClassNotFoundException: com.franco.dev.config.UserDevPropertiesEnvironmentPostProcessor
	at java.base/jdk.internal.loader.BuiltinClassLoader.loadClass(BuiltinClassLoader.java:641) ~[na:na]
	at java.base/jdk.internal.loader.ClassLoaders$AppClassLoader.loadClass(ClassLoaders.java:188) ~[na:na]
	at java.base/java.lang.ClassLoader.loadClass(ClassLoader.java:525) ~[na:na]
	at java.base/java.lang.Class.forName0(Native Method) ~[na:na]
	at java.base/java.lang.Class.forName(Class.java:469) ~[na:na]
	at org.springframework.boot.devtools.restart.classloader.RestartClassLoader.loadClass(RestartClassLoader.java:145) ~[spring-boot-devtools-2.7.18.jar:2.7.18]
	at java.base/java.lang.ClassLoader.loadClass(ClassLoader.java:525) ~[na:na]
	at java.base/java.lang.Class.forName0(Native Method) ~[na:na]
	at java.base/java.lang.Class.forName(Class.java:469) ~[na:na]
	at org.springframework.util.ClassUtils.forName(ClassUtils.java:291) ~[spring-core-5.3.31.jar:5.3.31]
	at org.springframework.boot.util.Instantiator$TypeSupplier$1.get(Instantiator.java:233) ~[spring-boot-2.7.18.jar:2.7.18]
	at org.springframework.boot.util.Instantiator.instantiate(Instantiator.java:148) ~[spring-boot-2.7.18.jar:2.7.18]
	... 34 common frames omitted

Iniciando sistema

  .   ____          _            __ _ _
 /\\ / ___'_ __ _ _(_)_ __  __ _ \ \ \ \
( ( )\___ | '_ | '_| | '_ \/ _` | \ \ \ \
 \\/  ___)| |_)| | | | | || (_| |  ) ) ) )
  '  |____| .__|_| |_|_| |_\__, | / / / /
 =========|_|==============|___/=/_/_/_/
 :: Spring Boot ::               (v2.7.18)

2026-07-22 13:24:07.326  INFO 24448 --- [  restartedMain] com.franco.dev.FrancoSystemsApplication  : Starting FrancoSystemsApplication using Java 17.0.17 on IMACs-iMac.local with PID 24448 (/Users/gabfranck/workspace/frc-sistemas-informaticos/frc-comercial/central/target/classes started by gabfranck in /Users/gabfranck/workspace/frc-sistemas-informaticos/frc-comercial/central)
2026-07-22 13:24:07.326  INFO 24448 --- [  restartedMain] com.franco.dev.FrancoSystemsApplication  : The following 1 profile is active: "dev"
2026-07-22 13:24:08.133  INFO 24448 --- [  restartedMain] .s.d.r.c.RepositoryConfigurationDelegate : Bootstrapping Spring Data JPA repositories in DEFAULT mode.
2026-07-22 13:24:08.790  INFO 24448 --- [  restartedMain] .s.d.r.c.RepositoryConfigurationDelegate : Finished Spring Data repository scanning in 656 ms. Found 220 JPA repository interfaces.
2026-07-22 13:24:09.606  INFO 24448 --- [  restartedMain] o.s.b.w.embedded.tomcat.TomcatWebServer  : Tomcat initialized with port(s): 8081 (http)
2026-07-22 13:24:09.607  INFO 24448 --- [  restartedMain] o.apache.catalina.core.StandardService   : Starting service [Tomcat]
2026-07-22 13:24:09.607  INFO 24448 --- [  restartedMain] org.apache.catalina.core.StandardEngine  : Starting Servlet engine: [Apache Tomcat/9.0.83]
2026-07-22 13:24:09.643  INFO 24448 --- [  restartedMain] o.a.c.c.C.[Tomcat].[localhost].[/]       : Initializing Spring embedded WebApplicationContext
2026-07-22 13:24:09.644  INFO 24448 --- [  restartedMain] w.s.c.ServletWebServerApplicationContext : Root WebApplicationContext: initialization completed in 2314 ms
2026-07-22 13:24:10.004  INFO 24448 --- [  restartedMain] c.f.d.c.RetryableDatabasePostProcessor   : -----> configuring a retryable datasource for beanName = dataSource
2026-07-22 13:24:10.025  INFO 24448 --- [  restartedMain] c.f.dev.config.multitenant.FlywayConfig  : Scanning for duplicate migrations in: target/classes/db/migration
2026-07-22 13:24:10.031  INFO 24448 --- [  restartedMain] c.f.dev.config.multitenant.FlywayConfig  : Duplicate migration cleanup complete
2026-07-22 13:24:10.040  INFO 24448 --- [  restartedMain] o.f.c.internal.license.VersionPrinter    : Flyway Community Edition 8.5.13 by Redgate
2026-07-22 13:24:10.041  INFO 24448 --- [  restartedMain] o.f.c.internal.license.VersionPrinter    : See what's new here: https://flywaydb.org/documentation/learnmore/releaseNotes#8.5.13
2026-07-22 13:24:10.041  INFO 24448 --- [  restartedMain] o.f.c.internal.license.VersionPrinter    : 
2026-07-22 13:24:10.053  INFO 24448 --- [  restartedMain] o.f.c.i.resource.ResourceNameValidator   : 1 SQL migrations were detected but not run because they did not follow the filename convention.
2026-07-22 13:24:10.053  INFO 24448 --- [  restartedMain] o.f.c.i.resource.ResourceNameValidator   : If this is in error, enable debug logging or 'validateMigrationNaming' to fail fast and see a list of the invalid file names.
2026-07-22 13:24:10.064  INFO 24448 --- [  restartedMain] o.f.c.i.database.base.BaseDatabaseType   : Database: jdbc:postgresql://localhost:5551/bodega_producto_devoluciones (PostgreSQL 16.4)
2026-07-22 13:24:10.067  WARN 24448 --- [  restartedMain] o.f.c.internal.database.base.Database    : Flyway upgrade recommended: PostgreSQL 16.4 is newer than this version of Flyway and support has not been tested. The latest supported version of PostgreSQL is 14.
2026-07-22 13:24:10.082  INFO 24448 --- [  restartedMain] o.f.c.i.s.JdbcTableSchemaHistory         : Repair of failed migration in Schema History table "public"."flyway_schema_history" not necessary. No failed migration detected.
2026-07-22 13:24:10.147  INFO 24448 --- [  restartedMain] o.f.core.internal.command.DbRepair       : Successfully repaired schema history table "public"."flyway_schema_history" (execution time 00:00.078s).
2026-07-22 13:24:10.148  INFO 24448 --- [  restartedMain] o.f.c.internal.license.VersionPrinter    : Flyway Community Edition 8.5.13 by Redgate
2026-07-22 13:24:10.148  INFO 24448 --- [  restartedMain] o.f.c.internal.license.VersionPrinter    : See what's new here: https://flywaydb.org/documentation/learnmore/releaseNotes#8.5.13
2026-07-22 13:24:10.148  INFO 24448 --- [  restartedMain] o.f.c.internal.license.VersionPrinter    : 
2026-07-22 13:24:10.151  INFO 24448 --- [  restartedMain] o.f.c.i.resource.ResourceNameValidator   : 1 SQL migrations were detected but not run because they did not follow the filename convention.
2026-07-22 13:24:10.151  INFO 24448 --- [  restartedMain] o.f.c.i.resource.ResourceNameValidator   : If this is in error, enable debug logging or 'validateMigrationNaming' to fail fast and see a list of the invalid file names.
2026-07-22 13:24:10.159  WARN 24448 --- [  restartedMain] o.f.c.internal.database.base.Database    : Flyway upgrade recommended: PostgreSQL 16.4 is newer than this version of Flyway and support has not been tested. The latest supported version of PostgreSQL is 14.
2026-07-22 13:24:10.241  INFO 24448 --- [  restartedMain] o.f.core.internal.command.DbMigrate      : Current version of schema "public": 164.1
2026-07-22 13:24:10.241  WARN 24448 --- [  restartedMain] o.f.core.internal.command.DbMigrate      : outOfOrder mode is active. Migration of schema "public" may not be reproducible.
2026-07-22 13:24:10.242  INFO 24448 --- [  restartedMain] o.f.core.internal.command.DbMigrate      : Schema "public" is up to date. No migration necessary.
2026-07-22 13:24:10.370  INFO 24448 --- [  restartedMain] o.hibernate.jpa.internal.util.LogHelper  : HHH000204: Processing PersistenceUnitInfo [name: default]
2026-07-22 13:24:10.391  INFO 24448 --- [  restartedMain] org.hibernate.dialect.Dialect            : HHH000400: Using dialect: org.hibernate.dialect.PostgreSQLDialect
2026-07-22 13:24:10.644  INFO 24448 --- [  restartedMain] b.i.HibernateSearchPreIntegrationService : HSEARCH000034: Hibernate Search version 6.2.5.Final
2026-07-22 13:24:12.201  INFO 24448 --- [  restartedMain] o.h.e.t.j.p.i.JtaPlatformInitiator       : HHH000490: Using JtaPlatform implementation: [org.hibernate.engine.transaction.jta.platform.internal.NoJtaPlatform]
2026-07-22 13:24:12.723  WARN 24448 --- [  restartedMain] o.h.s.b.l.impl.LuceneBackendFactory      : HSEARCH000075: Missing value for configuration property 'hibernate.search.backend.lucene_version': using LATEST (currently '8.11.2'). Context: default backend
2026-07-22 13:24:12.741  WARN 24448 --- [  restartedMain] o.h.s.e.c.s.ConfigurationPropertyChecker : HSEARCH000568: Invalid configuration passed to Hibernate Search: some properties in the given configuration are not used. There might be misspelled property keys in your configuration. Unused properties: [hibernate.search.indexing.automatic.enabled]. To disable this warning, set the property 'hibernate.search.configuration_property_checking.strategy' to 'ignore'.
2026-07-22 13:24:12.741  INFO 24448 --- [  restartedMain] j.LocalContainerEntityManagerFactoryBean : Initialized JPA EntityManagerFactory for persistence unit 'default'
2026-07-22 13:24:13.013  WARN 24448 --- [  restartedMain] o.h.dialect.function.TemplateRenderer    : HHH000174: Function template anticipated 4 arguments, but 1 arguments encountered
2026-07-22 13:24:13.228  WARN 24448 --- [  restartedMain] c.franco.dev.service.utils.ImageService  : Mac OS X
2026-07-22 13:24:13.253  INFO 24448 --- [  restartedMain] com.zaxxer.hikari.HikariDataSource       : HikariPool-3 - Starting...
2026-07-22 13:24:13.259  INFO 24448 --- [  restartedMain] com.zaxxer.hikari.HikariDataSource       : HikariPool-3 - Start completed.
2026-07-22 13:24:13.319  INFO 24448 --- [  restartedMain] c.f.d.s.p.UsuarioEmbeddingCacheService   : Caché de embeddings faciales: 0 usuarios activos con galería
2026-07-22 13:24:16.792  INFO 24448 --- [  restartedMain] c.franco.dev.fmc.service.FCMInitializer  : Initializing Firebase using config path: file:/opt/frc-backend-central/central/secrets/bodega-franco-frc-18e8c6ef35cf.json
2026-07-22 13:24:16.792 ERROR 24448 --- [  restartedMain] c.franco.dev.fmc.service.FCMInitializer  : Error initializing Firebase: config file not found at file:/opt/frc-backend-central/central/secrets/bodega-franco-frc-18e8c6ef35cf.json
2026-07-22 13:24:20.035  WARN 24448 --- [  restartedMain] o.h.dialect.function.TemplateRenderer    : HHH000174: Function template anticipated 4 arguments, but 1 arguments encountered
2026-07-22 13:24:20.035  WARN 24448 --- [  restartedMain] o.h.dialect.function.TemplateRenderer    : HHH000174: Function template anticipated 4 arguments, but 1 arguments encountered
2026-07-22 13:24:20.036  WARN 24448 --- [  restartedMain] o.h.dialect.function.TemplateRenderer    : HHH000174: Function template anticipated 4 arguments, but 1 arguments encountered
2026-07-22 13:24:20.036  WARN 24448 --- [  restartedMain] o.h.dialect.function.TemplateRenderer    : HHH000174: Function template anticipated 4 arguments, but 1 arguments encountered
2026-07-22 13:24:39.232  WARN 24448 --- [  restartedMain] g.kickstart.tools.SchemaClassScanner     : Cannot find definition for field 'estado: EstadoDE' on input type 'DocumentoElectronicoInput' -> com.franco.dev.graphql.financiero.input.DocumentoElectronicoInput. Try adding it manually to the dictionary
2026-07-22 13:24:39.621  WARN 24448 --- [  restartedMain] g.kickstart.tools.SchemaClassScanner     : Cannot find definition for field 'creadoEn: Date' on input type 'BarrioInput' -> com.franco.dev.graphql.general.input.BarrioInput. Try adding it manually to the dictionary
2026-07-22 13:24:39.656  WARN 24448 --- [  restartedMain] g.kickstart.tools.SchemaClassScanner     : Cannot find definition for field 'creadoEn: Date' on input type 'ContactoInput' -> com.franco.dev.graphql.general.input.ContactoInput. Try adding it manually to the dictionary
2026-07-22 13:24:39.669  WARN 24448 --- [  restartedMain] g.kickstart.tools.SchemaClassScanner     : Cannot find definition for field 'creadoEn: Date' on input type 'PaisInput' -> com.franco.dev.graphql.general.input.PaisInput. Try adding it manually to the dictionary
2026-07-22 13:24:40.712  WARN 24448 --- [  restartedMain] g.kickstart.tools.SchemaClassScanner     : Cannot find definition for field 'estadoVerificacion: EstadoVerificacion' on input type 'RecepcionMercaderiaItemInput' -> com.franco.dev.graphql.operaciones.input.RecepcionMercaderiaItemInput. Try adding it manually to the dictionary
2026-07-22 13:24:41.264  WARN 24448 --- [  restartedMain] g.kickstart.tools.SchemaClassScanner     : Cannot find definition for field 'creadoEn: Date' on input type 'ClienteInput' -> com.franco.dev.graphql.personas.input.ClienteInput. Try adding it manually to the dictionary
2026-07-22 13:24:41.332  WARN 24448 --- [  restartedMain] g.kickstart.tools.SchemaClassScanner     : Cannot find definition for field 'creadoEn: Date' on input type 'ProveedorDiasVisitaInput' -> com.franco.dev.graphql.personas.input.ProveedorDiasVisitaInput. Try adding it manually to the dictionary
2026-07-22 13:24:43.115  WARN 24448 --- [  restartedMain] g.kickstart.tools.SchemaClassScanner     : Schema type was defined but can never be accessed, and can be safely deleted: DateTime
2026-07-22 13:24:43.115  WARN 24448 --- [  restartedMain] g.kickstart.tools.SchemaClassScanner     : Schema type was defined but can never be accessed, and can be safely deleted: NotificacionPush
2026-07-22 13:24:43.115  WARN 24448 --- [  restartedMain] g.kickstart.tools.SchemaClassScanner     : Schema type was defined but can never be accessed, and can be safely deleted: ChequePage
2026-07-22 13:24:43.115  WARN 24448 --- [  restartedMain] g.kickstart.tools.SchemaClassScanner     : Schema type was defined but can never be accessed, and can be safely deleted: ChequeraPage
2026-07-22 13:24:43.115  WARN 24448 --- [  restartedMain] g.kickstart.tools.SchemaClassScanner     : Schema type was defined but can never be accessed, and can be safely deleted: EventoCancelacionDEInput
2026-07-22 13:24:43.116  WARN 24448 --- [  restartedMain] g.kickstart.tools.SchemaClassScanner     : Schema type was defined but can never be accessed, and can be safely deleted: EventoNominacionDEInput
2026-07-22 13:24:43.116  WARN 24448 --- [  restartedMain] g.kickstart.tools.SchemaClassScanner     : Schema type was defined but can never be accessed, and can be safely deleted: EventoInutilizacionDEInput
2026-07-22 13:24:43.116  WARN 24448 --- [  restartedMain] g.kickstart.tools.SchemaClassScanner     : Schema type was defined but can never be accessed, and can be safely deleted: Meses
2026-07-22 13:24:43.116  WARN 24448 --- [  restartedMain] g.kickstart.tools.SchemaClassScanner     : Schema type was defined but can never be accessed, and can be safely deleted: DeliveryUpdate
2026-07-22 13:24:43.116  WARN 24448 --- [  restartedMain] g.kickstart.tools.SchemaClassScanner     : Schema type was defined but can never be accessed, and can be safely deleted: ResumenMovimientoStock
2026-07-22 13:24:43.116  WARN 24448 --- [  restartedMain] g.kickstart.tools.SchemaClassScanner     : Schema type was defined but can never be accessed, and can be safely deleted: PagoDetallePage
2026-07-22 13:24:43.116  WARN 24448 --- [  restartedMain] g.kickstart.tools.SchemaClassScanner     : Schema type was defined but can never be accessed, and can be safely deleted: PagoPage
2026-07-22 13:24:43.116  WARN 24448 --- [  restartedMain] g.kickstart.tools.SchemaClassScanner     : Schema type was defined but can never be accessed, and can be safely deleted: SolicitudPagoMultipleRecepcionesInput
2026-07-22 13:24:43.116  WARN 24448 --- [  restartedMain] g.kickstart.tools.SchemaClassScanner     : Schema type was defined but can never be accessed, and can be safely deleted: SolicitudPagoNotaRecepcionInput
2026-07-22 13:24:43.116  WARN 24448 --- [  restartedMain] g.kickstart.tools.SchemaClassScanner     : Schema type was defined but can never be accessed, and can be safely deleted: PrintData
2026-07-22 13:24:43.116  WARN 24448 --- [  restartedMain] g.kickstart.tools.SchemaClassScanner     : Schema type was defined but can never be accessed, and can be safely deleted: ExistenciaCostoPorSucursal
2026-07-22 13:24:43.116  WARN 24448 --- [  restartedMain] g.kickstart.tools.SchemaClassScanner     : Schema type was defined but can never be accessed, and can be safely deleted: ProductoExistenciaCostos
2026-07-22 13:24:43.116  WARN 24448 --- [  restartedMain] g.kickstart.tools.SchemaClassScanner     : Schema type was defined but can never be accessed, and can be safely deleted: MultiPageInput
2026-07-22 13:24:43.122  WARN 24448 --- [  restartedMain] g.kickstart.tools.SchemaClassScanner     : Root query resolver was provided but no methods on it were used in data fetchers for GraphQL type 'Query'!  Either remove the graphql.kickstart.tools.GraphQLQueryResolver interface from the resolver or remove the resolver entirely: com.franco.dev.graphql.financiero.FacturaLegalItemGraphQL@7630695b
2026-07-22 13:24:43.124  WARN 24448 --- [  restartedMain] g.kickstart.tools.SchemaClassScanner     : Root query resolver was provided but no methods on it were used in data fetchers for GraphQL type 'Query'!  Either remove the graphql.kickstart.tools.GraphQLQueryResolver interface from the resolver or remove the resolver entirely: com.franco.dev.graphql.operaciones.RecepcionMercaderiaItemVariacionGraphQL@240d8693
2026-07-22 13:24:43.125  WARN 24448 --- [  restartedMain] g.kickstart.tools.SchemaClassScanner     : Root query resolver was provided but no methods on it were used in data fetchers for GraphQL type 'Query'!  Either remove the graphql.kickstart.tools.GraphQLQueryResolver interface from the resolver or remove the resolver entirely: com.franco.dev.graphql.productos.ProductoExistenciaCostoGraphQL@622ded1e
2026-07-22 13:24:43.130  WARN 24448 --- [  restartedMain] g.kickstart.tools.SchemaClassScanner     : Root mutation resolver was provided but no methods on it were used in data fetchers for GraphQL type 'Mutation'!  Either remove the graphql.kickstart.tools.GraphQLMutationResolver interface from the resolver or remove the resolver entirely: com.franco.dev.graphql.financiero.FacturaLegalItemGraphQL@7630695b
2026-07-22 13:24:43.135  WARN 24448 --- [  restartedMain] g.kickstart.tools.SchemaClassScanner     : Root mutation resolver was provided but no methods on it were used in data fetchers for GraphQL type 'Mutation'!  Either remove the graphql.kickstart.tools.GraphQLMutationResolver interface from the resolver or remove the resolver entirely: com.franco.dev.graphql.print.PrintGraphQL@1f85e8d8
2026-07-22 13:24:43.135  WARN 24448 --- [  restartedMain] g.kickstart.tools.SchemaClassScanner     : Root mutation resolver was provided but no methods on it were used in data fetchers for GraphQL type 'Mutation'!  Either remove the graphql.kickstart.tools.GraphQLMutationResolver interface from the resolver or remove the resolver entirely: com.franco.dev.graphql.productos.ProductoExistenciaCostoGraphQL@622ded1e
2026-07-22 13:24:44.559  WARN 24448 --- [  restartedMain] JpaBaseConfiguration$JpaWebConfiguration : spring.jpa.open-in-view is enabled by default. Therefore, database queries may be performed during view rendering. Explicitly configure spring.jpa.open-in-view to disable this warning
2026-07-22 13:24:45.165  INFO 24448 --- [  restartedMain] o.s.b.w.embedded.tomcat.TomcatWebServer  : Tomcat started on port(s): 8081 (http) with context path ''
2026-07-22 13:24:45.169  INFO 24448 --- [  restartedMain] o.s.b.d.a.OptionalLiveReloadServer       : LiveReload server is running on port 35729
2026-07-22 13:24:45.170  INFO 24448 --- [  restartedMain] o.s.m.s.b.SimpleBrokerMessageHandler     : Starting...
2026-07-22 13:24:45.170  INFO 24448 --- [  restartedMain] o.s.m.s.b.SimpleBrokerMessageHandler     : BrokerAvailabilityEvent[available=true, SimpleBrokerMessageHandler [org.springframework.messaging.simp.broker.DefaultSubscriptionRegistry@7b34672a]]
2026-07-22 13:24:45.171  INFO 24448 --- [  restartedMain] o.s.m.s.b.SimpleBrokerMessageHandler     : Started.
2026-07-22 13:24:45.190  INFO 24448 --- [  restartedMain] com.franco.dev.FrancoSystemsApplication  : Started FrancoSystemsApplication in 37.906 seconds (JVM running for 81311.407)
2026-07-22 13:24:45.201  INFO 24448 --- [  restartedMain] .ConditionEvaluationDeltaLoggingListener : Condition evaluation unchanged
2026-07-22 13:24:51.043  INFO 24448 --- [0.0-8081-exec-1] o.a.c.c.C.[Tomcat].[localhost].[/]       : Initializing Spring DispatcherServlet 'dispatcherServlet'
2026-07-22 13:24:51.043  INFO 24448 --- [0.0-8081-exec-1] o.s.web.servlet.DispatcherServlet        : Initializing Servlet 'dispatcherServlet'
2026-07-22 13:24:51.278  INFO 24448 --- [0.0-8081-exec-1] o.s.b.a.e.web.EndpointLinksResolver      : Exposing 2 endpoint(s) beneath base path '/actuator'
2026-07-22 13:24:51.383  INFO 24448 --- [0.0-8081-exec-1] o.s.web.servlet.DispatcherServlet        : Completed initialization in 340 ms
2026-07-22 13:24:51.435  INFO 24448 --- [0.0-8081-exec-1] o.s.s.web.DefaultSecurityFilterChain     : Will secure any request with [org.springframework.security.web.session.DisableEncodeUrlFilter@42b3cd5a, org.springframework.security.web.context.request.async.WebAsyncManagerIntegrationFilter@68b0e7c8, org.springframework.security.web.context.SecurityContextPersistenceFilter@2c8d6bf3, org.springframework.security.web.header.HeaderWriterFilter@792aebcd, org.springframework.web.filter.CorsFilter@52cdd91d, org.springframework.security.web.authentication.logout.LogoutFilter@411ff9d7, com.franco.dev.security.JwtAuthenticationTokenFilter@6e248e40, org.springframework.security.web.savedrequest.RequestCacheAwareFilter@6b913df8, org.springframework.security.web.servletapi.SecurityContextHolderAwareRequestFilter@6e76316c, org.springframework.security.web.authentication.AnonymousAuthenticationFilter@639d8ec3, org.springframework.security.web.session.SessionManagementFilter@334371d2, org.springframework.security.web.access.ExceptionTranslationFilter@573bc8f0, org.springframework.security.web.access.intercept.FilterSecurityInterceptor@32c0643b]
2026-07-22 13:25:45.069  INFO 24448 --- [MessageBroker-4] c.f.d.s.f.CotizacionMercadoScheduler     : Actualizacion automatica de cotizaciones de mercado
2026-07-22 13:25:46.468  INFO 24448 --- [MessageBroker-4] c.f.d.s.financiero.NorteCambiosScraper   : NorteCambiosScraper: 3 monedas obtenidas de nortecambios
2026-07-22 13:25:46.537  INFO 24448 --- [MessageBroker-4] c.f.d.s.f.CotizacionMercadoScheduler     : CotizacionMercadoScheduler: 3 monedas actualizadas
2026-07-22 13:26:42.313  INFO 24448 --- [   File Watcher] rtingClassPathChangeChangedEventListener : Restarting due to 2146 class path changes (1 addition, 1675 deletions, 470 modifications)
2026-07-22 13:26:42.316  INFO 24448 --- [      Thread-26] o.s.m.s.b.SimpleBrokerMessageHandler     : Stopping...
2026-07-22 13:26:42.316  INFO 24448 --- [      Thread-26] o.s.m.s.b.SimpleBrokerMessageHandler     : BrokerAvailabilityEvent[available=false, SimpleBrokerMessageHandler [org.springframework.messaging.simp.broker.DefaultSubscriptionRegistry@7b34672a]]
2026-07-22 13:26:42.316  INFO 24448 --- [      Thread-26] o.s.m.s.b.SimpleBrokerMessageHandler     : Stopped.
2026-07-22 13:26:42.318  INFO 24448 --- [      Thread-26] o.apache.catalina.core.StandardService   : Stopping service [Tomcat]
2026-07-22 13:26:42.319  INFO 24448 --- [      Thread-26] o.a.c.c.C.[Tomcat].[localhost].[/]       : Destroying Spring FrameworkServlet 'dispatcherServlet'
2026-07-22 13:26:42.321  WARN 24448 --- [      Thread-26] o.a.c.loader.WebappClassLoaderBase       : The web application [ROOT] appears to have started a thread named [Hibernate Search - Engine - Timing thread - 0] but has failed to stop it. This is very likely to create a memory leak. Stack trace of thread:
 java.base@17.0.17/jdk.internal.misc.Unsafe.park(Native Method)
 java.base@17.0.17/java.util.concurrent.locks.LockSupport.parkNanos(LockSupport.java:252)
 java.base@17.0.17/java.util.concurrent.locks.AbstractQueuedSynchronizer$ConditionObject.awaitNanos(AbstractQueuedSynchronizer.java:1679)
 java.base@17.0.17/java.util.concurrent.ScheduledThreadPoolExecutor$DelayedWorkQueue.take(ScheduledThreadPoolExecutor.java:1182)
 java.base@17.0.17/java.util.concurrent.ScheduledThreadPoolExecutor$DelayedWorkQueue.take(ScheduledThreadPoolExecutor.java:899)
 java.base@17.0.17/java.util.concurrent.ThreadPoolExecutor.getTask(ThreadPoolExecutor.java:1062)
 java.base@17.0.17/java.util.concurrent.ThreadPoolExecutor.runWorker(ThreadPoolExecutor.java:1122)
 java.base@17.0.17/java.util.concurrent.ThreadPoolExecutor$Worker.run(ThreadPoolExecutor.java:635)
 java.base@17.0.17/java.lang.Thread.run(Thread.java:840)
2026-07-22 13:26:42.322  WARN 24448 --- [      Thread-26] o.a.c.loader.WebappClassLoaderBase       : The web application [ROOT] appears to have started a thread named [Hibernate Search - default backend - Worker thread - 0] but has failed to stop it. This is very likely to create a memory leak. Stack trace of thread:
 java.base@17.0.17/jdk.internal.misc.Unsafe.park(Native Method)
 java.base@17.0.17/java.util.concurrent.locks.LockSupport.park(LockSupport.java:341)
 java.base@17.0.17/java.util.concurrent.locks.AbstractQueuedSynchronizer$ConditionNode.block(AbstractQueuedSynchronizer.java:506)
 java.base@17.0.17/java.util.concurrent.ForkJoinPool.unmanagedBlock(ForkJoinPool.java:3465)
 java.base@17.0.17/java.util.concurrent.ForkJoinPool.managedBlock(ForkJoinPool.java:3436)
 java.base@17.0.17/java.util.concurrent.locks.AbstractQueuedSynchronizer$ConditionObject.await(AbstractQueuedSynchronizer.java:1630)
 java.base@17.0.17/java.util.concurrent.ScheduledThreadPoolExecutor$DelayedWorkQueue.take(ScheduledThreadPoolExecutor.java:1170)
 java.base@17.0.17/java.util.concurrent.ScheduledThreadPoolExecutor$DelayedWorkQueue.take(ScheduledThreadPoolExecutor.java:899)
 java.base@17.0.17/java.util.concurrent.ThreadPoolExecutor.getTask(ThreadPoolExecutor.java:1062)
 java.base@17.0.17/java.util.concurrent.ThreadPoolExecutor.runWorker(ThreadPoolExecutor.java:1122)
 java.base@17.0.17/java.util.concurrent.ThreadPoolExecutor$Worker.run(ThreadPoolExecutor.java:635)
 java.base@17.0.17/java.lang.Thread.run(Thread.java:840)
2026-07-22 13:26:42.323  WARN 24448 --- [      Thread-26] o.a.c.loader.WebappClassLoaderBase       : The web application [ROOT] appears to have started a thread named [Hibernate Search - default backend - Worker thread - 1] but has failed to stop it. This is very likely to create a memory leak. Stack trace of thread:
 java.base@17.0.17/jdk.internal.misc.Unsafe.park(Native Method)
 java.base@17.0.17/java.util.concurrent.locks.LockSupport.park(LockSupport.java:341)
 java.base@17.0.17/java.util.concurrent.locks.AbstractQueuedSynchronizer$ConditionNode.block(AbstractQueuedSynchronizer.java:506)
 java.base@17.0.17/java.util.concurrent.ForkJoinPool.unmanagedBlock(ForkJoinPool.java:3465)
 java.base@17.0.17/java.util.concurrent.ForkJoinPool.managedBlock(ForkJoinPool.java:3436)
 java.base@17.0.17/java.util.concurrent.locks.AbstractQueuedSynchronizer$ConditionObject.await(AbstractQueuedSynchronizer.java:1630)
 java.base@17.0.17/java.util.concurrent.ScheduledThreadPoolExecutor$DelayedWorkQueue.take(ScheduledThreadPoolExecutor.java:1170)
 java.base@17.0.17/java.util.concurrent.ScheduledThreadPoolExecutor$DelayedWorkQueue.take(ScheduledThreadPoolExecutor.java:899)
 java.base@17.0.17/java.util.concurrent.ThreadPoolExecutor.getTask(ThreadPoolExecutor.java:1062)
 java.base@17.0.17/java.util.concurrent.ThreadPoolExecutor.runWorker(ThreadPoolExecutor.java:1122)
 java.base@17.0.17/java.util.concurrent.ThreadPoolExecutor$Worker.run(ThreadPoolExecutor.java:635)
 java.base@17.0.17/java.lang.Thread.run(Thread.java:840)
2026-07-22 13:26:42.323  WARN 24448 --- [      Thread-26] o.a.c.loader.WebappClassLoaderBase       : The web application [ROOT] appears to have started a thread named [HikariPool-3 housekeeper] but has failed to stop it. This is very likely to create a memory leak. Stack trace of thread:
 java.base@17.0.17/jdk.internal.misc.Unsafe.park(Native Method)
 java.base@17.0.17/java.util.concurrent.locks.LockSupport.parkNanos(LockSupport.java:252)
 java.base@17.0.17/java.util.concurrent.locks.AbstractQueuedSynchronizer$ConditionObject.awaitNanos(AbstractQueuedSynchronizer.java:1679)
 java.base@17.0.17/java.util.concurrent.ScheduledThreadPoolExecutor$DelayedWorkQueue.take(ScheduledThreadPoolExecutor.java:1182)
 java.base@17.0.17/java.util.concurrent.ScheduledThreadPoolExecutor$DelayedWorkQueue.take(ScheduledThreadPoolExecutor.java:899)
 java.base@17.0.17/java.util.concurrent.ThreadPoolExecutor.getTask(ThreadPoolExecutor.java:1062)
 java.base@17.0.17/java.util.concurrent.ThreadPoolExecutor.runWorker(ThreadPoolExecutor.java:1122)
 java.base@17.0.17/java.util.concurrent.ThreadPoolExecutor$Worker.run(ThreadPoolExecutor.java:635)
 java.base@17.0.17/java.lang.Thread.run(Thread.java:840)
2026-07-22 13:26:42.323  WARN 24448 --- [      Thread-26] o.a.c.loader.WebappClassLoaderBase       : The web application [ROOT] appears to have started a thread named [pool-3-thread-1] but has failed to stop it. This is very likely to create a memory leak. Stack trace of thread:
 java.base@17.0.17/jdk.internal.misc.Unsafe.park(Native Method)
 java.base@17.0.17/java.util.concurrent.locks.LockSupport.park(LockSupport.java:341)
 java.base@17.0.17/java.util.concurrent.locks.AbstractQueuedSynchronizer$ConditionNode.block(AbstractQueuedSynchronizer.java:506)
 java.base@17.0.17/java.util.concurrent.ForkJoinPool.unmanagedBlock(ForkJoinPool.java:3465)
 java.base@17.0.17/java.util.concurrent.ForkJoinPool.managedBlock(ForkJoinPool.java:3436)
 java.base@17.0.17/java.util.concurrent.locks.AbstractQueuedSynchronizer$ConditionObject.await(AbstractQueuedSynchronizer.java:1630)
 java.base@17.0.17/java.util.concurrent.ScheduledThreadPoolExecutor$DelayedWorkQueue.take(ScheduledThreadPoolExecutor.java:1170)
 java.base@17.0.17/java.util.concurrent.ScheduledThreadPoolExecutor$DelayedWorkQueue.take(ScheduledThreadPoolExecutor.java:899)
 java.base@17.0.17/java.util.concurrent.ThreadPoolExecutor.getTask(ThreadPoolExecutor.java:1062)
 java.base@17.0.17/java.util.concurrent.ThreadPoolExecutor.runWorker(ThreadPoolExecutor.java:1122)
 java.base@17.0.17/java.util.concurrent.ThreadPoolExecutor$Worker.run(ThreadPoolExecutor.java:635)
 java.base@17.0.17/java.lang.Thread.run(Thread.java:840)
2026-07-22 13:26:42.324  WARN 24448 --- [      Thread-26] o.a.c.loader.WebappClassLoaderBase       : The web application [ROOT] appears to have started a thread named [pool-3-thread-2] but has failed to stop it. This is very likely to create a memory leak. Stack trace of thread:
 java.base@17.0.17/jdk.internal.misc.Unsafe.park(Native Method)
 java.base@17.0.17/java.util.concurrent.locks.LockSupport.park(LockSupport.java:341)
 java.base@17.0.17/java.util.concurrent.locks.AbstractQueuedSynchronizer$ConditionNode.block(AbstractQueuedSynchronizer.java:506)
 java.base@17.0.17/java.util.concurrent.ForkJoinPool.unmanagedBlock(ForkJoinPool.java:3465)
 java.base@17.0.17/java.util.concurrent.ForkJoinPool.managedBlock(ForkJoinPool.java:3436)
 java.base@17.0.17/java.util.concurrent.locks.AbstractQueuedSynchronizer$ConditionObject.await(AbstractQueuedSynchronizer.java:1630)
 java.base@17.0.17/java.util.concurrent.ScheduledThreadPoolExecutor$DelayedWorkQueue.take(ScheduledThreadPoolExecutor.java:1177)
 java.base@17.0.17/java.util.concurrent.ScheduledThreadPoolExecutor$DelayedWorkQueue.take(ScheduledThreadPoolExecutor.java:899)
 java.base@17.0.17/java.util.concurrent.ThreadPoolExecutor.getTask(ThreadPoolExecutor.java:1062)
 java.base@17.0.17/java.util.concurrent.ThreadPoolExecutor.runWorker(ThreadPoolExecutor.java:1122)
 java.base@17.0.17/java.util.concurrent.ThreadPoolExecutor$Worker.run(ThreadPoolExecutor.java:635)
 java.base@17.0.17/java.lang.Thread.run(Thread.java:840)
2026-07-22 13:26:42.324  WARN 24448 --- [      Thread-26] o.a.c.loader.WebappClassLoaderBase       : The web application [ROOT] appears to have started a thread named [pool-3-thread-3] but has failed to stop it. This is very likely to create a memory leak. Stack trace of thread:
 java.base@17.0.17/jdk.internal.misc.Unsafe.park(Native Method)
 java.base@17.0.17/java.util.concurrent.locks.LockSupport.park(LockSupport.java:341)
 java.base@17.0.17/java.util.concurrent.locks.AbstractQueuedSynchronizer$ConditionNode.block(AbstractQueuedSynchronizer.java:506)
 java.base@17.0.17/java.util.concurrent.ForkJoinPool.unmanagedBlock(ForkJoinPool.java:3465)
 java.base@17.0.17/java.util.concurrent.ForkJoinPool.managedBlock(ForkJoinPool.java:3436)
 java.base@17.0.17/java.util.concurrent.locks.AbstractQueuedSynchronizer$ConditionObject.await(AbstractQueuedSynchronizer.java:1630)
 java.base@17.0.17/java.util.concurrent.ScheduledThreadPoolExecutor$DelayedWorkQueue.take(ScheduledThreadPoolExecutor.java:1177)
 java.base@17.0.17/java.util.concurrent.ScheduledThreadPoolExecutor$DelayedWorkQueue.take(ScheduledThreadPoolExecutor.java:899)
 java.base@17.0.17/java.util.concurrent.ThreadPoolExecutor.getTask(ThreadPoolExecutor.java:1062)
 java.base@17.0.17/java.util.concurrent.ThreadPoolExecutor.runWorker(ThreadPoolExecutor.java:1122)
 java.base@17.0.17/java.util.concurrent.ThreadPoolExecutor$Worker.run(ThreadPoolExecutor.java:635)
 java.base@17.0.17/java.lang.Thread.run(Thread.java:840)
2026-07-22 13:26:42.324  WARN 24448 --- [      Thread-26] o.a.c.loader.WebappClassLoaderBase       : The web application [ROOT] appears to have started a thread named [pool-3-thread-4] but has failed to stop it. This is very likely to create a memory leak. Stack trace of thread:
 java.base@17.0.17/jdk.internal.misc.Unsafe.park(Native Method)
 java.base@17.0.17/java.util.concurrent.locks.LockSupport.park(LockSupport.java:341)
 java.base@17.0.17/java.util.concurrent.locks.AbstractQueuedSynchronizer$ConditionNode.block(AbstractQueuedSynchronizer.java:506)
 java.base@17.0.17/java.util.concurrent.ForkJoinPool.unmanagedBlock(ForkJoinPool.java:3465)
 java.base@17.0.17/java.util.concurrent.ForkJoinPool.managedBlock(ForkJoinPool.java:3436)
 java.base@17.0.17/java.util.concurrent.locks.AbstractQueuedSynchronizer$ConditionObject.await(AbstractQueuedSynchronizer.java:1630)
 java.base@17.0.17/java.util.concurrent.ScheduledThreadPoolExecutor$DelayedWorkQueue.take(ScheduledThreadPoolExecutor.java:1177)
 java.base@17.0.17/java.util.concurrent.ScheduledThreadPoolExecutor$DelayedWorkQueue.take(ScheduledThreadPoolExecutor.java:899)
 java.base@17.0.17/java.util.concurrent.ThreadPoolExecutor.getTask(ThreadPoolExecutor.java:1062)
 java.base@17.0.17/java.util.concurrent.ThreadPoolExecutor.runWorker(ThreadPoolExecutor.java:1122)
 java.base@17.0.17/java.util.concurrent.ThreadPoolExecutor$Worker.run(ThreadPoolExecutor.java:635)
 java.base@17.0.17/java.lang.Thread.run(Thread.java:840)
2026-07-22 13:26:42.855  INFO 24448 --- [      Thread-26] j.LocalContainerEntityManagerFactoryBean : Closing JPA EntityManagerFactory for persistence unit 'default'
2026-07-22 13:26:42.859  INFO 24448 --- [      Thread-26] com.zaxxer.hikari.HikariDataSource       : HikariPool-3 - Shutdown initiated...
2026-07-22 13:26:42.871  INFO 24448 --- [      Thread-26] com.zaxxer.hikari.HikariDataSource       : HikariPool-3 - Shutdown completed.
Iniciando sistema
2026-07-22 13:26:43.694 ERROR 24448 --- [  restartedMain] o.s.boot.SpringApplication               : Application run failed

java.lang.IllegalArgumentException: Unable to instantiate com.franco.dev.config.UserDevPropertiesEnvironmentPostProcessor [org.springframework.boot.env.EnvironmentPostProcessor]
	at org.springframework.boot.util.Instantiator.lambda$static$0(Instantiator.java:53) ~[spring-boot-2.7.18.jar:2.7.18]
	at org.springframework.boot.util.Instantiator.instantiate(Instantiator.java:153) ~[spring-boot-2.7.18.jar:2.7.18]
	at java.base/java.util.stream.ReferencePipeline$3$1.accept(ReferencePipeline.java:197) ~[na:na]
	at java.base/java.util.stream.ReferencePipeline$3$1.accept(ReferencePipeline.java:197) ~[na:na]
	at java.base/java.util.ArrayList$ArrayListSpliterator.forEachRemaining(ArrayList.java:1625) ~[na:na]
	at java.base/java.util.stream.AbstractPipeline.copyInto(AbstractPipeline.java:509) ~[na:na]
	at java.base/java.util.stream.AbstractPipeline.wrapAndCopyInto(AbstractPipeline.java:499) ~[na:na]
	at java.base/java.util.stream.ReduceOps$ReduceOp.evaluateSequential(ReduceOps.java:921) ~[na:na]
	at java.base/java.util.stream.AbstractPipeline.evaluate(AbstractPipeline.java:234) ~[na:na]
	at java.base/java.util.stream.ReferencePipeline.collect(ReferencePipeline.java:682) ~[na:na]
	at org.springframework.boot.util.Instantiator.instantiate(Instantiator.java:141) ~[spring-boot-2.7.18.jar:2.7.18]
	at org.springframework.boot.util.Instantiator.instantiate(Instantiator.java:126) ~[spring-boot-2.7.18.jar:2.7.18]
	at org.springframework.boot.env.ReflectionEnvironmentPostProcessorsFactory.getEnvironmentPostProcessors(ReflectionEnvironmentPostProcessorsFactory.java:72) ~[spring-boot-2.7.18.jar:2.7.18]
	at org.springframework.boot.env.EnvironmentPostProcessorApplicationListener.getEnvironmentPostProcessors(EnvironmentPostProcessorApplicationListener.java:122) ~[spring-boot-2.7.18.jar:2.7.18]
	at org.springframework.boot.env.EnvironmentPostProcessorApplicationListener.onApplicationEnvironmentPreparedEvent(EnvironmentPostProcessorApplicationListener.java:100) ~[spring-boot-2.7.18.jar:2.7.18]
	at org.springframework.boot.env.EnvironmentPostProcessorApplicationListener.onApplicationEvent(EnvironmentPostProcessorApplicationListener.java:87) ~[spring-boot-2.7.18.jar:2.7.18]
	at org.springframework.context.event.SimpleApplicationEventMulticaster.doInvokeListener(SimpleApplicationEventMulticaster.java:178) ~[spring-context-5.3.31.jar:5.3.31]
	at org.springframework.context.event.SimpleApplicationEventMulticaster.invokeListener(SimpleApplicationEventMulticaster.java:171) ~[spring-context-5.3.31.jar:5.3.31]
	at org.springframework.context.event.SimpleApplicationEventMulticaster.multicastEvent(SimpleApplicationEventMulticaster.java:145) ~[spring-context-5.3.31.jar:5.3.31]
	at org.springframework.context.event.SimpleApplicationEventMulticaster.multicastEvent(SimpleApplicationEventMulticaster.java:133) ~[spring-context-5.3.31.jar:5.3.31]
	at org.springframework.boot.context.event.EventPublishingRunListener.environmentPrepared(EventPublishingRunListener.java:85) ~[spring-boot-2.7.18.jar:2.7.18]
	at org.springframework.boot.SpringApplicationRunListeners.lambda$environmentPrepared$2(SpringApplicationRunListeners.java:66) ~[spring-boot-2.7.18.jar:2.7.18]
	at java.base/java.util.ArrayList.forEach(ArrayList.java:1511) ~[na:na]
	at org.springframework.boot.SpringApplicationRunListeners.doWithListeners(SpringApplicationRunListeners.java:120) ~[spring-boot-2.7.18.jar:2.7.18]
	at org.springframework.boot.SpringApplicationRunListeners.doWithListeners(SpringApplicationRunListeners.java:114) ~[spring-boot-2.7.18.jar:2.7.18]
	at org.springframework.boot.SpringApplicationRunListeners.environmentPrepared(SpringApplicationRunListeners.java:65) ~[spring-boot-2.7.18.jar:2.7.18]
	at org.springframework.boot.SpringApplication.prepareEnvironment(SpringApplication.java:344) ~[spring-boot-2.7.18.jar:2.7.18]
	at org.springframework.boot.SpringApplication.run(SpringApplication.java:302) ~[spring-boot-2.7.18.jar:2.7.18]
	at org.springframework.boot.SpringApplication.run(SpringApplication.java:1300) ~[spring-boot-2.7.18.jar:2.7.18]
	at org.springframework.boot.SpringApplication.run(SpringApplication.java:1289) ~[spring-boot-2.7.18.jar:2.7.18]
	at com.franco.dev.FrancoSystemsApplication.main(FrancoSystemsApplication.java:45) ~[classes/:na]
	at java.base/jdk.internal.reflect.NativeMethodAccessorImpl.invoke0(Native Method) ~[na:na]
	at java.base/jdk.internal.reflect.NativeMethodAccessorImpl.invoke(NativeMethodAccessorImpl.java:77) ~[na:na]
	at java.base/jdk.internal.reflect.DelegatingMethodAccessorImpl.invoke(DelegatingMethodAccessorImpl.java:43) ~[na:na]
	at java.base/java.lang.reflect.Method.invoke(Method.java:569) ~[na:na]
	at org.springframework.boot.devtools.restart.RestartLauncher.run(RestartLauncher.java:50) ~[spring-boot-devtools-2.7.18.jar:2.7.18]
Caused by: java.lang.ClassNotFoundException: com.franco.dev.config.UserDevPropertiesEnvironmentPostProcessor
	at java.base/jdk.internal.loader.BuiltinClassLoader.loadClass(BuiltinClassLoader.java:641) ~[na:na]
	at java.base/jdk.internal.loader.ClassLoaders$AppClassLoader.loadClass(ClassLoaders.java:188) ~[na:na]
	at java.base/java.lang.ClassLoader.loadClass(ClassLoader.java:525) ~[na:na]
	at java.base/java.lang.Class.forName0(Native Method) ~[na:na]
	at java.base/java.lang.Class.forName(Class.java:469) ~[na:na]
	at org.springframework.boot.devtools.restart.classloader.RestartClassLoader.loadClass(RestartClassLoader.java:145) ~[spring-boot-devtools-2.7.18.jar:2.7.18]
	at java.base/java.lang.ClassLoader.loadClass(ClassLoader.java:525) ~[na:na]
	at java.base/java.lang.Class.forName0(Native Method) ~[na:na]
	at java.base/java.lang.Class.forName(Class.java:469) ~[na:na]
	at org.springframework.util.ClassUtils.forName(ClassUtils.java:291) ~[spring-core-5.3.31.jar:5.3.31]
	at org.springframework.boot.util.Instantiator$TypeSupplier$1.get(Instantiator.java:233) ~[spring-boot-2.7.18.jar:2.7.18]
	at org.springframework.boot.util.Instantiator.instantiate(Instantiator.java:148) ~[spring-boot-2.7.18.jar:2.7.18]
	... 34 common frames omitted

Iniciando sistema
2026-07-22 13:27:24.909 ERROR 24448 --- [  restartedMain] o.s.boot.SpringApplication               : Application run failed

java.lang.IllegalArgumentException: Unable to instantiate com.franco.dev.config.UserDevPropertiesEnvironmentPostProcessor [org.springframework.boot.env.EnvironmentPostProcessor]
	at org.springframework.boot.util.Instantiator.lambda$static$0(Instantiator.java:53) ~[spring-boot-2.7.18.jar:2.7.18]
	at org.springframework.boot.util.Instantiator.instantiate(Instantiator.java:153) ~[spring-boot-2.7.18.jar:2.7.18]
	at java.base/java.util.stream.ReferencePipeline$3$1.accept(ReferencePipeline.java:197) ~[na:na]
	at java.base/java.util.stream.ReferencePipeline$3$1.accept(ReferencePipeline.java:197) ~[na:na]
	at java.base/java.util.ArrayList$ArrayListSpliterator.forEachRemaining(ArrayList.java:1625) ~[na:na]
	at java.base/java.util.stream.AbstractPipeline.copyInto(AbstractPipeline.java:509) ~[na:na]
	at java.base/java.util.stream.AbstractPipeline.wrapAndCopyInto(AbstractPipeline.java:499) ~[na:na]
	at java.base/java.util.stream.ReduceOps$ReduceOp.evaluateSequential(ReduceOps.java:921) ~[na:na]
	at java.base/java.util.stream.AbstractPipeline.evaluate(AbstractPipeline.java:234) ~[na:na]
	at java.base/java.util.stream.ReferencePipeline.collect(ReferencePipeline.java:682) ~[na:na]
	at org.springframework.boot.util.Instantiator.instantiate(Instantiator.java:141) ~[spring-boot-2.7.18.jar:2.7.18]
	at org.springframework.boot.util.Instantiator.instantiate(Instantiator.java:126) ~[spring-boot-2.7.18.jar:2.7.18]
	at org.springframework.boot.env.ReflectionEnvironmentPostProcessorsFactory.getEnvironmentPostProcessors(ReflectionEnvironmentPostProcessorsFactory.java:72) ~[spring-boot-2.7.18.jar:2.7.18]
	at org.springframework.boot.env.EnvironmentPostProcessorApplicationListener.getEnvironmentPostProcessors(EnvironmentPostProcessorApplicationListener.java:122) ~[spring-boot-2.7.18.jar:2.7.18]
	at org.springframework.boot.env.EnvironmentPostProcessorApplicationListener.onApplicationEnvironmentPreparedEvent(EnvironmentPostProcessorApplicationListener.java:100) ~[spring-boot-2.7.18.jar:2.7.18]
	at org.springframework.boot.env.EnvironmentPostProcessorApplicationListener.onApplicationEvent(EnvironmentPostProcessorApplicationListener.java:87) ~[spring-boot-2.7.18.jar:2.7.18]
	at org.springframework.context.event.SimpleApplicationEventMulticaster.doInvokeListener(SimpleApplicationEventMulticaster.java:178) ~[spring-context-5.3.31.jar:5.3.31]
	at org.springframework.context.event.SimpleApplicationEventMulticaster.invokeListener(SimpleApplicationEventMulticaster.java:171) ~[spring-context-5.3.31.jar:5.3.31]
	at org.springframework.context.event.SimpleApplicationEventMulticaster.multicastEvent(SimpleApplicationEventMulticaster.java:145) ~[spring-context-5.3.31.jar:5.3.31]
	at org.springframework.context.event.SimpleApplicationEventMulticaster.multicastEvent(SimpleApplicationEventMulticaster.java:133) ~[spring-context-5.3.31.jar:5.3.31]
	at org.springframework.boot.context.event.EventPublishingRunListener.environmentPrepared(EventPublishingRunListener.java:85) ~[spring-boot-2.7.18.jar:2.7.18]
	at org.springframework.boot.SpringApplicationRunListeners.lambda$environmentPrepared$2(SpringApplicationRunListeners.java:66) ~[spring-boot-2.7.18.jar:2.7.18]
	at java.base/java.util.ArrayList.forEach(ArrayList.java:1511) ~[na:na]
	at org.springframework.boot.SpringApplicationRunListeners.doWithListeners(SpringApplicationRunListeners.java:120) ~[spring-boot-2.7.18.jar:2.7.18]
	at org.springframework.boot.SpringApplicationRunListeners.doWithListeners(SpringApplicationRunListeners.java:114) ~[spring-boot-2.7.18.jar:2.7.18]
	at org.springframework.boot.SpringApplicationRunListeners.environmentPrepared(SpringApplicationRunListeners.java:65) ~[spring-boot-2.7.18.jar:2.7.18]
	at org.springframework.boot.SpringApplication.prepareEnvironment(SpringApplication.java:344) ~[spring-boot-2.7.18.jar:2.7.18]
	at org.springframework.boot.SpringApplication.run(SpringApplication.java:302) ~[spring-boot-2.7.18.jar:2.7.18]
	at org.springframework.boot.SpringApplication.run(SpringApplication.java:1300) ~[spring-boot-2.7.18.jar:2.7.18]
	at org.springframework.boot.SpringApplication.run(SpringApplication.java:1289) ~[spring-boot-2.7.18.jar:2.7.18]
	at com.franco.dev.FrancoSystemsApplication.main(FrancoSystemsApplication.java:45) ~[classes/:na]
	at java.base/jdk.internal.reflect.NativeMethodAccessorImpl.invoke0(Native Method) ~[na:na]
	at java.base/jdk.internal.reflect.NativeMethodAccessorImpl.invoke(NativeMethodAccessorImpl.java:77) ~[na:na]
	at java.base/jdk.internal.reflect.DelegatingMethodAccessorImpl.invoke(DelegatingMethodAccessorImpl.java:43) ~[na:na]
	at java.base/java.lang.reflect.Method.invoke(Method.java:569) ~[na:na]
	at org.springframework.boot.devtools.restart.RestartLauncher.run(RestartLauncher.java:50) ~[spring-boot-devtools-2.7.18.jar:2.7.18]
Caused by: java.lang.ClassNotFoundException: com.franco.dev.config.UserDevPropertiesEnvironmentPostProcessor
	at java.base/jdk.internal.loader.BuiltinClassLoader.loadClass(BuiltinClassLoader.java:641) ~[na:na]
	at java.base/jdk.internal.loader.ClassLoaders$AppClassLoader.loadClass(ClassLoaders.java:188) ~[na:na]
	at java.base/java.lang.ClassLoader.loadClass(ClassLoader.java:525) ~[na:na]
	at java.base/java.lang.Class.forName0(Native Method) ~[na:na]
	at java.base/java.lang.Class.forName(Class.java:469) ~[na:na]
	at org.springframework.boot.devtools.restart.classloader.RestartClassLoader.loadClass(RestartClassLoader.java:145) ~[spring-boot-devtools-2.7.18.jar:2.7.18]
	at java.base/java.lang.ClassLoader.loadClass(ClassLoader.java:525) ~[na:na]
	at java.base/java.lang.Class.forName0(Native Method) ~[na:na]
	at java.base/java.lang.Class.forName(Class.java:469) ~[na:na]
	at org.springframework.util.ClassUtils.forName(ClassUtils.java:291) ~[spring-core-5.3.31.jar:5.3.31]
	at org.springframework.boot.util.Instantiator$TypeSupplier$1.get(Instantiator.java:233) ~[spring-boot-2.7.18.jar:2.7.18]
	at org.springframework.boot.util.Instantiator.instantiate(Instantiator.java:148) ~[spring-boot-2.7.18.jar:2.7.18]
	... 34 common frames omitted

Iniciando sistema

  .   ____          _            __ _ _
 /\\ / ___'_ __ _ _(_)_ __  __ _ \ \ \ \
( ( )\___ | '_ | '_| | '_ \/ _` | \ \ \ \
 \\/  ___)| |_)| | | | | || (_| |  ) ) ) )
  '  |____| .__|_| |_|_| |_\__, | / / / /
 =========|_|==============|___/=/_/_/_/
 :: Spring Boot ::               (v2.7.18)

2026-07-22 13:27:49.714  INFO 24448 --- [  restartedMain] com.franco.dev.FrancoSystemsApplication  : Starting FrancoSystemsApplication using Java 17.0.17 on IMACs-iMac.local with PID 24448 (/Users/gabfranck/workspace/frc-sistemas-informaticos/frc-comercial/central/target/classes started by gabfranck in /Users/gabfranck/workspace/frc-sistemas-informaticos/frc-comercial/central)
2026-07-22 13:27:49.714  INFO 24448 --- [  restartedMain] com.franco.dev.FrancoSystemsApplication  : The following 1 profile is active: "dev"
2026-07-22 13:27:51.943  INFO 24448 --- [  restartedMain] .s.d.r.c.RepositoryConfigurationDelegate : Bootstrapping Spring Data JPA repositories in DEFAULT mode.
2026-07-22 13:27:53.756  INFO 24448 --- [  restartedMain] .s.d.r.c.RepositoryConfigurationDelegate : Finished Spring Data repository scanning in 1812 ms. Found 220 JPA repository interfaces.
2026-07-22 13:27:55.167  INFO 24448 --- [  restartedMain] o.s.b.w.embedded.tomcat.TomcatWebServer  : Tomcat initialized with port(s): 8081 (http)
2026-07-22 13:27:55.169  INFO 24448 --- [  restartedMain] o.apache.catalina.core.StandardService   : Starting service [Tomcat]
2026-07-22 13:27:55.170  INFO 24448 --- [  restartedMain] org.apache.catalina.core.StandardEngine  : Starting Servlet engine: [Apache Tomcat/9.0.83]
2026-07-22 13:27:55.201  INFO 24448 --- [  restartedMain] o.a.c.c.C.[Tomcat].[localhost].[/]       : Initializing Spring embedded WebApplicationContext
2026-07-22 13:27:55.201  INFO 24448 --- [  restartedMain] w.s.c.ServletWebServerApplicationContext : Root WebApplicationContext: initialization completed in 5483 ms
2026-07-22 13:27:55.435  INFO 24448 --- [  restartedMain] c.f.d.c.RetryableDatabasePostProcessor   : -----> configuring a retryable datasource for beanName = dataSource
2026-07-22 13:27:55.459  INFO 24448 --- [  restartedMain] c.f.dev.config.multitenant.FlywayConfig  : Scanning for duplicate migrations in: target/classes/db/migration
2026-07-22 13:27:55.464  INFO 24448 --- [  restartedMain] c.f.dev.config.multitenant.FlywayConfig  : Duplicate migration cleanup complete
2026-07-22 13:27:55.473  INFO 24448 --- [  restartedMain] o.f.c.internal.license.VersionPrinter    : Flyway Community Edition 8.5.13 by Redgate
2026-07-22 13:27:55.473  INFO 24448 --- [  restartedMain] o.f.c.internal.license.VersionPrinter    : See what's new here: https://flywaydb.org/documentation/learnmore/releaseNotes#8.5.13
2026-07-22 13:27:55.473  INFO 24448 --- [  restartedMain] o.f.c.internal.license.VersionPrinter    : 
2026-07-22 13:27:55.486  INFO 24448 --- [  restartedMain] o.f.c.i.resource.ResourceNameValidator   : 1 SQL migrations were detected but not run because they did not follow the filename convention.
2026-07-22 13:27:55.486  INFO 24448 --- [  restartedMain] o.f.c.i.resource.ResourceNameValidator   : If this is in error, enable debug logging or 'validateMigrationNaming' to fail fast and see a list of the invalid file names.
2026-07-22 13:27:55.503  INFO 24448 --- [  restartedMain] o.f.c.i.database.base.BaseDatabaseType   : Database: jdbc:postgresql://localhost:5551/bodega_producto_devoluciones (PostgreSQL 16.4)
2026-07-22 13:27:55.506  WARN 24448 --- [  restartedMain] o.f.c.internal.database.base.Database    : Flyway upgrade recommended: PostgreSQL 16.4 is newer than this version of Flyway and support has not been tested. The latest supported version of PostgreSQL is 14.
2026-07-22 13:27:55.520  INFO 24448 --- [  restartedMain] o.f.c.i.s.JdbcTableSchemaHistory         : Repair of failed migration in Schema History table "public"."flyway_schema_history" not necessary. No failed migration detected.
2026-07-22 13:27:55.753  INFO 24448 --- [  restartedMain] o.f.core.internal.command.DbRepair       : Successfully repaired schema history table "public"."flyway_schema_history" (execution time 00:00.245s).
2026-07-22 13:27:55.755  INFO 24448 --- [  restartedMain] o.f.c.internal.license.VersionPrinter    : Flyway Community Edition 8.5.13 by Redgate
2026-07-22 13:27:55.756  INFO 24448 --- [  restartedMain] o.f.c.internal.license.VersionPrinter    : See what's new here: https://flywaydb.org/documentation/learnmore/releaseNotes#8.5.13
2026-07-22 13:27:55.756  INFO 24448 --- [  restartedMain] o.f.c.internal.license.VersionPrinter    : 
2026-07-22 13:27:55.760  INFO 24448 --- [  restartedMain] o.f.c.i.resource.ResourceNameValidator   : 1 SQL migrations were detected but not run because they did not follow the filename convention.
2026-07-22 13:27:55.760  INFO 24448 --- [  restartedMain] o.f.c.i.resource.ResourceNameValidator   : If this is in error, enable debug logging or 'validateMigrationNaming' to fail fast and see a list of the invalid file names.
2026-07-22 13:27:55.768  WARN 24448 --- [  restartedMain] o.f.c.internal.database.base.Database    : Flyway upgrade recommended: PostgreSQL 16.4 is newer than this version of Flyway and support has not been tested. The latest supported version of PostgreSQL is 14.
2026-07-22 13:27:55.960  INFO 24448 --- [  restartedMain] o.f.core.internal.command.DbMigrate      : Current version of schema "public": 164.1
2026-07-22 13:27:55.960  WARN 24448 --- [  restartedMain] o.f.core.internal.command.DbMigrate      : outOfOrder mode is active. Migration of schema "public" may not be reproducible.
2026-07-22 13:27:56.007  INFO 24448 --- [  restartedMain] o.f.core.internal.command.DbMigrate      : Migrating schema "public" to version "165.0 - rrhh justificativo documento"
2026-07-22 13:27:56.067  INFO 24448 --- [  restartedMain] o.f.core.internal.command.DbMigrate      : Successfully applied 1 migration to schema "public", now at version v165.0 (execution time 00:00.295s)
2026-07-22 13:27:56.231  INFO 24448 --- [  restartedMain] o.hibernate.jpa.internal.util.LogHelper  : HHH000204: Processing PersistenceUnitInfo [name: default]
2026-07-22 13:27:56.257  INFO 24448 --- [  restartedMain] org.hibernate.dialect.Dialect            : HHH000400: Using dialect: org.hibernate.dialect.PostgreSQLDialect
2026-07-22 13:27:56.618  INFO 24448 --- [  restartedMain] b.i.HibernateSearchPreIntegrationService : HSEARCH000034: Hibernate Search version 6.2.5.Final
2026-07-22 13:27:58.936  INFO 24448 --- [  restartedMain] o.h.e.t.j.p.i.JtaPlatformInitiator       : HHH000490: Using JtaPlatform implementation: [org.hibernate.engine.transaction.jta.platform.internal.NoJtaPlatform]
2026-07-22 13:27:59.648  WARN 24448 --- [  restartedMain] o.h.s.b.l.impl.LuceneBackendFactory      : HSEARCH000075: Missing value for configuration property 'hibernate.search.backend.lucene_version': using LATEST (currently '8.11.2'). Context: default backend
2026-07-22 13:27:59.666  WARN 24448 --- [  restartedMain] o.h.s.e.c.s.ConfigurationPropertyChecker : HSEARCH000568: Invalid configuration passed to Hibernate Search: some properties in the given configuration are not used. There might be misspelled property keys in your configuration. Unused properties: [hibernate.search.indexing.automatic.enabled]. To disable this warning, set the property 'hibernate.search.configuration_property_checking.strategy' to 'ignore'.
2026-07-22 13:27:59.666  INFO 24448 --- [  restartedMain] j.LocalContainerEntityManagerFactoryBean : Initialized JPA EntityManagerFactory for persistence unit 'default'
2026-07-22 13:27:59.898  WARN 24448 --- [  restartedMain] o.h.dialect.function.TemplateRenderer    : HHH000174: Function template anticipated 4 arguments, but 1 arguments encountered
2026-07-22 13:28:00.103  WARN 24448 --- [  restartedMain] c.franco.dev.service.utils.ImageService  : Mac OS X
2026-07-22 13:28:00.126  INFO 24448 --- [  restartedMain] com.zaxxer.hikari.HikariDataSource       : HikariPool-4 - Starting...
2026-07-22 13:28:00.133  INFO 24448 --- [  restartedMain] com.zaxxer.hikari.HikariDataSource       : HikariPool-4 - Start completed.
2026-07-22 13:28:00.192  INFO 24448 --- [  restartedMain] c.f.d.s.p.UsuarioEmbeddingCacheService   : Caché de embeddings faciales: 0 usuarios activos con galería
2026-07-22 13:28:06.968  INFO 24448 --- [  restartedMain] c.franco.dev.fmc.service.FCMInitializer  : Initializing Firebase using config path: file:/opt/frc-backend-central/central/secrets/bodega-franco-frc-18e8c6ef35cf.json
2026-07-22 13:28:06.968 ERROR 24448 --- [  restartedMain] c.franco.dev.fmc.service.FCMInitializer  : Error initializing Firebase: config file not found at file:/opt/frc-backend-central/central/secrets/bodega-franco-frc-18e8c6ef35cf.json
2026-07-22 13:28:12.518  WARN 24448 --- [  restartedMain] o.h.dialect.function.TemplateRenderer    : HHH000174: Function template anticipated 4 arguments, but 1 arguments encountered
2026-07-22 13:28:12.518  WARN 24448 --- [  restartedMain] o.h.dialect.function.TemplateRenderer    : HHH000174: Function template anticipated 4 arguments, but 1 arguments encountered
2026-07-22 13:28:12.518  WARN 24448 --- [  restartedMain] o.h.dialect.function.TemplateRenderer    : HHH000174: Function template anticipated 4 arguments, but 1 arguments encountered
2026-07-22 13:28:12.518  WARN 24448 --- [  restartedMain] o.h.dialect.function.TemplateRenderer    : HHH000174: Function template anticipated 4 arguments, but 1 arguments encountered
2026-07-22 13:29:00.373  WARN 24448 --- [  restartedMain] g.kickstart.tools.SchemaClassScanner     : Cannot find definition for field 'estado: EstadoDE' on input type 'DocumentoElectronicoInput' -> com.franco.dev.graphql.financiero.input.DocumentoElectronicoInput. Try adding it manually to the dictionary
2026-07-22 13:29:01.727  WARN 24448 --- [  restartedMain] g.kickstart.tools.SchemaClassScanner     : Cannot find definition for field 'creadoEn: Date' on input type 'BarrioInput' -> com.franco.dev.graphql.general.input.BarrioInput. Try adding it manually to the dictionary
2026-07-22 13:29:01.843  WARN 24448 --- [  restartedMain] g.kickstart.tools.SchemaClassScanner     : Cannot find definition for field 'creadoEn: Date' on input type 'ContactoInput' -> com.franco.dev.graphql.general.input.ContactoInput. Try adding it manually to the dictionary
2026-07-22 13:29:01.859  WARN 24448 --- [  restartedMain] g.kickstart.tools.SchemaClassScanner     : Cannot find definition for field 'creadoEn: Date' on input type 'PaisInput' -> com.franco.dev.graphql.general.input.PaisInput. Try adding it manually to the dictionary
2026-07-22 13:29:04.242  WARN 24448 --- [  restartedMain] g.kickstart.tools.SchemaClassScanner     : Cannot find definition for field 'estadoVerificacion: EstadoVerificacion' on input type 'RecepcionMercaderiaItemInput' -> com.franco.dev.graphql.operaciones.input.RecepcionMercaderiaItemInput. Try adding it manually to the dictionary
2026-07-22 13:29:05.039  WARN 24448 --- [  restartedMain] g.kickstart.tools.SchemaClassScanner     : Cannot find definition for field 'creadoEn: Date' on input type 'ClienteInput' -> com.franco.dev.graphql.personas.input.ClienteInput. Try adding it manually to the dictionary
2026-07-22 13:29:05.139  WARN 24448 --- [  restartedMain] g.kickstart.tools.SchemaClassScanner     : Cannot find definition for field 'creadoEn: Date' on input type 'ProveedorDiasVisitaInput' -> com.franco.dev.graphql.personas.input.ProveedorDiasVisitaInput. Try adding it manually to the dictionary
2026-07-22 13:29:09.473  WARN 24448 --- [  restartedMain] g.kickstart.tools.SchemaClassScanner     : Schema type was defined but can never be accessed, and can be safely deleted: DateTime
2026-07-22 13:29:09.473  WARN 24448 --- [  restartedMain] g.kickstart.tools.SchemaClassScanner     : Schema type was defined but can never be accessed, and can be safely deleted: NotificacionPush
2026-07-22 13:29:09.473  WARN 24448 --- [  restartedMain] g.kickstart.tools.SchemaClassScanner     : Schema type was defined but can never be accessed, and can be safely deleted: ChequePage
2026-07-22 13:29:09.473  WARN 24448 --- [  restartedMain] g.kickstart.tools.SchemaClassScanner     : Schema type was defined but can never be accessed, and can be safely deleted: ChequeraPage
2026-07-22 13:29:09.473  WARN 24448 --- [  restartedMain] g.kickstart.tools.SchemaClassScanner     : Schema type was defined but can never be accessed, and can be safely deleted: EventoCancelacionDEInput
2026-07-22 13:29:09.473  WARN 24448 --- [  restartedMain] g.kickstart.tools.SchemaClassScanner     : Schema type was defined but can never be accessed, and can be safely deleted: EventoNominacionDEInput
2026-07-22 13:29:09.473  WARN 24448 --- [  restartedMain] g.kickstart.tools.SchemaClassScanner     : Schema type was defined but can never be accessed, and can be safely deleted: EventoInutilizacionDEInput
2026-07-22 13:29:09.473  WARN 24448 --- [  restartedMain] g.kickstart.tools.SchemaClassScanner     : Schema type was defined but can never be accessed, and can be safely deleted: Meses
2026-07-22 13:29:09.474  WARN 24448 --- [  restartedMain] g.kickstart.tools.SchemaClassScanner     : Schema type was defined but can never be accessed, and can be safely deleted: DeliveryUpdate
2026-07-22 13:29:09.474  WARN 24448 --- [  restartedMain] g.kickstart.tools.SchemaClassScanner     : Schema type was defined but can never be accessed, and can be safely deleted: ResumenMovimientoStock
2026-07-22 13:29:09.474  WARN 24448 --- [  restartedMain] g.kickstart.tools.SchemaClassScanner     : Schema type was defined but can never be accessed, and can be safely deleted: PagoDetallePage
2026-07-22 13:29:09.474  WARN 24448 --- [  restartedMain] g.kickstart.tools.SchemaClassScanner     : Schema type was defined but can never be accessed, and can be safely deleted: PagoPage
2026-07-22 13:29:09.474  WARN 24448 --- [  restartedMain] g.kickstart.tools.SchemaClassScanner     : Schema type was defined but can never be accessed, and can be safely deleted: SolicitudPagoMultipleRecepcionesInput
2026-07-22 13:29:09.474  WARN 24448 --- [  restartedMain] g.kickstart.tools.SchemaClassScanner     : Schema type was defined but can never be accessed, and can be safely deleted: SolicitudPagoNotaRecepcionInput
2026-07-22 13:29:09.474  WARN 24448 --- [  restartedMain] g.kickstart.tools.SchemaClassScanner     : Schema type was defined but can never be accessed, and can be safely deleted: PrintData
2026-07-22 13:29:09.474  WARN 24448 --- [  restartedMain] g.kickstart.tools.SchemaClassScanner     : Schema type was defined but can never be accessed, and can be safely deleted: ExistenciaCostoPorSucursal
2026-07-22 13:29:09.474  WARN 24448 --- [  restartedMain] g.kickstart.tools.SchemaClassScanner     : Schema type was defined but can never be accessed, and can be safely deleted: ProductoExistenciaCostos
2026-07-22 13:29:09.474  WARN 24448 --- [  restartedMain] g.kickstart.tools.SchemaClassScanner     : Schema type was defined but can never be accessed, and can be safely deleted: MultiPageInput
2026-07-22 13:29:09.478  WARN 24448 --- [  restartedMain] g.kickstart.tools.SchemaClassScanner     : Root query resolver was provided but no methods on it were used in data fetchers for GraphQL type 'Query'!  Either remove the graphql.kickstart.tools.GraphQLQueryResolver interface from the resolver or remove the resolver entirely: com.franco.dev.graphql.financiero.FacturaLegalItemGraphQL@41e3c7e5
2026-07-22 13:29:09.479  WARN 24448 --- [  restartedMain] g.kickstart.tools.SchemaClassScanner     : Root query resolver was provided but no methods on it were used in data fetchers for GraphQL type 'Query'!  Either remove the graphql.kickstart.tools.GraphQLQueryResolver interface from the resolver or remove the resolver entirely: com.franco.dev.graphql.operaciones.RecepcionMercaderiaItemVariacionGraphQL@10f04867
2026-07-22 13:29:09.479  WARN 24448 --- [  restartedMain] g.kickstart.tools.SchemaClassScanner     : Root query resolver was provided but no methods on it were used in data fetchers for GraphQL type 'Query'!  Either remove the graphql.kickstart.tools.GraphQLQueryResolver interface from the resolver or remove the resolver entirely: com.franco.dev.graphql.productos.ProductoExistenciaCostoGraphQL@1640185e
2026-07-22 13:29:09.480  WARN 24448 --- [  restartedMain] g.kickstart.tools.SchemaClassScanner     : Root mutation resolver was provided but no methods on it were used in data fetchers for GraphQL type 'Mutation'!  Either remove the graphql.kickstart.tools.GraphQLMutationResolver interface from the resolver or remove the resolver entirely: com.franco.dev.graphql.financiero.FacturaLegalItemGraphQL@41e3c7e5
2026-07-22 13:29:09.484  WARN 24448 --- [  restartedMain] g.kickstart.tools.SchemaClassScanner     : Root mutation resolver was provided but no methods on it were used in data fetchers for GraphQL type 'Mutation'!  Either remove the graphql.kickstart.tools.GraphQLMutationResolver interface from the resolver or remove the resolver entirely: com.franco.dev.graphql.print.PrintGraphQL@22e26886
2026-07-22 13:29:09.484  WARN 24448 --- [  restartedMain] g.kickstart.tools.SchemaClassScanner     : Root mutation resolver was provided but no methods on it were used in data fetchers for GraphQL type 'Mutation'!  Either remove the graphql.kickstart.tools.GraphQLMutationResolver interface from the resolver or remove the resolver entirely: com.franco.dev.graphql.productos.ProductoExistenciaCostoGraphQL@1640185e
2026-07-22 13:29:11.825  WARN 24448 --- [  restartedMain] JpaBaseConfiguration$JpaWebConfiguration : spring.jpa.open-in-view is enabled by default. Therefore, database queries may be performed during view rendering. Explicitly configure spring.jpa.open-in-view to disable this warning
2026-07-22 13:29:14.005  INFO 24448 --- [  restartedMain] o.s.b.w.embedded.tomcat.TomcatWebServer  : Tomcat started on port(s): 8081 (http) with context path ''
2026-07-22 13:29:14.012  INFO 24448 --- [  restartedMain] o.s.b.d.a.OptionalLiveReloadServer       : LiveReload server is running on port 35729
2026-07-22 13:29:14.018  INFO 24448 --- [  restartedMain] o.s.m.s.b.SimpleBrokerMessageHandler     : Starting...
2026-07-22 13:29:14.019  INFO 24448 --- [  restartedMain] o.s.m.s.b.SimpleBrokerMessageHandler     : BrokerAvailabilityEvent[available=true, SimpleBrokerMessageHandler [org.springframework.messaging.simp.broker.DefaultSubscriptionRegistry@551b57ed]]
2026-07-22 13:29:14.020  INFO 24448 --- [  restartedMain] o.s.m.s.b.SimpleBrokerMessageHandler     : Started.
2026-07-22 13:29:14.111  INFO 24448 --- [  restartedMain] com.franco.dev.FrancoSystemsApplication  : Started FrancoSystemsApplication in 84.458 seconds (JVM running for 81580.455)
2026-07-22 13:29:14.126  INFO 24448 --- [  restartedMain] .ConditionEvaluationDeltaLoggingListener : Condition evaluation unchanged
2026-07-22 13:30:08.210  INFO 24448 --- [0.0-8081-exec-1] o.a.c.c.C.[Tomcat].[localhost].[/]       : Initializing Spring DispatcherServlet 'dispatcherServlet'
2026-07-22 13:30:08.211  INFO 24448 --- [0.0-8081-exec-1] o.s.web.servlet.DispatcherServlet        : Initializing Servlet 'dispatcherServlet'
2026-07-22 13:30:09.044  INFO 24448 --- [0.0-8081-exec-3] o.s.b.a.e.web.EndpointLinksResolver      : Exposing 2 endpoint(s) beneath base path '/actuator'
2026-07-22 13:30:09.081  INFO 24448 --- [0.0-8081-exec-3] o.s.s.web.DefaultSecurityFilterChain     : Will secure any request with [org.springframework.security.web.session.DisableEncodeUrlFilter@6a72c943, org.springframework.security.web.context.request.async.WebAsyncManagerIntegrationFilter@333045e, org.springframework.security.web.context.SecurityContextPersistenceFilter@59ff8657, org.springframework.security.web.header.HeaderWriterFilter@3fb6438, org.springframework.web.filter.CorsFilter@18f60f85, org.springframework.security.web.authentication.logout.LogoutFilter@7e13cd87, com.franco.dev.security.JwtAuthenticationTokenFilter@5c732aae, org.springframework.security.web.savedrequest.RequestCacheAwareFilter@1183bf06, org.springframework.security.web.servletapi.SecurityContextHolderAwareRequestFilter@4981d3aa, org.springframework.security.web.authentication.AnonymousAuthenticationFilter@68815a03, org.springframework.security.web.session.SessionManagementFilter@1550f71c, org.springframework.security.web.access.ExceptionTranslationFilter@7687d678, org.springframework.security.web.access.intercept.FilterSecurityInterceptor@1c4d9949]
Successfully Authentication
Successfully Authentication
2026-07-22 13:30:09.166  INFO 24448 --- [0.0-8081-exec-1] o.s.web.servlet.DispatcherServlet        : Completed initialization in 955 ms
Successfully Authentication
Successfully Authentication
Successfully Authentication
Successfully Authentication
Successfully Authentication
Successfully Authentication
Successfully Authentication
Successfully Authentication
Successfully Authentication
Successfully Authentication
Successfully Authentication
Successfully Authentication
Successfully Authentication
Successfully Authentication
Successfully Authentication
Successfully Authentication
Successfully Authentication
Successfully Authentication
2026-07-22 13:30:14.106  INFO 24448 --- [MessageBroker-3] c.f.d.s.f.CotizacionMercadoScheduler     : Actualizacion automatica de cotizaciones de mercado
2026-07-22 13:30:15.495  INFO 24448 --- [MessageBroker-3] c.f.d.s.financiero.NorteCambiosScraper   : NorteCambiosScraper: 3 monedas obtenidas de nortecambios
2026-07-22 13:30:15.612  INFO 24448 --- [MessageBroker-3] c.f.d.s.f.CotizacionMercadoScheduler     : CotizacionMercadoScheduler: 3 monedas actualizadas
2026-07-22 13:31:12.603  INFO 24448 --- [   File Watcher] rtingClassPathChangeChangedEventListener : Restarting due to 2147 class path changes (1 addition, 1675 deletions, 471 modifications)
2026-07-22 13:31:12.607  INFO 24448 --- [      Thread-35] o.s.m.s.b.SimpleBrokerMessageHandler     : Stopping...
2026-07-22 13:31:12.607  INFO 24448 --- [      Thread-35] o.s.m.s.b.SimpleBrokerMessageHandler     : BrokerAvailabilityEvent[available=false, SimpleBrokerMessageHandler [org.springframework.messaging.simp.broker.DefaultSubscriptionRegistry@551b57ed]]
2026-07-22 13:31:12.607  INFO 24448 --- [      Thread-35] o.s.m.s.b.SimpleBrokerMessageHandler     : Stopped.
2026-07-22 13:31:12.611  INFO 24448 --- [      Thread-35] o.apache.catalina.core.StandardService   : Stopping service [Tomcat]
2026-07-22 13:31:12.612  INFO 24448 --- [      Thread-35] o.a.c.c.C.[Tomcat].[localhost].[/]       : Destroying Spring FrameworkServlet 'dispatcherServlet'
2026-07-22 13:31:12.616  WARN 24448 --- [      Thread-35] o.a.c.loader.WebappClassLoaderBase       : The web application [ROOT] appears to have started a thread named [Hibernate Search - Engine - Timing thread - 0] but has failed to stop it. This is very likely to create a memory leak. Stack trace of thread:
 java.base@17.0.17/jdk.internal.misc.Unsafe.park(Native Method)
 java.base@17.0.17/java.util.concurrent.locks.LockSupport.parkNanos(LockSupport.java:252)
 java.base@17.0.17/java.util.concurrent.locks.AbstractQueuedSynchronizer$ConditionObject.awaitNanos(AbstractQueuedSynchronizer.java:1679)
 java.base@17.0.17/java.util.concurrent.ScheduledThreadPoolExecutor$DelayedWorkQueue.take(ScheduledThreadPoolExecutor.java:1182)
 java.base@17.0.17/java.util.concurrent.ScheduledThreadPoolExecutor$DelayedWorkQueue.take(ScheduledThreadPoolExecutor.java:899)
 java.base@17.0.17/java.util.concurrent.ThreadPoolExecutor.getTask(ThreadPoolExecutor.java:1062)
 java.base@17.0.17/java.util.concurrent.ThreadPoolExecutor.runWorker(ThreadPoolExecutor.java:1122)
 java.base@17.0.17/java.util.concurrent.ThreadPoolExecutor$Worker.run(ThreadPoolExecutor.java:635)
 java.base@17.0.17/java.lang.Thread.run(Thread.java:840)
2026-07-22 13:31:12.617  WARN 24448 --- [      Thread-35] o.a.c.loader.WebappClassLoaderBase       : The web application [ROOT] appears to have started a thread named [Hibernate Search - default backend - Worker thread - 0] but has failed to stop it. This is very likely to create a memory leak. Stack trace of thread:
 java.base@17.0.17/jdk.internal.misc.Unsafe.park(Native Method)
 java.base@17.0.17/java.util.concurrent.locks.LockSupport.park(LockSupport.java:341)
 java.base@17.0.17/java.util.concurrent.locks.AbstractQueuedSynchronizer$ConditionNode.block(AbstractQueuedSynchronizer.java:506)
 java.base@17.0.17/java.util.concurrent.ForkJoinPool.unmanagedBlock(ForkJoinPool.java:3465)
 java.base@17.0.17/java.util.concurrent.ForkJoinPool.managedBlock(ForkJoinPool.java:3436)
 java.base@17.0.17/java.util.concurrent.locks.AbstractQueuedSynchronizer$ConditionObject.await(AbstractQueuedSynchronizer.java:1630)
 java.base@17.0.17/java.util.concurrent.ScheduledThreadPoolExecutor$DelayedWorkQueue.take(ScheduledThreadPoolExecutor.java:1170)
 java.base@17.0.17/java.util.concurrent.ScheduledThreadPoolExecutor$DelayedWorkQueue.take(ScheduledThreadPoolExecutor.java:899)
 java.base@17.0.17/java.util.concurrent.ThreadPoolExecutor.getTask(ThreadPoolExecutor.java:1062)
 java.base@17.0.17/java.util.concurrent.ThreadPoolExecutor.runWorker(ThreadPoolExecutor.java:1122)
 java.base@17.0.17/java.util.concurrent.ThreadPoolExecutor$Worker.run(ThreadPoolExecutor.java:635)
 java.base@17.0.17/java.lang.Thread.run(Thread.java:840)
2026-07-22 13:31:12.617  WARN 24448 --- [      Thread-35] o.a.c.loader.WebappClassLoaderBase       : The web application [ROOT] appears to have started a thread named [Hibernate Search - default backend - Worker thread - 1] but has failed to stop it. This is very likely to create a memory leak. Stack trace of thread:
 java.base@17.0.17/jdk.internal.misc.Unsafe.park(Native Method)
 java.base@17.0.17/java.util.concurrent.locks.LockSupport.park(LockSupport.java:341)
 java.base@17.0.17/java.util.concurrent.locks.AbstractQueuedSynchronizer$ConditionNode.block(AbstractQueuedSynchronizer.java:506)
 java.base@17.0.17/java.util.concurrent.ForkJoinPool.unmanagedBlock(ForkJoinPool.java:3465)
 java.base@17.0.17/java.util.concurrent.ForkJoinPool.managedBlock(ForkJoinPool.java:3436)
 java.base@17.0.17/java.util.concurrent.locks.AbstractQueuedSynchronizer$ConditionObject.await(AbstractQueuedSynchronizer.java:1630)
 java.base@17.0.17/java.util.concurrent.ScheduledThreadPoolExecutor$DelayedWorkQueue.take(ScheduledThreadPoolExecutor.java:1170)
 java.base@17.0.17/java.util.concurrent.ScheduledThreadPoolExecutor$DelayedWorkQueue.take(ScheduledThreadPoolExecutor.java:899)
 java.base@17.0.17/java.util.concurrent.ThreadPoolExecutor.getTask(ThreadPoolExecutor.java:1062)
 java.base@17.0.17/java.util.concurrent.ThreadPoolExecutor.runWorker(ThreadPoolExecutor.java:1122)
 java.base@17.0.17/java.util.concurrent.ThreadPoolExecutor$Worker.run(ThreadPoolExecutor.java:635)
 java.base@17.0.17/java.lang.Thread.run(Thread.java:840)
2026-07-22 13:31:12.618  WARN 24448 --- [      Thread-35] o.a.c.loader.WebappClassLoaderBase       : The web application [ROOT] appears to have started a thread named [HikariPool-4 housekeeper] but has failed to stop it. This is very likely to create a memory leak. Stack trace of thread:
 java.base@17.0.17/jdk.internal.misc.Unsafe.park(Native Method)
 java.base@17.0.17/java.util.concurrent.locks.LockSupport.parkNanos(LockSupport.java:252)
 java.base@17.0.17/java.util.concurrent.locks.AbstractQueuedSynchronizer$ConditionObject.awaitNanos(AbstractQueuedSynchronizer.java:1679)
 java.base@17.0.17/java.util.concurrent.ScheduledThreadPoolExecutor$DelayedWorkQueue.take(ScheduledThreadPoolExecutor.java:1182)
 java.base@17.0.17/java.util.concurrent.ScheduledThreadPoolExecutor$DelayedWorkQueue.take(ScheduledThreadPoolExecutor.java:899)
 java.base@17.0.17/java.util.concurrent.ThreadPoolExecutor.getTask(ThreadPoolExecutor.java:1062)
 java.base@17.0.17/java.util.concurrent.ThreadPoolExecutor.runWorker(ThreadPoolExecutor.java:1122)
 java.base@17.0.17/java.util.concurrent.ThreadPoolExecutor$Worker.run(ThreadPoolExecutor.java:635)
 java.base@17.0.17/java.lang.Thread.run(Thread.java:840)
2026-07-22 13:31:12.618  WARN 24448 --- [      Thread-35] o.a.c.loader.WebappClassLoaderBase       : The web application [ROOT] appears to have started a thread named [pool-4-thread-1] but has failed to stop it. This is very likely to create a memory leak. Stack trace of thread:
 java.base@17.0.17/jdk.internal.misc.Unsafe.park(Native Method)
 java.base@17.0.17/java.util.concurrent.locks.LockSupport.park(LockSupport.java:341)
 java.base@17.0.17/java.util.concurrent.locks.AbstractQueuedSynchronizer$ConditionNode.block(AbstractQueuedSynchronizer.java:506)
 java.base@17.0.17/java.util.concurrent.ForkJoinPool.unmanagedBlock(ForkJoinPool.java:3465)
 java.base@17.0.17/java.util.concurrent.ForkJoinPool.managedBlock(ForkJoinPool.java:3436)
 java.base@17.0.17/java.util.concurrent.locks.AbstractQueuedSynchronizer$ConditionObject.await(AbstractQueuedSynchronizer.java:1630)
 java.base@17.0.17/java.util.concurrent.ScheduledThreadPoolExecutor$DelayedWorkQueue.take(ScheduledThreadPoolExecutor.java:1177)
 java.base@17.0.17/java.util.concurrent.ScheduledThreadPoolExecutor$DelayedWorkQueue.take(ScheduledThreadPoolExecutor.java:899)
 java.base@17.0.17/java.util.concurrent.ThreadPoolExecutor.getTask(ThreadPoolExecutor.java:1062)
 java.base@17.0.17/java.util.concurrent.ThreadPoolExecutor.runWorker(ThreadPoolExecutor.java:1122)
 java.base@17.0.17/java.util.concurrent.ThreadPoolExecutor$Worker.run(ThreadPoolExecutor.java:635)
 java.base@17.0.17/java.lang.Thread.run(Thread.java:840)
2026-07-22 13:31:12.618  WARN 24448 --- [      Thread-35] o.a.c.loader.WebappClassLoaderBase       : The web application [ROOT] appears to have started a thread named [pool-4-thread-2] but has failed to stop it. This is very likely to create a memory leak. Stack trace of thread:
 java.base@17.0.17/jdk.internal.misc.Unsafe.park(Native Method)
 java.base@17.0.17/java.util.concurrent.locks.LockSupport.parkNanos(LockSupport.java:252)
 java.base@17.0.17/java.util.concurrent.locks.AbstractQueuedSynchronizer$ConditionObject.awaitNanos(AbstractQueuedSynchronizer.java:1679)
 java.base@17.0.17/java.util.concurrent.ScheduledThreadPoolExecutor$DelayedWorkQueue.take(ScheduledThreadPoolExecutor.java:1182)
 java.base@17.0.17/java.util.concurrent.ScheduledThreadPoolExecutor$DelayedWorkQueue.take(ScheduledThreadPoolExecutor.java:899)
 java.base@17.0.17/java.util.concurrent.ThreadPoolExecutor.getTask(ThreadPoolExecutor.java:1062)
 java.base@17.0.17/java.util.concurrent.ThreadPoolExecutor.runWorker(ThreadPoolExecutor.java:1122)
 java.base@17.0.17/java.util.concurrent.ThreadPoolExecutor$Worker.run(ThreadPoolExecutor.java:635)
 java.base@17.0.17/java.lang.Thread.run(Thread.java:840)
2026-07-22 13:31:12.619  WARN 24448 --- [      Thread-35] o.a.c.loader.WebappClassLoaderBase       : The web application [ROOT] appears to have started a thread named [pool-4-thread-3] but has failed to stop it. This is very likely to create a memory leak. Stack trace of thread:
 java.base@17.0.17/jdk.internal.misc.Unsafe.park(Native Method)
 java.base@17.0.17/java.util.concurrent.locks.LockSupport.park(LockSupport.java:341)
 java.base@17.0.17/java.util.concurrent.locks.AbstractQueuedSynchronizer$ConditionNode.block(AbstractQueuedSynchronizer.java:506)
 java.base@17.0.17/java.util.concurrent.ForkJoinPool.unmanagedBlock(ForkJoinPool.java:3465)
 java.base@17.0.17/java.util.concurrent.ForkJoinPool.managedBlock(ForkJoinPool.java:3436)
 java.base@17.0.17/java.util.concurrent.locks.AbstractQueuedSynchronizer$ConditionObject.await(AbstractQueuedSynchronizer.java:1630)
 java.base@17.0.17/java.util.concurrent.ScheduledThreadPoolExecutor$DelayedWorkQueue.take(ScheduledThreadPoolExecutor.java:1177)
 java.base@17.0.17/java.util.concurrent.ScheduledThreadPoolExecutor$DelayedWorkQueue.take(ScheduledThreadPoolExecutor.java:899)
 java.base@17.0.17/java.util.concurrent.ThreadPoolExecutor.getTask(ThreadPoolExecutor.java:1062)
 java.base@17.0.17/java.util.concurrent.ThreadPoolExecutor.runWorker(ThreadPoolExecutor.java:1122)
 java.base@17.0.17/java.util.concurrent.ThreadPoolExecutor$Worker.run(ThreadPoolExecutor.java:635)
 java.base@17.0.17/java.lang.Thread.run(Thread.java:840)
2026-07-22 13:31:12.619  WARN 24448 --- [      Thread-35] o.a.c.loader.WebappClassLoaderBase       : The web application [ROOT] appears to have started a thread named [pool-4-thread-4] but has failed to stop it. This is very likely to create a memory leak. Stack trace of thread:
 java.base@17.0.17/jdk.internal.misc.Unsafe.park(Native Method)
 java.base@17.0.17/java.util.concurrent.locks.LockSupport.park(LockSupport.java:341)
 java.base@17.0.17/java.util.concurrent.locks.AbstractQueuedSynchronizer$ConditionNode.block(AbstractQueuedSynchronizer.java:506)
 java.base@17.0.17/java.util.concurrent.ForkJoinPool.unmanagedBlock(ForkJoinPool.java:3465)
 java.base@17.0.17/java.util.concurrent.ForkJoinPool.managedBlock(ForkJoinPool.java:3436)
 java.base@17.0.17/java.util.concurrent.locks.AbstractQueuedSynchronizer$ConditionObject.await(AbstractQueuedSynchronizer.java:1630)
 java.base@17.0.17/java.util.concurrent.ScheduledThreadPoolExecutor$DelayedWorkQueue.take(ScheduledThreadPoolExecutor.java:1177)
 java.base@17.0.17/java.util.concurrent.ScheduledThreadPoolExecutor$DelayedWorkQueue.take(ScheduledThreadPoolExecutor.java:899)
 java.base@17.0.17/java.util.concurrent.ThreadPoolExecutor.getTask(ThreadPoolExecutor.java:1062)
 java.base@17.0.17/java.util.concurrent.ThreadPoolExecutor.runWorker(ThreadPoolExecutor.java:1122)
 java.base@17.0.17/java.util.concurrent.ThreadPoolExecutor$Worker.run(ThreadPoolExecutor.java:635)
 java.base@17.0.17/java.lang.Thread.run(Thread.java:840)
2026-07-22 13:31:12.620  WARN 24448 --- [      Thread-35] o.a.c.loader.WebappClassLoaderBase       : The web application [ROOT] appears to have started a thread named [pool-4-thread-5] but has failed to stop it. This is very likely to create a memory leak. Stack trace of thread:
 java.base@17.0.17/jdk.internal.misc.Unsafe.park(Native Method)
 java.base@17.0.17/java.util.concurrent.locks.LockSupport.park(LockSupport.java:341)
 java.base@17.0.17/java.util.concurrent.locks.AbstractQueuedSynchronizer$ConditionNode.block(AbstractQueuedSynchronizer.java:506)
 java.base@17.0.17/java.util.concurrent.ForkJoinPool.unmanagedBlock(ForkJoinPool.java:3465)
 java.base@17.0.17/java.util.concurrent.ForkJoinPool.managedBlock(ForkJoinPool.java:3436)
 java.base@17.0.17/java.util.concurrent.locks.AbstractQueuedSynchronizer$ConditionObject.await(AbstractQueuedSynchronizer.java:1630)
 java.base@17.0.17/java.util.concurrent.ScheduledThreadPoolExecutor$DelayedWorkQueue.take(ScheduledThreadPoolExecutor.java:1177)
 java.base@17.0.17/java.util.concurrent.ScheduledThreadPoolExecutor$DelayedWorkQueue.take(ScheduledThreadPoolExecutor.java:899)
 java.base@17.0.17/java.util.concurrent.ThreadPoolExecutor.getTask(ThreadPoolExecutor.java:1062)
 java.base@17.0.17/java.util.concurrent.ThreadPoolExecutor.runWorker(ThreadPoolExecutor.java:1122)
 java.base@17.0.17/java.util.concurrent.ThreadPoolExecutor$Worker.run(ThreadPoolExecutor.java:635)
 java.base@17.0.17/java.lang.Thread.run(Thread.java:840)
2026-07-22 13:31:12.621  WARN 24448 --- [      Thread-35] o.a.c.loader.WebappClassLoaderBase       : The web application [ROOT] appears to have started a thread named [pool-4-thread-6] but has failed to stop it. This is very likely to create a memory leak. Stack trace of thread:
 java.base@17.0.17/jdk.internal.misc.Unsafe.park(Native Method)
 java.base@17.0.17/java.util.concurrent.locks.LockSupport.park(LockSupport.java:341)
 java.base@17.0.17/java.util.concurrent.locks.AbstractQueuedSynchronizer$ConditionNode.block(AbstractQueuedSynchronizer.java:506)
 java.base@17.0.17/java.util.concurrent.ForkJoinPool.unmanagedBlock(ForkJoinPool.java:3465)
 java.base@17.0.17/java.util.concurrent.ForkJoinPool.managedBlock(ForkJoinPool.java:3436)
 java.base@17.0.17/java.util.concurrent.locks.AbstractQueuedSynchronizer$ConditionObject.await(AbstractQueuedSynchronizer.java:1630)
 java.base@17.0.17/java.util.concurrent.ScheduledThreadPoolExecutor$DelayedWorkQueue.take(ScheduledThreadPoolExecutor.java:1177)
 java.base@17.0.17/java.util.concurrent.ScheduledThreadPoolExecutor$DelayedWorkQueue.take(ScheduledThreadPoolExecutor.java:899)
 java.base@17.0.17/java.util.concurrent.ThreadPoolExecutor.getTask(ThreadPoolExecutor.java:1062)
 java.base@17.0.17/java.util.concurrent.ThreadPoolExecutor.runWorker(ThreadPoolExecutor.java:1122)
 java.base@17.0.17/java.util.concurrent.ThreadPoolExecutor$Worker.run(ThreadPoolExecutor.java:635)
 java.base@17.0.17/java.lang.Thread.run(Thread.java:840)
2026-07-22 13:31:12.882  INFO 24448 --- [      Thread-35] j.LocalContainerEntityManagerFactoryBean : Closing JPA EntityManagerFactory for persistence unit 'default'
2026-07-22 13:31:12.888  INFO 24448 --- [      Thread-35] com.zaxxer.hikari.HikariDataSource       : HikariPool-4 - Shutdown initiated...
2026-07-22 13:31:12.896  INFO 24448 --- [      Thread-35] com.zaxxer.hikari.HikariDataSource       : HikariPool-4 - Shutdown completed.
Iniciando sistema
2026-07-22 13:31:13.626 ERROR 24448 --- [  restartedMain] o.s.boot.SpringApplication               : Application run failed

java.lang.IllegalArgumentException: Unable to instantiate com.franco.dev.config.UserDevPropertiesEnvironmentPostProcessor [org.springframework.boot.env.EnvironmentPostProcessor]
	at org.springframework.boot.util.Instantiator.lambda$static$0(Instantiator.java:53) ~[spring-boot-2.7.18.jar:2.7.18]
	at org.springframework.boot.util.Instantiator.instantiate(Instantiator.java:153) ~[spring-boot-2.7.18.jar:2.7.18]
	at java.base/java.util.stream.ReferencePipeline$3$1.accept(ReferencePipeline.java:197) ~[na:na]
	at java.base/java.util.stream.ReferencePipeline$3$1.accept(ReferencePipeline.java:197) ~[na:na]
	at java.base/java.util.ArrayList$ArrayListSpliterator.forEachRemaining(ArrayList.java:1625) ~[na:na]
	at java.base/java.util.stream.AbstractPipeline.copyInto(AbstractPipeline.java:509) ~[na:na]
	at java.base/java.util.stream.AbstractPipeline.wrapAndCopyInto(AbstractPipeline.java:499) ~[na:na]
	at java.base/java.util.stream.ReduceOps$ReduceOp.evaluateSequential(ReduceOps.java:921) ~[na:na]
	at java.base/java.util.stream.AbstractPipeline.evaluate(AbstractPipeline.java:234) ~[na:na]
	at java.base/java.util.stream.ReferencePipeline.collect(ReferencePipeline.java:682) ~[na:na]
	at org.springframework.boot.util.Instantiator.instantiate(Instantiator.java:141) ~[spring-boot-2.7.18.jar:2.7.18]
	at org.springframework.boot.util.Instantiator.instantiate(Instantiator.java:126) ~[spring-boot-2.7.18.jar:2.7.18]
	at org.springframework.boot.env.ReflectionEnvironmentPostProcessorsFactory.getEnvironmentPostProcessors(ReflectionEnvironmentPostProcessorsFactory.java:72) ~[spring-boot-2.7.18.jar:2.7.18]
	at org.springframework.boot.env.EnvironmentPostProcessorApplicationListener.getEnvironmentPostProcessors(EnvironmentPostProcessorApplicationListener.java:122) ~[spring-boot-2.7.18.jar:2.7.18]
	at org.springframework.boot.env.EnvironmentPostProcessorApplicationListener.onApplicationEnvironmentPreparedEvent(EnvironmentPostProcessorApplicationListener.java:100) ~[spring-boot-2.7.18.jar:2.7.18]
	at org.springframework.boot.env.EnvironmentPostProcessorApplicationListener.onApplicationEvent(EnvironmentPostProcessorApplicationListener.java:87) ~[spring-boot-2.7.18.jar:2.7.18]
	at org.springframework.context.event.SimpleApplicationEventMulticaster.doInvokeListener(SimpleApplicationEventMulticaster.java:178) ~[spring-context-5.3.31.jar:5.3.31]
	at org.springframework.context.event.SimpleApplicationEventMulticaster.invokeListener(SimpleApplicationEventMulticaster.java:171) ~[spring-context-5.3.31.jar:5.3.31]
	at org.springframework.context.event.SimpleApplicationEventMulticaster.multicastEvent(SimpleApplicationEventMulticaster.java:145) ~[spring-context-5.3.31.jar:5.3.31]
	at org.springframework.context.event.SimpleApplicationEventMulticaster.multicastEvent(SimpleApplicationEventMulticaster.java:133) ~[spring-context-5.3.31.jar:5.3.31]
	at org.springframework.boot.context.event.EventPublishingRunListener.environmentPrepared(EventPublishingRunListener.java:85) ~[spring-boot-2.7.18.jar:2.7.18]
	at org.springframework.boot.SpringApplicationRunListeners.lambda$environmentPrepared$2(SpringApplicationRunListeners.java:66) ~[spring-boot-2.7.18.jar:2.7.18]
	at java.base/java.util.ArrayList.forEach(ArrayList.java:1511) ~[na:na]
	at org.springframework.boot.SpringApplicationRunListeners.doWithListeners(SpringApplicationRunListeners.java:120) ~[spring-boot-2.7.18.jar:2.7.18]
	at org.springframework.boot.SpringApplicationRunListeners.doWithListeners(SpringApplicationRunListeners.java:114) ~[spring-boot-2.7.18.jar:2.7.18]
	at org.springframework.boot.SpringApplicationRunListeners.environmentPrepared(SpringApplicationRunListeners.java:65) ~[spring-boot-2.7.18.jar:2.7.18]
	at org.springframework.boot.SpringApplication.prepareEnvironment(SpringApplication.java:344) ~[spring-boot-2.7.18.jar:2.7.18]
	at org.springframework.boot.SpringApplication.run(SpringApplication.java:302) ~[spring-boot-2.7.18.jar:2.7.18]
	at org.springframework.boot.SpringApplication.run(SpringApplication.java:1300) ~[spring-boot-2.7.18.jar:2.7.18]
	at org.springframework.boot.SpringApplication.run(SpringApplication.java:1289) ~[spring-boot-2.7.18.jar:2.7.18]
	at com.franco.dev.FrancoSystemsApplication.main(FrancoSystemsApplication.java:45) ~[classes/:na]
	at java.base/jdk.internal.reflect.NativeMethodAccessorImpl.invoke0(Native Method) ~[na:na]
	at java.base/jdk.internal.reflect.NativeMethodAccessorImpl.invoke(NativeMethodAccessorImpl.java:77) ~[na:na]
	at java.base/jdk.internal.reflect.DelegatingMethodAccessorImpl.invoke(DelegatingMethodAccessorImpl.java:43) ~[na:na]
	at java.base/java.lang.reflect.Method.invoke(Method.java:569) ~[na:na]
	at org.springframework.boot.devtools.restart.RestartLauncher.run(RestartLauncher.java:50) ~[spring-boot-devtools-2.7.18.jar:2.7.18]
Caused by: java.lang.ClassNotFoundException: com.franco.dev.config.UserDevPropertiesEnvironmentPostProcessor
	at java.base/jdk.internal.loader.BuiltinClassLoader.loadClass(BuiltinClassLoader.java:641) ~[na:na]
	at java.base/jdk.internal.loader.ClassLoaders$AppClassLoader.loadClass(ClassLoaders.java:188) ~[na:na]
	at java.base/java.lang.ClassLoader.loadClass(ClassLoader.java:525) ~[na:na]
	at java.base/java.lang.Class.forName0(Native Method) ~[na:na]
	at java.base/java.lang.Class.forName(Class.java:469) ~[na:na]
	at org.springframework.boot.devtools.restart.classloader.RestartClassLoader.loadClass(RestartClassLoader.java:145) ~[spring-boot-devtools-2.7.18.jar:2.7.18]
	at java.base/java.lang.ClassLoader.loadClass(ClassLoader.java:525) ~[na:na]
	at java.base/java.lang.Class.forName0(Native Method) ~[na:na]
	at java.base/java.lang.Class.forName(Class.java:469) ~[na:na]
	at org.springframework.util.ClassUtils.forName(ClassUtils.java:291) ~[spring-core-5.3.31.jar:5.3.31]
	at org.springframework.boot.util.Instantiator$TypeSupplier$1.get(Instantiator.java:233) ~[spring-boot-2.7.18.jar:2.7.18]
	at org.springframework.boot.util.Instantiator.instantiate(Instantiator.java:148) ~[spring-boot-2.7.18.jar:2.7.18]
	... 34 common frames omitted

Iniciando sistema

  .   ____          _            __ _ _
 /\\ / ___'_ __ _ _(_)_ __  __ _ \ \ \ \
( ( )\___ | '_ | '_| | '_ \/ _` | \ \ \ \
 \\/  ___)| |_)| | | | | || (_| |  ) ) ) )
  '  |____| .__|_| |_|_| |_\__, | / / / /
 =========|_|==============|___/=/_/_/_/
 :: Spring Boot ::               (v2.7.18)

2026-07-22 13:31:49.825  INFO 24448 --- [  restartedMain] com.franco.dev.FrancoSystemsApplication  : Starting FrancoSystemsApplication using Java 17.0.17 on IMACs-iMac.local with PID 24448 (/Users/gabfranck/workspace/frc-sistemas-informaticos/frc-comercial/central/target/classes started by gabfranck in /Users/gabfranck/workspace/frc-sistemas-informaticos/frc-comercial/central)
2026-07-22 13:31:49.825  INFO 24448 --- [  restartedMain] com.franco.dev.FrancoSystemsApplication  : The following 1 profile is active: "dev"
2026-07-22 13:31:50.817  INFO 24448 --- [  restartedMain] .s.d.r.c.RepositoryConfigurationDelegate : Bootstrapping Spring Data JPA repositories in DEFAULT mode.
2026-07-22 13:31:51.292  INFO 24448 --- [  restartedMain] .s.d.r.c.RepositoryConfigurationDelegate : Finished Spring Data repository scanning in 474 ms. Found 221 JPA repository interfaces.
2026-07-22 13:31:51.949  INFO 24448 --- [  restartedMain] o.s.b.w.embedded.tomcat.TomcatWebServer  : Tomcat initialized with port(s): 8081 (http)
2026-07-22 13:31:51.950  INFO 24448 --- [  restartedMain] o.apache.catalina.core.StandardService   : Starting service [Tomcat]
2026-07-22 13:31:51.950  INFO 24448 --- [  restartedMain] org.apache.catalina.core.StandardEngine  : Starting Servlet engine: [Apache Tomcat/9.0.83]
2026-07-22 13:31:51.976  INFO 24448 --- [  restartedMain] o.a.c.c.C.[Tomcat].[localhost].[/]       : Initializing Spring embedded WebApplicationContext
2026-07-22 13:31:51.976  INFO 24448 --- [  restartedMain] w.s.c.ServletWebServerApplicationContext : Root WebApplicationContext: initialization completed in 2149 ms
2026-07-22 13:31:52.195  INFO 24448 --- [  restartedMain] c.f.d.c.RetryableDatabasePostProcessor   : -----> configuring a retryable datasource for beanName = dataSource
2026-07-22 13:31:52.214  INFO 24448 --- [  restartedMain] c.f.dev.config.multitenant.FlywayConfig  : Scanning for duplicate migrations in: target/classes/db/migration
2026-07-22 13:31:52.219  INFO 24448 --- [  restartedMain] c.f.dev.config.multitenant.FlywayConfig  : Duplicate migration cleanup complete
2026-07-22 13:31:52.228  INFO 24448 --- [  restartedMain] o.f.c.internal.license.VersionPrinter    : Flyway Community Edition 8.5.13 by Redgate
2026-07-22 13:31:52.228  INFO 24448 --- [  restartedMain] o.f.c.internal.license.VersionPrinter    : See what's new here: https://flywaydb.org/documentation/learnmore/releaseNotes#8.5.13
2026-07-22 13:31:52.228  INFO 24448 --- [  restartedMain] o.f.c.internal.license.VersionPrinter    : 
2026-07-22 13:31:52.240  INFO 24448 --- [  restartedMain] o.f.c.i.resource.ResourceNameValidator   : 1 SQL migrations were detected but not run because they did not follow the filename convention.
2026-07-22 13:31:52.240  INFO 24448 --- [  restartedMain] o.f.c.i.resource.ResourceNameValidator   : If this is in error, enable debug logging or 'validateMigrationNaming' to fail fast and see a list of the invalid file names.
2026-07-22 13:31:52.252  INFO 24448 --- [  restartedMain] o.f.c.i.database.base.BaseDatabaseType   : Database: jdbc:postgresql://localhost:5551/bodega_producto_devoluciones (PostgreSQL 16.4)
2026-07-22 13:31:52.253  WARN 24448 --- [  restartedMain] o.f.c.internal.database.base.Database    : Flyway upgrade recommended: PostgreSQL 16.4 is newer than this version of Flyway and support has not been tested. The latest supported version of PostgreSQL is 14.
2026-07-22 13:31:52.261  INFO 24448 --- [  restartedMain] o.f.c.i.s.JdbcTableSchemaHistory         : Repair of failed migration in Schema History table "public"."flyway_schema_history" not necessary. No failed migration detected.
2026-07-22 13:31:52.378  INFO 24448 --- [  restartedMain] o.f.core.internal.command.DbRepair       : Successfully repaired schema history table "public"."flyway_schema_history" (execution time 00:00.124s).
2026-07-22 13:31:52.379  INFO 24448 --- [  restartedMain] o.f.c.internal.license.VersionPrinter    : Flyway Community Edition 8.5.13 by Redgate
2026-07-22 13:31:52.379  INFO 24448 --- [  restartedMain] o.f.c.internal.license.VersionPrinter    : See what's new here: https://flywaydb.org/documentation/learnmore/releaseNotes#8.5.13
2026-07-22 13:31:52.379  INFO 24448 --- [  restartedMain] o.f.c.internal.license.VersionPrinter    : 
2026-07-22 13:31:52.383  INFO 24448 --- [  restartedMain] o.f.c.i.resource.ResourceNameValidator   : 1 SQL migrations were detected but not run because they did not follow the filename convention.
2026-07-22 13:31:52.383  INFO 24448 --- [  restartedMain] o.f.c.i.resource.ResourceNameValidator   : If this is in error, enable debug logging or 'validateMigrationNaming' to fail fast and see a list of the invalid file names.
2026-07-22 13:31:52.390  WARN 24448 --- [  restartedMain] o.f.c.internal.database.base.Database    : Flyway upgrade recommended: PostgreSQL 16.4 is newer than this version of Flyway and support has not been tested. The latest supported version of PostgreSQL is 14.
2026-07-22 13:31:52.460  INFO 24448 --- [  restartedMain] o.f.core.internal.command.DbMigrate      : Current version of schema "public": 165.0
2026-07-22 13:31:52.460  WARN 24448 --- [  restartedMain] o.f.core.internal.command.DbMigrate      : outOfOrder mode is active. Migration of schema "public" may not be reproducible.
2026-07-22 13:31:52.464  INFO 24448 --- [  restartedMain] o.f.core.internal.command.DbMigrate      : Migrating schema "public" to version "166.0 - rrhh configuracion historico"
2026-07-22 13:31:52.500  INFO 24448 --- [  restartedMain] o.f.core.internal.command.DbMigrate      : Successfully applied 1 migration to schema "public", now at version v166.0 (execution time 00:00.105s)
2026-07-22 13:31:52.605  INFO 24448 --- [  restartedMain] o.hibernate.jpa.internal.util.LogHelper  : HHH000204: Processing PersistenceUnitInfo [name: default]
2026-07-22 13:31:52.624  INFO 24448 --- [  restartedMain] org.hibernate.dialect.Dialect            : HHH000400: Using dialect: org.hibernate.dialect.PostgreSQLDialect
2026-07-22 13:31:52.937  INFO 24448 --- [  restartedMain] b.i.HibernateSearchPreIntegrationService : HSEARCH000034: Hibernate Search version 6.2.5.Final
2026-07-22 13:31:55.036  INFO 24448 --- [  restartedMain] o.h.e.t.j.p.i.JtaPlatformInitiator       : HHH000490: Using JtaPlatform implementation: [org.hibernate.engine.transaction.jta.platform.internal.NoJtaPlatform]
2026-07-22 13:31:55.727  WARN 24448 --- [  restartedMain] o.h.s.b.l.impl.LuceneBackendFactory      : HSEARCH000075: Missing value for configuration property 'hibernate.search.backend.lucene_version': using LATEST (currently '8.11.2'). Context: default backend
2026-07-22 13:31:55.757  WARN 24448 --- [  restartedMain] o.h.s.e.c.s.ConfigurationPropertyChecker : HSEARCH000568: Invalid configuration passed to Hibernate Search: some properties in the given configuration are not used. There might be misspelled property keys in your configuration. Unused properties: [hibernate.search.indexing.automatic.enabled]. To disable this warning, set the property 'hibernate.search.configuration_property_checking.strategy' to 'ignore'.
2026-07-22 13:31:55.757  INFO 24448 --- [  restartedMain] j.LocalContainerEntityManagerFactoryBean : Initialized JPA EntityManagerFactory for persistence unit 'default'
2026-07-22 13:31:56.174  WARN 24448 --- [  restartedMain] o.h.dialect.function.TemplateRenderer    : HHH000174: Function template anticipated 4 arguments, but 1 arguments encountered
2026-07-22 13:31:56.421  WARN 24448 --- [  restartedMain] c.franco.dev.service.utils.ImageService  : Mac OS X
2026-07-22 13:31:56.443  INFO 24448 --- [  restartedMain] com.zaxxer.hikari.HikariDataSource       : HikariPool-5 - Starting...
2026-07-22 13:31:56.450  INFO 24448 --- [  restartedMain] com.zaxxer.hikari.HikariDataSource       : HikariPool-5 - Start completed.
2026-07-22 13:31:56.511  INFO 24448 --- [  restartedMain] c.f.d.s.p.UsuarioEmbeddingCacheService   : Caché de embeddings faciales: 0 usuarios activos con galería
2026-07-22 13:31:59.994  INFO 24448 --- [  restartedMain] c.franco.dev.fmc.service.FCMInitializer  : Initializing Firebase using config path: file:/opt/frc-backend-central/central/secrets/bodega-franco-frc-18e8c6ef35cf.json
2026-07-22 13:31:59.994 ERROR 24448 --- [  restartedMain] c.franco.dev.fmc.service.FCMInitializer  : Error initializing Firebase: config file not found at file:/opt/frc-backend-central/central/secrets/bodega-franco-frc-18e8c6ef35cf.json
2026-07-22 13:32:03.372  WARN 24448 --- [  restartedMain] o.h.dialect.function.TemplateRenderer    : HHH000174: Function template anticipated 4 arguments, but 1 arguments encountered
2026-07-22 13:32:03.373  WARN 24448 --- [  restartedMain] o.h.dialect.function.TemplateRenderer    : HHH000174: Function template anticipated 4 arguments, but 1 arguments encountered
2026-07-22 13:32:03.373  WARN 24448 --- [  restartedMain] o.h.dialect.function.TemplateRenderer    : HHH000174: Function template anticipated 4 arguments, but 1 arguments encountered
2026-07-22 13:32:03.373  WARN 24448 --- [  restartedMain] o.h.dialect.function.TemplateRenderer    : HHH000174: Function template anticipated 4 arguments, but 1 arguments encountered
2026-07-22 13:32:24.455  WARN 24448 --- [  restartedMain] g.kickstart.tools.SchemaClassScanner     : Cannot find definition for field 'estado: EstadoDE' on input type 'DocumentoElectronicoInput' -> com.franco.dev.graphql.financiero.input.DocumentoElectronicoInput. Try adding it manually to the dictionary
2026-07-22 13:32:25.437  WARN 24448 --- [  restartedMain] g.kickstart.tools.SchemaClassScanner     : Cannot find definition for field 'creadoEn: Date' on input type 'BarrioInput' -> com.franco.dev.graphql.general.input.BarrioInput. Try adding it manually to the dictionary
2026-07-22 13:32:25.456  WARN 24448 --- [  restartedMain] g.kickstart.tools.SchemaClassScanner     : Cannot find definition for field 'creadoEn: Date' on input type 'ContactoInput' -> com.franco.dev.graphql.general.input.ContactoInput. Try adding it manually to the dictionary
2026-07-22 13:32:25.508  WARN 24448 --- [  restartedMain] g.kickstart.tools.SchemaClassScanner     : Cannot find definition for field 'creadoEn: Date' on input type 'PaisInput' -> com.franco.dev.graphql.general.input.PaisInput. Try adding it manually to the dictionary
2026-07-22 13:32:26.408  WARN 24448 --- [  restartedMain] g.kickstart.tools.SchemaClassScanner     : Cannot find definition for field 'estadoVerificacion: EstadoVerificacion' on input type 'RecepcionMercaderiaItemInput' -> com.franco.dev.graphql.operaciones.input.RecepcionMercaderiaItemInput. Try adding it manually to the dictionary
2026-07-22 13:32:26.833  WARN 24448 --- [  restartedMain] g.kickstart.tools.SchemaClassScanner     : Cannot find definition for field 'creadoEn: Date' on input type 'ClienteInput' -> com.franco.dev.graphql.personas.input.ClienteInput. Try adding it manually to the dictionary
2026-07-22 13:32:26.882  WARN 24448 --- [  restartedMain] g.kickstart.tools.SchemaClassScanner     : Cannot find definition for field 'creadoEn: Date' on input type 'ProveedorDiasVisitaInput' -> com.franco.dev.graphql.personas.input.ProveedorDiasVisitaInput. Try adding it manually to the dictionary
2026-07-22 13:32:28.777  WARN 24448 --- [  restartedMain] g.kickstart.tools.SchemaClassScanner     : Schema type was defined but can never be accessed, and can be safely deleted: DateTime
2026-07-22 13:32:28.777  WARN 24448 --- [  restartedMain] g.kickstart.tools.SchemaClassScanner     : Schema type was defined but can never be accessed, and can be safely deleted: NotificacionPush
2026-07-22 13:32:28.777  WARN 24448 --- [  restartedMain] g.kickstart.tools.SchemaClassScanner     : Schema type was defined but can never be accessed, and can be safely deleted: ChequePage
2026-07-22 13:32:28.777  WARN 24448 --- [  restartedMain] g.kickstart.tools.SchemaClassScanner     : Schema type was defined but can never be accessed, and can be safely deleted: ChequeraPage
2026-07-22 13:32:28.777  WARN 24448 --- [  restartedMain] g.kickstart.tools.SchemaClassScanner     : Schema type was defined but can never be accessed, and can be safely deleted: EventoCancelacionDEInput
2026-07-22 13:32:28.777  WARN 24448 --- [  restartedMain] g.kickstart.tools.SchemaClassScanner     : Schema type was defined but can never be accessed, and can be safely deleted: EventoNominacionDEInput
2026-07-22 13:32:28.777  WARN 24448 --- [  restartedMain] g.kickstart.tools.SchemaClassScanner     : Schema type was defined but can never be accessed, and can be safely deleted: EventoInutilizacionDEInput
2026-07-22 13:32:28.777  WARN 24448 --- [  restartedMain] g.kickstart.tools.SchemaClassScanner     : Schema type was defined but can never be accessed, and can be safely deleted: Meses
2026-07-22 13:32:28.777  WARN 24448 --- [  restartedMain] g.kickstart.tools.SchemaClassScanner     : Schema type was defined but can never be accessed, and can be safely deleted: DeliveryUpdate
2026-07-22 13:32:28.777  WARN 24448 --- [  restartedMain] g.kickstart.tools.SchemaClassScanner     : Schema type was defined but can never be accessed, and can be safely deleted: ResumenMovimientoStock
2026-07-22 13:32:28.777  WARN 24448 --- [  restartedMain] g.kickstart.tools.SchemaClassScanner     : Schema type was defined but can never be accessed, and can be safely deleted: PagoDetallePage
2026-07-22 13:32:28.779  WARN 24448 --- [  restartedMain] g.kickstart.tools.SchemaClassScanner     : Schema type was defined but can never be accessed, and can be safely deleted: PagoPage
2026-07-22 13:32:28.779  WARN 24448 --- [  restartedMain] g.kickstart.tools.SchemaClassScanner     : Schema type was defined but can never be accessed, and can be safely deleted: SolicitudPagoMultipleRecepcionesInput
2026-07-22 13:32:28.779  WARN 24448 --- [  restartedMain] g.kickstart.tools.SchemaClassScanner     : Schema type was defined but can never be accessed, and can be safely deleted: SolicitudPagoNotaRecepcionInput
2026-07-22 13:32:28.779  WARN 24448 --- [  restartedMain] g.kickstart.tools.SchemaClassScanner     : Schema type was defined but can never be accessed, and can be safely deleted: PrintData
2026-07-22 13:32:28.779  WARN 24448 --- [  restartedMain] g.kickstart.tools.SchemaClassScanner     : Schema type was defined but can never be accessed, and can be safely deleted: ExistenciaCostoPorSucursal
2026-07-22 13:32:28.779  WARN 24448 --- [  restartedMain] g.kickstart.tools.SchemaClassScanner     : Schema type was defined but can never be accessed, and can be safely deleted: ProductoExistenciaCostos
2026-07-22 13:32:28.779  WARN 24448 --- [  restartedMain] g.kickstart.tools.SchemaClassScanner     : Schema type was defined but can never be accessed, and can be safely deleted: MultiPageInput
2026-07-22 13:32:28.784  WARN 24448 --- [  restartedMain] g.kickstart.tools.SchemaClassScanner     : Root query resolver was provided but no methods on it were used in data fetchers for GraphQL type 'Query'!  Either remove the graphql.kickstart.tools.GraphQLQueryResolver interface from the resolver or remove the resolver entirely: com.franco.dev.graphql.financiero.FacturaLegalItemGraphQL@53b8b2db
2026-07-22 13:32:28.784  WARN 24448 --- [  restartedMain] g.kickstart.tools.SchemaClassScanner     : Root query resolver was provided but no methods on it were used in data fetchers for GraphQL type 'Query'!  Either remove the graphql.kickstart.tools.GraphQLQueryResolver interface from the resolver or remove the resolver entirely: com.franco.dev.graphql.operaciones.RecepcionMercaderiaItemVariacionGraphQL@70d9f444
2026-07-22 13:32:28.784  WARN 24448 --- [  restartedMain] g.kickstart.tools.SchemaClassScanner     : Root query resolver was provided but no methods on it were used in data fetchers for GraphQL type 'Query'!  Either remove the graphql.kickstart.tools.GraphQLQueryResolver interface from the resolver or remove the resolver entirely: com.franco.dev.graphql.productos.ProductoExistenciaCostoGraphQL@1d0a4030
2026-07-22 13:32:28.785  WARN 24448 --- [  restartedMain] g.kickstart.tools.SchemaClassScanner     : Root mutation resolver was provided but no methods on it were used in data fetchers for GraphQL type 'Mutation'!  Either remove the graphql.kickstart.tools.GraphQLMutationResolver interface from the resolver or remove the resolver entirely: com.franco.dev.graphql.financiero.FacturaLegalItemGraphQL@53b8b2db
2026-07-22 13:32:28.785  WARN 24448 --- [  restartedMain] g.kickstart.tools.SchemaClassScanner     : Root mutation resolver was provided but no methods on it were used in data fetchers for GraphQL type 'Mutation'!  Either remove the graphql.kickstart.tools.GraphQLMutationResolver interface from the resolver or remove the resolver entirely: com.franco.dev.graphql.print.PrintGraphQL@40b0f348
2026-07-22 13:32:28.785  WARN 24448 --- [  restartedMain] g.kickstart.tools.SchemaClassScanner     : Root mutation resolver was provided but no methods on it were used in data fetchers for GraphQL type 'Mutation'!  Either remove the graphql.kickstart.tools.GraphQLMutationResolver interface from the resolver or remove the resolver entirely: com.franco.dev.graphql.productos.ProductoExistenciaCostoGraphQL@1d0a4030
2026-07-22 13:32:29.989  WARN 24448 --- [  restartedMain] JpaBaseConfiguration$JpaWebConfiguration : spring.jpa.open-in-view is enabled by default. Therefore, database queries may be performed during view rendering. Explicitly configure spring.jpa.open-in-view to disable this warning
2026-07-22 13:32:30.690  INFO 24448 --- [  restartedMain] o.s.b.w.embedded.tomcat.TomcatWebServer  : Tomcat started on port(s): 8081 (http) with context path ''
2026-07-22 13:32:30.696  INFO 24448 --- [  restartedMain] o.s.b.d.a.OptionalLiveReloadServer       : LiveReload server is running on port 35729
2026-07-22 13:32:30.699  INFO 24448 --- [  restartedMain] o.s.m.s.b.SimpleBrokerMessageHandler     : Starting...
2026-07-22 13:32:30.699  INFO 24448 --- [  restartedMain] o.s.m.s.b.SimpleBrokerMessageHandler     : BrokerAvailabilityEvent[available=true, SimpleBrokerMessageHandler [org.springframework.messaging.simp.broker.DefaultSubscriptionRegistry@742891d1]]
2026-07-22 13:32:30.700  INFO 24448 --- [  restartedMain] o.s.m.s.b.SimpleBrokerMessageHandler     : Started.
2026-07-22 13:32:30.742  INFO 24448 --- [  restartedMain] com.franco.dev.FrancoSystemsApplication  : Started FrancoSystemsApplication in 40.947 seconds (JVM running for 81777.09)
2026-07-22 13:32:30.755  INFO 24448 --- [  restartedMain] .ConditionEvaluationDeltaLoggingListener : Condition evaluation unchanged
2026-07-22 13:32:33.040  INFO 24448 --- [0.0-8081-exec-1] o.a.c.c.C.[Tomcat].[localhost].[/]       : Initializing Spring DispatcherServlet 'dispatcherServlet'
2026-07-22 13:32:33.040  INFO 24448 --- [0.0-8081-exec-1] o.s.web.servlet.DispatcherServlet        : Initializing Servlet 'dispatcherServlet'
2026-07-22 13:32:33.317  INFO 24448 --- [0.0-8081-exec-1] o.s.b.a.e.web.EndpointLinksResolver      : Exposing 2 endpoint(s) beneath base path '/actuator'
2026-07-22 13:32:33.409  INFO 24448 --- [0.0-8081-exec-1] o.s.web.servlet.DispatcherServlet        : Completed initialization in 369 ms
2026-07-22 13:32:33.459  INFO 24448 --- [0.0-8081-exec-1] o.s.s.web.DefaultSecurityFilterChain     : Will secure any request with [org.springframework.security.web.session.DisableEncodeUrlFilter@17896da2, org.springframework.security.web.context.request.async.WebAsyncManagerIntegrationFilter@5d612763, org.springframework.security.web.context.SecurityContextPersistenceFilter@53b8fa61, org.springframework.security.web.header.HeaderWriterFilter@6800ce89, org.springframework.web.filter.CorsFilter@30b56df9, org.springframework.security.web.authentication.logout.LogoutFilter@3ea0f395, com.franco.dev.security.JwtAuthenticationTokenFilter@723c1751, org.springframework.security.web.savedrequest.RequestCacheAwareFilter@229b4714, org.springframework.security.web.servletapi.SecurityContextHolderAwareRequestFilter@4c81a148, org.springframework.security.web.authentication.AnonymousAuthenticationFilter@4452f510, org.springframework.security.web.session.SessionManagementFilter@5f473fea, org.springframework.security.web.access.ExceptionTranslationFilter@1b3d4df7, org.springframework.security.web.access.intercept.FilterSecurityInterceptor@107c9df2]
2026-07-22 13:33:30.743  INFO 24448 --- [MessageBroker-1] c.f.d.s.f.CotizacionMercadoScheduler     : Actualizacion automatica de cotizaciones de mercado
2026-07-22 13:33:32.316  INFO 24448 --- [MessageBroker-1] c.f.d.s.financiero.NorteCambiosScraper   : NorteCambiosScraper: 3 monedas obtenidas de nortecambios
2026-07-22 13:33:32.539  INFO 24448 --- [MessageBroker-1] c.f.d.s.f.CotizacionMercadoScheduler     : CotizacionMercadoScheduler: 3 monedas actualizadas
Successfully Authentication
Successfully Authentication
Successfully Authentication
Successfully Authentication
Successfully Authentication
Successfully Authentication
Successfully Authentication
Successfully Authentication
Successfully Authentication
Successfully Authentication
Successfully Authentication
Successfully Authentication
Successfully Authentication
Successfully Authentication
Successfully Authentication
Successfully Authentication
Successfully Authentication
Successfully Authentication
Successfully Authentication
Successfully Authentication
2026-07-22 13:43:32.549  INFO 24448 --- [MessageBroker-1] c.f.d.s.f.CotizacionMercadoScheduler     : Actualizacion automatica de cotizaciones de mercado
2026-07-22 13:43:34.120  INFO 24448 --- [MessageBroker-1] c.f.d.s.financiero.NorteCambiosScraper   : NorteCambiosScraper: 3 monedas obtenidas de nortecambios
2026-07-22 13:43:34.316  INFO 24448 --- [MessageBroker-1] c.f.d.s.f.CotizacionMercadoScheduler     : CotizacionMercadoScheduler: 3 monedas actualizadas
[INFO] ------------------------------------------------------------------------
[INFO] BUILD FAILURE
[INFO] ------------------------------------------------------------------------
[INFO] Total time:  23:00 h
[INFO] Finished at: 2026-07-22T13:49:47-03:00
[INFO] ------------------------------------------------------------------------
[ERROR] Failed to execute goal org.springframework.boot:spring-boot-maven-plugin:2.7.18:run (default-cli) on project franco-dev-systems: Application finished with exit code: 137 -> [Help 1]
[ERROR] 
[ERROR] To see the full stack trace of the errors, re-run Maven with the -e switch.
[ERROR] Re-run Maven using the -X switch to enable full debug logging.
[ERROR] 
[ERROR] For more information about the errors and possible solutions, please read the following articles:
[ERROR] [Help 1] http://cwiki.apache.org/confluence/display/MAVEN/MojoExecutionException
