[INFO] Scanning for projects...
[INFO] 
[INFO] -----------------< com.franco.dev:franco-dev-systems >------------------
[INFO] Building Franco Systems 3.0.9
[INFO] --------------------------------[ jar ]---------------------------------
[INFO] 
[INFO] >>> spring-boot-maven-plugin:2.7.18:run (default-cli) > test-compile @ franco-dev-systems >>>
[INFO] 
[INFO] --- maven-clean-plugin:3.1.0:clean (auto-clean) @ franco-dev-systems ---
[INFO] Deleting /Users/gabfranck/workspace/frc-sistemas-informaticos/frc-comercial/central/target
[INFO] 
[INFO] --- maven-resources-plugin:3.2.0:resources (default-resources) @ franco-dev-systems ---
[INFO] Using 'UTF-8' encoding to copy filtered resources.
[INFO] Using 'UTF-8' encoding to copy filtered properties files.
[INFO] Copying 4 resources
[INFO] Copying 468 resources
[INFO] 
[INFO] --- maven-resources-plugin:3.2.0:resources (copy-resources) @ franco-dev-systems ---
[INFO] Using 'UTF-8' encoding to copy filtered resources.
[INFO] Using 'UTF-8' encoding to copy filtered properties files.
[INFO] Copying 4 resources
[INFO] Copying 468 resources
[INFO] 
[INFO] --- exec-maven-plugin:3.0.0:exec (cleanup-duplicate-migrations) @ franco-dev-systems ---
Scanning for duplicate migration files in ./target/classes/db/migration...
Duplicate migration cleanup complete.
[INFO] 
[INFO] --- flyway-maven-plugin:8.5.13:validate (default) @ franco-dev-systems ---
[INFO] Skipping Flyway execution
[INFO] 
[INFO] --- maven-compiler-plugin:3.10.1:compile (default-compile) @ franco-dev-systems ---
[INFO] Changes detected - recompiling the module!
[INFO] Compiling 1601 source files to /Users/gabfranck/workspace/frc-sistemas-informaticos/frc-comercial/central/target/classes
[INFO] /Users/gabfranck/workspace/frc-sistemas-informaticos/frc-comercial/central/src/main/java/com/franco/dev/service/CrudService.java: Some input files use or override a deprecated API.
[INFO] /Users/gabfranck/workspace/frc-sistemas-informaticos/frc-comercial/central/src/main/java/com/franco/dev/service/CrudService.java: Recompile with -Xlint:deprecation for details.
[INFO] /Users/gabfranck/workspace/frc-sistemas-informaticos/frc-comercial/central/src/main/java/com/franco/dev/graphql/financiero/resolver/GastoResolver.java: /Users/gabfranck/workspace/frc-sistemas-informaticos/frc-comercial/central/src/main/java/com/franco/dev/graphql/financiero/resolver/GastoResolver.java uses or overrides a deprecated API that is marked for removal.
[INFO] /Users/gabfranck/workspace/frc-sistemas-informaticos/frc-comercial/central/src/main/java/com/franco/dev/graphql/financiero/resolver/GastoResolver.java: Recompile with -Xlint:removal for details.
[INFO] /Users/gabfranck/workspace/frc-sistemas-informaticos/frc-comercial/central/src/main/java/com/franco/dev/service/CrudService.java: Some input files use unchecked or unsafe operations.
[INFO] /Users/gabfranck/workspace/frc-sistemas-informaticos/frc-comercial/central/src/main/java/com/franco/dev/service/CrudService.java: Recompile with -Xlint:unchecked for details.
[INFO] 
[INFO] --- maven-resources-plugin:3.2.0:testResources (default-testResources) @ franco-dev-systems ---
[INFO] Using 'UTF-8' encoding to copy filtered resources.
[INFO] Using 'UTF-8' encoding to copy filtered properties files.
[INFO] skip non existing resourceDirectory /Users/gabfranck/workspace/frc-sistemas-informaticos/frc-comercial/central/src/test/resources
[INFO] 
[INFO] --- maven-compiler-plugin:3.10.1:testCompile (default-testCompile) @ franco-dev-systems ---
[INFO] Changes detected - recompiling the module!
[INFO] Compiling 18 source files to /Users/gabfranck/workspace/frc-sistemas-informaticos/frc-comercial/central/target/test-classes
[INFO] 
[INFO] <<< spring-boot-maven-plugin:2.7.18:run (default-cli) < test-compile @ franco-dev-systems <<<
[INFO] 
[INFO] 
[INFO] --- spring-boot-maven-plugin:2.7.18:run (default-cli) @ franco-dev-systems ---
[INFO] Attaching agents: []
Iniciando sistema
17:17:04.561 [Thread-0] DEBUG org.springframework.boot.devtools.restart.classloader.RestartClassLoader - Created RestartClassLoader org.springframework.boot.devtools.restart.classloader.RestartClassLoader@43229358
Iniciando sistema

  .   ____          _            __ _ _
 /\\ / ___'_ __ _ _(_)_ __  __ _ \ \ \ \
( ( )\___ | '_ | '_| | '_ \/ _` | \ \ \ \
 \\/  ___)| |_)| | | | | || (_| |  ) ) ) )
  '  |____| .__|_| |_|_| |_\__, | / / / /
 =========|_|==============|___/=/_/_/_/
 :: Spring Boot ::               (v2.7.18)

2026-07-22 17:17:04.968  INFO 54066 --- [  restartedMain] com.franco.dev.FrancoSystemsApplication  : Starting FrancoSystemsApplication using Java 17.0.17 on IMACs-iMac.local with PID 54066 (/Users/gabfranck/workspace/frc-sistemas-informaticos/frc-comercial/central/target/classes started by gabfranck in /Users/gabfranck/workspace/frc-sistemas-informaticos/frc-comercial/central)
2026-07-22 17:17:04.969  INFO 54066 --- [  restartedMain] com.franco.dev.FrancoSystemsApplication  : The following 1 profile is active: "dev"
2026-07-22 17:17:05.017  INFO 54066 --- [  restartedMain] .e.DevToolsPropertyDefaultsPostProcessor : Devtools property defaults active! Set 'spring.devtools.add-properties' to 'false' to disable
2026-07-22 17:17:05.017  INFO 54066 --- [  restartedMain] .e.DevToolsPropertyDefaultsPostProcessor : For additional web related logging consider setting the 'logging.level.web' property to 'DEBUG'
2026-07-22 17:17:06.585  INFO 54066 --- [  restartedMain] .s.d.r.c.RepositoryConfigurationDelegate : Bootstrapping Spring Data JPA repositories in DEFAULT mode.
2026-07-22 17:17:07.486  INFO 54066 --- [  restartedMain] .s.d.r.c.RepositoryConfigurationDelegate : Finished Spring Data repository scanning in 894 ms. Found 221 JPA repository interfaces.
2026-07-22 17:17:09.164  INFO 54066 --- [  restartedMain] o.s.b.w.embedded.tomcat.TomcatWebServer  : Tomcat initialized with port(s): 8081 (http)
2026-07-22 17:17:09.173  INFO 54066 --- [  restartedMain] o.apache.catalina.core.StandardService   : Starting service [Tomcat]
2026-07-22 17:17:09.173  INFO 54066 --- [  restartedMain] org.apache.catalina.core.StandardEngine  : Starting Servlet engine: [Apache Tomcat/9.0.83]
2026-07-22 17:17:09.276  INFO 54066 --- [  restartedMain] o.a.c.c.C.[Tomcat].[localhost].[/]       : Initializing Spring embedded WebApplicationContext
2026-07-22 17:17:09.276  INFO 54066 --- [  restartedMain] w.s.c.ServletWebServerApplicationContext : Root WebApplicationContext: initialization completed in 4258 ms
2026-07-22 17:17:09.565  INFO 54066 --- [  restartedMain] c.f.d.c.RetryableDatabasePostProcessor   : -----> configuring a retryable datasource for beanName = dataSource
2026-07-22 17:17:09.618  INFO 54066 --- [  restartedMain] c.f.dev.config.multitenant.FlywayConfig  : Scanning for duplicate migrations in: target/classes/db/migration
2026-07-22 17:17:09.633  INFO 54066 --- [  restartedMain] c.f.dev.config.multitenant.FlywayConfig  : Duplicate migration cleanup complete
2026-07-22 17:17:09.677  INFO 54066 --- [  restartedMain] o.f.c.internal.license.VersionPrinter    : Flyway Community Edition 8.5.13 by Redgate
2026-07-22 17:17:09.677  INFO 54066 --- [  restartedMain] o.f.c.internal.license.VersionPrinter    : See what's new here: https://flywaydb.org/documentation/learnmore/releaseNotes#8.5.13
2026-07-22 17:17:09.677  INFO 54066 --- [  restartedMain] o.f.c.internal.license.VersionPrinter    : 
2026-07-22 17:17:09.703  INFO 54066 --- [  restartedMain] o.f.c.i.resource.ResourceNameValidator   : 1 SQL migrations were detected but not run because they did not follow the filename convention.
2026-07-22 17:17:09.704  INFO 54066 --- [  restartedMain] o.f.c.i.resource.ResourceNameValidator   : If this is in error, enable debug logging or 'validateMigrationNaming' to fail fast and see a list of the invalid file names.
2026-07-22 17:17:09.818  INFO 54066 --- [  restartedMain] o.f.c.i.database.base.BaseDatabaseType   : Database: jdbc:postgresql://localhost:5551/bodega_producto_devoluciones (PostgreSQL 16.4)
2026-07-22 17:17:09.828  WARN 54066 --- [  restartedMain] o.f.c.internal.database.base.Database    : Flyway upgrade recommended: PostgreSQL 16.4 is newer than this version of Flyway and support has not been tested. The latest supported version of PostgreSQL is 14.
2026-07-22 17:17:09.864  INFO 54066 --- [  restartedMain] o.f.c.i.s.JdbcTableSchemaHistory         : Repair of failed migration in Schema History table "public"."flyway_schema_history" not necessary. No failed migration detected.
2026-07-22 17:17:09.987  INFO 54066 --- [  restartedMain] o.f.core.internal.command.DbRepair       : Successfully repaired schema history table "public"."flyway_schema_history" (execution time 00:00.147s).
2026-07-22 17:17:09.991  INFO 54066 --- [  restartedMain] o.f.c.internal.license.VersionPrinter    : Flyway Community Edition 8.5.13 by Redgate
2026-07-22 17:17:09.992  INFO 54066 --- [  restartedMain] o.f.c.internal.license.VersionPrinter    : See what's new here: https://flywaydb.org/documentation/learnmore/releaseNotes#8.5.13
2026-07-22 17:17:09.992  INFO 54066 --- [  restartedMain] o.f.c.internal.license.VersionPrinter    : 
2026-07-22 17:17:09.995  INFO 54066 --- [  restartedMain] o.f.c.i.resource.ResourceNameValidator   : 1 SQL migrations were detected but not run because they did not follow the filename convention.
2026-07-22 17:17:09.995  INFO 54066 --- [  restartedMain] o.f.c.i.resource.ResourceNameValidator   : If this is in error, enable debug logging or 'validateMigrationNaming' to fail fast and see a list of the invalid file names.
2026-07-22 17:17:10.005  WARN 54066 --- [  restartedMain] o.f.c.internal.database.base.Database    : Flyway upgrade recommended: PostgreSQL 16.4 is newer than this version of Flyway and support has not been tested. The latest supported version of PostgreSQL is 14.
2026-07-22 17:17:10.099  INFO 54066 --- [  restartedMain] o.f.core.internal.command.DbMigrate      : Current version of schema "public": 166.0
2026-07-22 17:17:10.099  WARN 54066 --- [  restartedMain] o.f.core.internal.command.DbMigrate      : outOfOrder mode is active. Migration of schema "public" may not be reproducible.
2026-07-22 17:17:10.100  INFO 54066 --- [  restartedMain] o.f.core.internal.command.DbMigrate      : Schema "public" is up to date. No migration necessary.
2026-07-22 17:17:10.292  INFO 54066 --- [  restartedMain] o.hibernate.jpa.internal.util.LogHelper  : HHH000204: Processing PersistenceUnitInfo [name: default]
2026-07-22 17:17:10.341  INFO 54066 --- [  restartedMain] org.hibernate.Version                    : HHH000412: Hibernate ORM core version 5.6.15.Final
2026-07-22 17:17:10.506  INFO 54066 --- [  restartedMain] o.hibernate.annotations.common.Version   : HCANN000001: Hibernate Commons Annotations {5.1.2.Final}
2026-07-22 17:17:10.609  INFO 54066 --- [  restartedMain] org.hibernate.dialect.Dialect            : HHH000400: Using dialect: org.hibernate.dialect.PostgreSQLDialect
2026-07-22 17:17:11.183  INFO 54066 --- [  restartedMain] b.i.HibernateSearchPreIntegrationService : HSEARCH000034: Hibernate Search version 6.2.5.Final
2026-07-22 17:17:13.540  INFO 54066 --- [  restartedMain] o.h.e.t.j.p.i.JtaPlatformInitiator       : HHH000490: Using JtaPlatform implementation: [org.hibernate.engine.transaction.jta.platform.internal.NoJtaPlatform]
2026-07-22 17:17:14.298  WARN 54066 --- [  restartedMain] o.h.s.b.l.impl.LuceneBackendFactory      : HSEARCH000075: Missing value for configuration property 'hibernate.search.backend.lucene_version': using LATEST (currently '8.11.2'). Context: default backend
2026-07-22 17:17:14.664  WARN 54066 --- [  restartedMain] o.h.s.e.c.s.ConfigurationPropertyChecker : HSEARCH000568: Invalid configuration passed to Hibernate Search: some properties in the given configuration are not used. There might be misspelled property keys in your configuration. Unused properties: [hibernate.search.indexing.automatic.enabled]. To disable this warning, set the property 'hibernate.search.configuration_property_checking.strategy' to 'ignore'.
2026-07-22 17:17:14.665  INFO 54066 --- [  restartedMain] j.LocalContainerEntityManagerFactoryBean : Initialized JPA EntityManagerFactory for persistence unit 'default'
2026-07-22 17:17:15.268  WARN 54066 --- [  restartedMain] o.h.dialect.function.TemplateRenderer    : HHH000174: Function template anticipated 4 arguments, but 1 arguments encountered
2026-07-22 17:17:15.499  WARN 54066 --- [  restartedMain] c.franco.dev.service.utils.ImageService  : Mac OS X
2026-07-22 17:17:15.545  INFO 54066 --- [  restartedMain] com.zaxxer.hikari.HikariDataSource       : HikariPool-1 - Starting...
2026-07-22 17:17:15.562  INFO 54066 --- [  restartedMain] com.zaxxer.hikari.HikariDataSource       : HikariPool-1 - Start completed.
2026-07-22 17:17:15.741  INFO 54066 --- [  restartedMain] c.f.d.s.p.UsuarioEmbeddingCacheService   : Caché de embeddings faciales: 0 usuarios activos con galería
2026-07-22 17:17:19.339  INFO 54066 --- [  restartedMain] c.franco.dev.fmc.service.FCMInitializer  : Initializing Firebase using config path: file:/opt/frc-backend-central/central/secrets/bodega-franco-frc-18e8c6ef35cf.json
2026-07-22 17:17:19.339 ERROR 54066 --- [  restartedMain] c.franco.dev.fmc.service.FCMInitializer  : Error initializing Firebase: config file not found at file:/opt/frc-backend-central/central/secrets/bodega-franco-frc-18e8c6ef35cf.json
2026-07-22 17:17:22.606  WARN 54066 --- [  restartedMain] o.h.dialect.function.TemplateRenderer    : HHH000174: Function template anticipated 4 arguments, but 1 arguments encountered
2026-07-22 17:17:22.607  WARN 54066 --- [  restartedMain] o.h.dialect.function.TemplateRenderer    : HHH000174: Function template anticipated 4 arguments, but 1 arguments encountered
2026-07-22 17:17:22.607  WARN 54066 --- [  restartedMain] o.h.dialect.function.TemplateRenderer    : HHH000174: Function template anticipated 4 arguments, but 1 arguments encountered
2026-07-22 17:17:22.607  WARN 54066 --- [  restartedMain] o.h.dialect.function.TemplateRenderer    : HHH000174: Function template anticipated 4 arguments, but 1 arguments encountered
2026-07-22 17:17:38.890  WARN 54066 --- [  restartedMain] g.kickstart.tools.SchemaClassScanner     : Cannot find definition for field 'estado: EstadoDE' on input type 'DocumentoElectronicoInput' -> com.franco.dev.graphql.financiero.input.DocumentoElectronicoInput. Try adding it manually to the dictionary
2026-07-22 17:17:39.269  WARN 54066 --- [  restartedMain] g.kickstart.tools.SchemaClassScanner     : Cannot find definition for field 'creadoEn: Date' on input type 'BarrioInput' -> com.franco.dev.graphql.general.input.BarrioInput. Try adding it manually to the dictionary
2026-07-22 17:17:39.284  WARN 54066 --- [  restartedMain] g.kickstart.tools.SchemaClassScanner     : Cannot find definition for field 'creadoEn: Date' on input type 'ContactoInput' -> com.franco.dev.graphql.general.input.ContactoInput. Try adding it manually to the dictionary
2026-07-22 17:17:39.292  WARN 54066 --- [  restartedMain] g.kickstart.tools.SchemaClassScanner     : Cannot find definition for field 'creadoEn: Date' on input type 'PaisInput' -> com.franco.dev.graphql.general.input.PaisInput. Try adding it manually to the dictionary
2026-07-22 17:17:39.804  WARN 54066 --- [  restartedMain] g.kickstart.tools.SchemaClassScanner     : Cannot find definition for field 'estadoVerificacion: EstadoVerificacion' on input type 'RecepcionMercaderiaItemInput' -> com.franco.dev.graphql.operaciones.input.RecepcionMercaderiaItemInput. Try adding it manually to the dictionary
2026-07-22 17:17:40.140  WARN 54066 --- [  restartedMain] g.kickstart.tools.SchemaClassScanner     : Cannot find definition for field 'creadoEn: Date' on input type 'ClienteInput' -> com.franco.dev.graphql.personas.input.ClienteInput. Try adding it manually to the dictionary
2026-07-22 17:17:40.185  WARN 54066 --- [  restartedMain] g.kickstart.tools.SchemaClassScanner     : Cannot find definition for field 'creadoEn: Date' on input type 'ProveedorDiasVisitaInput' -> com.franco.dev.graphql.personas.input.ProveedorDiasVisitaInput. Try adding it manually to the dictionary
2026-07-22 17:17:41.861  WARN 54066 --- [  restartedMain] g.kickstart.tools.SchemaClassScanner     : Schema type was defined but can never be accessed, and can be safely deleted: DateTime
2026-07-22 17:17:41.861  WARN 54066 --- [  restartedMain] g.kickstart.tools.SchemaClassScanner     : Schema type was defined but can never be accessed, and can be safely deleted: NotificacionPush
2026-07-22 17:17:41.861  WARN 54066 --- [  restartedMain] g.kickstart.tools.SchemaClassScanner     : Schema type was defined but can never be accessed, and can be safely deleted: ChequePage
2026-07-22 17:17:41.861  WARN 54066 --- [  restartedMain] g.kickstart.tools.SchemaClassScanner     : Schema type was defined but can never be accessed, and can be safely deleted: ChequeraPage
2026-07-22 17:17:41.861  WARN 54066 --- [  restartedMain] g.kickstart.tools.SchemaClassScanner     : Schema type was defined but can never be accessed, and can be safely deleted: EventoCancelacionDEInput
2026-07-22 17:17:41.861  WARN 54066 --- [  restartedMain] g.kickstart.tools.SchemaClassScanner     : Schema type was defined but can never be accessed, and can be safely deleted: EventoNominacionDEInput
2026-07-22 17:17:41.861  WARN 54066 --- [  restartedMain] g.kickstart.tools.SchemaClassScanner     : Schema type was defined but can never be accessed, and can be safely deleted: EventoInutilizacionDEInput
2026-07-22 17:17:41.861  WARN 54066 --- [  restartedMain] g.kickstart.tools.SchemaClassScanner     : Schema type was defined but can never be accessed, and can be safely deleted: Meses
2026-07-22 17:17:41.861  WARN 54066 --- [  restartedMain] g.kickstart.tools.SchemaClassScanner     : Schema type was defined but can never be accessed, and can be safely deleted: DeliveryUpdate
2026-07-22 17:17:41.861  WARN 54066 --- [  restartedMain] g.kickstart.tools.SchemaClassScanner     : Schema type was defined but can never be accessed, and can be safely deleted: ResumenMovimientoStock
2026-07-22 17:17:41.861  WARN 54066 --- [  restartedMain] g.kickstart.tools.SchemaClassScanner     : Schema type was defined but can never be accessed, and can be safely deleted: PagoDetallePage
2026-07-22 17:17:41.861  WARN 54066 --- [  restartedMain] g.kickstart.tools.SchemaClassScanner     : Schema type was defined but can never be accessed, and can be safely deleted: PagoPage
2026-07-22 17:17:41.861  WARN 54066 --- [  restartedMain] g.kickstart.tools.SchemaClassScanner     : Schema type was defined but can never be accessed, and can be safely deleted: SolicitudPagoMultipleRecepcionesInput
2026-07-22 17:17:41.861  WARN 54066 --- [  restartedMain] g.kickstart.tools.SchemaClassScanner     : Schema type was defined but can never be accessed, and can be safely deleted: SolicitudPagoNotaRecepcionInput
2026-07-22 17:17:41.861  WARN 54066 --- [  restartedMain] g.kickstart.tools.SchemaClassScanner     : Schema type was defined but can never be accessed, and can be safely deleted: PrintData
2026-07-22 17:17:41.861  WARN 54066 --- [  restartedMain] g.kickstart.tools.SchemaClassScanner     : Schema type was defined but can never be accessed, and can be safely deleted: ExistenciaCostoPorSucursal
2026-07-22 17:17:41.861  WARN 54066 --- [  restartedMain] g.kickstart.tools.SchemaClassScanner     : Schema type was defined but can never be accessed, and can be safely deleted: ProductoExistenciaCostos
2026-07-22 17:17:41.861  WARN 54066 --- [  restartedMain] g.kickstart.tools.SchemaClassScanner     : Schema type was defined but can never be accessed, and can be safely deleted: MultiPageInput
2026-07-22 17:17:41.867  WARN 54066 --- [  restartedMain] g.kickstart.tools.SchemaClassScanner     : Root query resolver was provided but no methods on it were used in data fetchers for GraphQL type 'Query'!  Either remove the graphql.kickstart.tools.GraphQLQueryResolver interface from the resolver or remove the resolver entirely: com.franco.dev.graphql.financiero.FacturaLegalItemGraphQL@214f9a0a
2026-07-22 17:17:41.868  WARN 54066 --- [  restartedMain] g.kickstart.tools.SchemaClassScanner     : Root query resolver was provided but no methods on it were used in data fetchers for GraphQL type 'Query'!  Either remove the graphql.kickstart.tools.GraphQLQueryResolver interface from the resolver or remove the resolver entirely: com.franco.dev.graphql.operaciones.RecepcionMercaderiaItemVariacionGraphQL@62ffbed8
2026-07-22 17:17:41.868  WARN 54066 --- [  restartedMain] g.kickstart.tools.SchemaClassScanner     : Root query resolver was provided but no methods on it were used in data fetchers for GraphQL type 'Query'!  Either remove the graphql.kickstart.tools.GraphQLQueryResolver interface from the resolver or remove the resolver entirely: com.franco.dev.graphql.productos.ProductoExistenciaCostoGraphQL@2b58c78f
2026-07-22 17:17:41.868  WARN 54066 --- [  restartedMain] g.kickstart.tools.SchemaClassScanner     : Root mutation resolver was provided but no methods on it were used in data fetchers for GraphQL type 'Mutation'!  Either remove the graphql.kickstart.tools.GraphQLMutationResolver interface from the resolver or remove the resolver entirely: com.franco.dev.graphql.financiero.FacturaLegalItemGraphQL@214f9a0a
2026-07-22 17:17:41.868  WARN 54066 --- [  restartedMain] g.kickstart.tools.SchemaClassScanner     : Root mutation resolver was provided but no methods on it were used in data fetchers for GraphQL type 'Mutation'!  Either remove the graphql.kickstart.tools.GraphQLMutationResolver interface from the resolver or remove the resolver entirely: com.franco.dev.graphql.print.PrintGraphQL@13a66d7a
2026-07-22 17:17:41.868  WARN 54066 --- [  restartedMain] g.kickstart.tools.SchemaClassScanner     : Root mutation resolver was provided but no methods on it were used in data fetchers for GraphQL type 'Mutation'!  Either remove the graphql.kickstart.tools.GraphQLMutationResolver interface from the resolver or remove the resolver entirely: com.franco.dev.graphql.productos.ProductoExistenciaCostoGraphQL@2b58c78f
2026-07-22 17:17:42.817  WARN 54066 --- [  restartedMain] JpaBaseConfiguration$JpaWebConfiguration : spring.jpa.open-in-view is enabled by default. Therefore, database queries may be performed during view rendering. Explicitly configure spring.jpa.open-in-view to disable this warning
2026-07-22 17:17:43.736  INFO 54066 --- [  restartedMain] o.s.b.w.embedded.tomcat.TomcatWebServer  : Tomcat started on port(s): 8081 (http) with context path ''
2026-07-22 17:17:43.745  INFO 54066 --- [  restartedMain] o.s.b.d.a.OptionalLiveReloadServer       : LiveReload server is running on port 35729
2026-07-22 17:17:43.747  INFO 54066 --- [  restartedMain] o.s.m.s.b.SimpleBrokerMessageHandler     : Starting...
2026-07-22 17:17:43.747  INFO 54066 --- [  restartedMain] o.s.m.s.b.SimpleBrokerMessageHandler     : BrokerAvailabilityEvent[available=true, SimpleBrokerMessageHandler [org.springframework.messaging.simp.broker.DefaultSubscriptionRegistry@7be0d68a]]
2026-07-22 17:17:43.748  INFO 54066 --- [  restartedMain] o.s.m.s.b.SimpleBrokerMessageHandler     : Started.
2026-07-22 17:17:43.775  INFO 54066 --- [  restartedMain] com.franco.dev.FrancoSystemsApplication  : Started FrancoSystemsApplication in 39.205 seconds (JVM running for 39.774)
2026-07-22 17:17:51.416  INFO 54066 --- [0.0-8081-exec-1] o.a.c.c.C.[Tomcat].[localhost].[/]       : Initializing Spring DispatcherServlet 'dispatcherServlet'
2026-07-22 17:17:51.416  INFO 54066 --- [0.0-8081-exec-1] o.s.web.servlet.DispatcherServlet        : Initializing Servlet 'dispatcherServlet'
2026-07-22 17:17:51.735  INFO 54066 --- [0.0-8081-exec-1] o.s.b.a.e.web.EndpointLinksResolver      : Exposing 2 endpoint(s) beneath base path '/actuator'
2026-07-22 17:17:51.866  INFO 54066 --- [0.0-8081-exec-1] o.s.web.servlet.DispatcherServlet        : Completed initialization in 450 ms
2026-07-22 17:17:51.984  INFO 54066 --- [0.0-8081-exec-1] o.s.s.web.DefaultSecurityFilterChain     : Will secure any request with [org.springframework.security.web.session.DisableEncodeUrlFilter@10afbb87, org.springframework.security.web.context.request.async.WebAsyncManagerIntegrationFilter@5db10fbd, org.springframework.security.web.context.SecurityContextPersistenceFilter@1bb34bfb, org.springframework.security.web.header.HeaderWriterFilter@494d21e8, org.springframework.web.filter.CorsFilter@7577775b, org.springframework.security.web.authentication.logout.LogoutFilter@6cf5cbe4, com.franco.dev.security.JwtAuthenticationTokenFilter@48e57941, org.springframework.security.web.savedrequest.RequestCacheAwareFilter@593abe80, org.springframework.security.web.servletapi.SecurityContextHolderAwareRequestFilter@66805620, org.springframework.security.web.authentication.AnonymousAuthenticationFilter@5d868a26, org.springframework.security.web.session.SessionManagementFilter@6beeb018, org.springframework.security.web.access.ExceptionTranslationFilter@23ee08df, org.springframework.security.web.access.intercept.FilterSecurityInterceptor@2e2036de]
2026-07-22 17:18:43.767  INFO 54066 --- [MessageBroker-4] c.f.d.s.f.CotizacionMercadoScheduler     : Actualizacion automatica de cotizaciones de mercado
2026-07-22 17:18:45.249  INFO 54066 --- [MessageBroker-4] c.f.d.s.financiero.NorteCambiosScraper   : NorteCambiosScraper: 3 monedas obtenidas de nortecambios
2026-07-22 17:18:45.352  INFO 54066 --- [MessageBroker-4] c.f.d.s.f.CotizacionMercadoScheduler     : CotizacionMercadoScheduler: 3 monedas actualizadas
Successfully Authentication
Successfully Authentication
Successfully Authentication
Successfully Authentication
Successfully Authentication
Successfully Authentication
Successfully Authentication
Successfully Authentication
Successfully Authentication
Successfully Authentication
Successfully Authentication
Successfully Authentication
Successfully Authentication
Successfully Authentication
Successfully Authentication
Successfully Authentication
Successfully Authentication
Successfully Authentication
Successfully Authentication
Successfully Authentication
Successfully Authentication
Successfully Authentication
Successfully Authentication
Successfully Authentication
Successfully Authentication
Successfully Authentication
Successfully Authentication
Successfully Authentication
Successfully Authentication
Successfully Authentication
Successfully Authentication
Successfully Authentication
Successfully Authentication
Successfully Authentication
Successfully Authentication
Successfully Authentication
Successfully Authentication
Successfully Authentication
2026-07-22 17:28:45.343  INFO 54066 --- [MessageBroker-1] c.f.d.s.f.CotizacionMercadoScheduler     : Actualizacion automatica de cotizaciones de mercado
2026-07-22 17:28:46.688  INFO 54066 --- [MessageBroker-1] c.f.d.s.financiero.NorteCambiosScraper   : NorteCambiosScraper: 3 monedas obtenidas de nortecambios
2026-07-22 17:28:46.706  INFO 54066 --- [MessageBroker-1] c.f.d.s.f.CotizacionMercadoScheduler     : CotizacionMercadoScheduler: 3 monedas actualizadas
Successfully Authentication
Successfully Authentication
Successfully Authentication
Successfully Authentication
Successfully Authentication
Successfully Authentication
Successfully Authentication
Successfully Authentication
Successfully Authentication
Successfully Authentication
Successfully Authentication
Successfully Authentication
Successfully Authentication
Successfully Authentication
Successfully Authentication
Successfully Authentication
Successfully Authentication
Successfully Authentication
Successfully Authentication
Successfully Authentication
Successfully Authentication
Successfully Authentication
2026-07-22 17:34:18.334  INFO 54066 --- [   File Watcher] rtingClassPathChangeChangedEventListener : Restarting due to 2151 class path changes (1 addition, 1678 deletions, 472 modifications)
2026-07-22 17:34:18.349  INFO 54066 --- [       Thread-5] o.s.m.s.b.SimpleBrokerMessageHandler     : Stopping...
2026-07-22 17:34:18.349  INFO 54066 --- [       Thread-5] o.s.m.s.b.SimpleBrokerMessageHandler     : BrokerAvailabilityEvent[available=false, SimpleBrokerMessageHandler [org.springframework.messaging.simp.broker.DefaultSubscriptionRegistry@7be0d68a]]
2026-07-22 17:34:18.349  INFO 54066 --- [       Thread-5] o.s.m.s.b.SimpleBrokerMessageHandler     : Stopped.
2026-07-22 17:34:18.357  INFO 54066 --- [       Thread-5] o.apache.catalina.core.StandardService   : Stopping service [Tomcat]
2026-07-22 17:34:18.358  INFO 54066 --- [       Thread-5] o.a.c.c.C.[Tomcat].[localhost].[/]       : Destroying Spring FrameworkServlet 'dispatcherServlet'
2026-07-22 17:34:18.361  WARN 54066 --- [       Thread-5] o.a.c.loader.WebappClassLoaderBase       : The web application [ROOT] appears to have started a thread named [Hibernate Search - Engine - Timing thread - 0] but has failed to stop it. This is very likely to create a memory leak. Stack trace of thread:
 java.base@17.0.17/jdk.internal.misc.Unsafe.park(Native Method)
 java.base@17.0.17/java.util.concurrent.locks.LockSupport.parkNanos(LockSupport.java:252)
 java.base@17.0.17/java.util.concurrent.locks.AbstractQueuedSynchronizer$ConditionObject.awaitNanos(AbstractQueuedSynchronizer.java:1679)
 java.base@17.0.17/java.util.concurrent.ScheduledThreadPoolExecutor$DelayedWorkQueue.take(ScheduledThreadPoolExecutor.java:1182)
 java.base@17.0.17/java.util.concurrent.ScheduledThreadPoolExecutor$DelayedWorkQueue.take(ScheduledThreadPoolExecutor.java:899)
 java.base@17.0.17/java.util.concurrent.ThreadPoolExecutor.getTask(ThreadPoolExecutor.java:1062)
 java.base@17.0.17/java.util.concurrent.ThreadPoolExecutor.runWorker(ThreadPoolExecutor.java:1122)
 java.base@17.0.17/java.util.concurrent.ThreadPoolExecutor$Worker.run(ThreadPoolExecutor.java:635)
 java.base@17.0.17/java.lang.Thread.run(Thread.java:840)
2026-07-22 17:34:18.361  WARN 54066 --- [       Thread-5] o.a.c.loader.WebappClassLoaderBase       : The web application [ROOT] appears to have started a thread named [Hibernate Search - default backend - Worker thread - 0] but has failed to stop it. This is very likely to create a memory leak. Stack trace of thread:
 java.base@17.0.17/jdk.internal.misc.Unsafe.park(Native Method)
 java.base@17.0.17/java.util.concurrent.locks.LockSupport.park(LockSupport.java:341)
 java.base@17.0.17/java.util.concurrent.locks.AbstractQueuedSynchronizer$ConditionNode.block(AbstractQueuedSynchronizer.java:506)
 java.base@17.0.17/java.util.concurrent.ForkJoinPool.unmanagedBlock(ForkJoinPool.java:3465)
 java.base@17.0.17/java.util.concurrent.ForkJoinPool.managedBlock(ForkJoinPool.java:3436)
 java.base@17.0.17/java.util.concurrent.locks.AbstractQueuedSynchronizer$ConditionObject.await(AbstractQueuedSynchronizer.java:1630)
 java.base@17.0.17/java.util.concurrent.ScheduledThreadPoolExecutor$DelayedWorkQueue.take(ScheduledThreadPoolExecutor.java:1170)
 java.base@17.0.17/java.util.concurrent.ScheduledThreadPoolExecutor$DelayedWorkQueue.take(ScheduledThreadPoolExecutor.java:899)
 java.base@17.0.17/java.util.concurrent.ThreadPoolExecutor.getTask(ThreadPoolExecutor.java:1062)
 java.base@17.0.17/java.util.concurrent.ThreadPoolExecutor.runWorker(ThreadPoolExecutor.java:1122)
 java.base@17.0.17/java.util.concurrent.ThreadPoolExecutor$Worker.run(ThreadPoolExecutor.java:635)
 java.base@17.0.17/java.lang.Thread.run(Thread.java:840)
2026-07-22 17:34:18.361  WARN 54066 --- [       Thread-5] o.a.c.loader.WebappClassLoaderBase       : The web application [ROOT] appears to have started a thread named [Hibernate Search - default backend - Worker thread - 1] but has failed to stop it. This is very likely to create a memory leak. Stack trace of thread:
 java.base@17.0.17/jdk.internal.misc.Unsafe.park(Native Method)
 java.base@17.0.17/java.util.concurrent.locks.LockSupport.park(LockSupport.java:341)
 java.base@17.0.17/java.util.concurrent.locks.AbstractQueuedSynchronizer$ConditionNode.block(AbstractQueuedSynchronizer.java:506)
 java.base@17.0.17/java.util.concurrent.ForkJoinPool.unmanagedBlock(ForkJoinPool.java:3465)
 java.base@17.0.17/java.util.concurrent.ForkJoinPool.managedBlock(ForkJoinPool.java:3436)
 java.base@17.0.17/java.util.concurrent.locks.AbstractQueuedSynchronizer$ConditionObject.await(AbstractQueuedSynchronizer.java:1630)
 java.base@17.0.17/java.util.concurrent.ScheduledThreadPoolExecutor$DelayedWorkQueue.take(ScheduledThreadPoolExecutor.java:1170)
 java.base@17.0.17/java.util.concurrent.ScheduledThreadPoolExecutor$DelayedWorkQueue.take(ScheduledThreadPoolExecutor.java:899)
 java.base@17.0.17/java.util.concurrent.ThreadPoolExecutor.getTask(ThreadPoolExecutor.java:1062)
 java.base@17.0.17/java.util.concurrent.ThreadPoolExecutor.runWorker(ThreadPoolExecutor.java:1122)
 java.base@17.0.17/java.util.concurrent.ThreadPoolExecutor$Worker.run(ThreadPoolExecutor.java:635)
 java.base@17.0.17/java.lang.Thread.run(Thread.java:840)
2026-07-22 17:34:18.363  WARN 54066 --- [       Thread-5] o.a.c.loader.WebappClassLoaderBase       : The web application [ROOT] appears to have started a thread named [HikariPool-1 housekeeper] but has failed to stop it. This is very likely to create a memory leak. Stack trace of thread:
 java.base@17.0.17/jdk.internal.misc.Unsafe.park(Native Method)
 java.base@17.0.17/java.util.concurrent.locks.LockSupport.parkNanos(LockSupport.java:252)
 java.base@17.0.17/java.util.concurrent.locks.AbstractQueuedSynchronizer$ConditionObject.awaitNanos(AbstractQueuedSynchronizer.java:1679)
 java.base@17.0.17/java.util.concurrent.ScheduledThreadPoolExecutor$DelayedWorkQueue.take(ScheduledThreadPoolExecutor.java:1182)
 java.base@17.0.17/java.util.concurrent.ScheduledThreadPoolExecutor$DelayedWorkQueue.take(ScheduledThreadPoolExecutor.java:899)
 java.base@17.0.17/java.util.concurrent.ThreadPoolExecutor.getTask(ThreadPoolExecutor.java:1062)
 java.base@17.0.17/java.util.concurrent.ThreadPoolExecutor.runWorker(ThreadPoolExecutor.java:1122)
 java.base@17.0.17/java.util.concurrent.ThreadPoolExecutor$Worker.run(ThreadPoolExecutor.java:635)
 java.base@17.0.17/java.lang.Thread.run(Thread.java:840)
2026-07-22 17:34:18.363  WARN 54066 --- [       Thread-5] o.a.c.loader.WebappClassLoaderBase       : The web application [ROOT] appears to have started a thread named [pool-1-thread-1] but has failed to stop it. This is very likely to create a memory leak. Stack trace of thread:
 java.base@17.0.17/jdk.internal.misc.Unsafe.park(Native Method)
 java.base@17.0.17/java.util.concurrent.locks.LockSupport.park(LockSupport.java:341)
 java.base@17.0.17/java.util.concurrent.locks.AbstractQueuedSynchronizer$ConditionNode.block(AbstractQueuedSynchronizer.java:506)
 java.base@17.0.17/java.util.concurrent.ForkJoinPool.unmanagedBlock(ForkJoinPool.java:3465)
 java.base@17.0.17/java.util.concurrent.ForkJoinPool.managedBlock(ForkJoinPool.java:3436)
 java.base@17.0.17/java.util.concurrent.locks.AbstractQueuedSynchronizer$ConditionObject.await(AbstractQueuedSynchronizer.java:1630)
 java.base@17.0.17/java.util.concurrent.ScheduledThreadPoolExecutor$DelayedWorkQueue.take(ScheduledThreadPoolExecutor.java:1177)
 java.base@17.0.17/java.util.concurrent.ScheduledThreadPoolExecutor$DelayedWorkQueue.take(ScheduledThreadPoolExecutor.java:899)
 java.base@17.0.17/java.util.concurrent.ThreadPoolExecutor.getTask(ThreadPoolExecutor.java:1062)
 java.base@17.0.17/java.util.concurrent.ThreadPoolExecutor.runWorker(ThreadPoolExecutor.java:1122)
 java.base@17.0.17/java.util.concurrent.ThreadPoolExecutor$Worker.run(ThreadPoolExecutor.java:635)
 java.base@17.0.17/java.lang.Thread.run(Thread.java:840)
2026-07-22 17:34:18.363  WARN 54066 --- [       Thread-5] o.a.c.loader.WebappClassLoaderBase       : The web application [ROOT] appears to have started a thread named [pool-1-thread-2] but has failed to stop it. This is very likely to create a memory leak. Stack trace of thread:
 java.base@17.0.17/jdk.internal.misc.Unsafe.park(Native Method)
 java.base@17.0.17/java.util.concurrent.locks.LockSupport.park(LockSupport.java:341)
 java.base@17.0.17/java.util.concurrent.locks.AbstractQueuedSynchronizer$ConditionNode.block(AbstractQueuedSynchronizer.java:506)
 java.base@17.0.17/java.util.concurrent.ForkJoinPool.unmanagedBlock(ForkJoinPool.java:3465)
 java.base@17.0.17/java.util.concurrent.ForkJoinPool.managedBlock(ForkJoinPool.java:3436)
 java.base@17.0.17/java.util.concurrent.locks.AbstractQueuedSynchronizer$ConditionObject.await(AbstractQueuedSynchronizer.java:1630)
 java.base@17.0.17/java.util.concurrent.ScheduledThreadPoolExecutor$DelayedWorkQueue.take(ScheduledThreadPoolExecutor.java:1177)
 java.base@17.0.17/java.util.concurrent.ScheduledThreadPoolExecutor$DelayedWorkQueue.take(ScheduledThreadPoolExecutor.java:899)
 java.base@17.0.17/java.util.concurrent.ThreadPoolExecutor.getTask(ThreadPoolExecutor.java:1062)
 java.base@17.0.17/java.util.concurrent.ThreadPoolExecutor.runWorker(ThreadPoolExecutor.java:1122)
 java.base@17.0.17/java.util.concurrent.ThreadPoolExecutor$Worker.run(ThreadPoolExecutor.java:635)
 java.base@17.0.17/java.lang.Thread.run(Thread.java:840)
2026-07-22 17:34:18.364  WARN 54066 --- [       Thread-5] o.a.c.loader.WebappClassLoaderBase       : The web application [ROOT] appears to have started a thread named [pool-1-thread-3] but has failed to stop it. This is very likely to create a memory leak. Stack trace of thread:
 java.base@17.0.17/jdk.internal.misc.Unsafe.park(Native Method)
 java.base@17.0.17/java.util.concurrent.locks.LockSupport.parkNanos(LockSupport.java:252)
 java.base@17.0.17/java.util.concurrent.locks.AbstractQueuedSynchronizer$ConditionObject.awaitNanos(AbstractQueuedSynchronizer.java:1679)
 java.base@17.0.17/java.util.concurrent.ScheduledThreadPoolExecutor$DelayedWorkQueue.take(ScheduledThreadPoolExecutor.java:1182)
 java.base@17.0.17/java.util.concurrent.ScheduledThreadPoolExecutor$DelayedWorkQueue.take(ScheduledThreadPoolExecutor.java:899)
 java.base@17.0.17/java.util.concurrent.ThreadPoolExecutor.getTask(ThreadPoolExecutor.java:1062)
 java.base@17.0.17/java.util.concurrent.ThreadPoolExecutor.runWorker(ThreadPoolExecutor.java:1122)
 java.base@17.0.17/java.util.concurrent.ThreadPoolExecutor$Worker.run(ThreadPoolExecutor.java:635)
 java.base@17.0.17/java.lang.Thread.run(Thread.java:840)
2026-07-22 17:34:18.364  WARN 54066 --- [       Thread-5] o.a.c.loader.WebappClassLoaderBase       : The web application [ROOT] appears to have started a thread named [pool-1-thread-4] but has failed to stop it. This is very likely to create a memory leak. Stack trace of thread:
 java.base@17.0.17/jdk.internal.misc.Unsafe.park(Native Method)
 java.base@17.0.17/java.util.concurrent.locks.LockSupport.park(LockSupport.java:341)
 java.base@17.0.17/java.util.concurrent.locks.AbstractQueuedSynchronizer$ConditionNode.block(AbstractQueuedSynchronizer.java:506)
 java.base@17.0.17/java.util.concurrent.ForkJoinPool.unmanagedBlock(ForkJoinPool.java:3465)
 java.base@17.0.17/java.util.concurrent.ForkJoinPool.managedBlock(ForkJoinPool.java:3436)
 java.base@17.0.17/java.util.concurrent.locks.AbstractQueuedSynchronizer$ConditionObject.await(AbstractQueuedSynchronizer.java:1630)
 java.base@17.0.17/java.util.concurrent.ScheduledThreadPoolExecutor$DelayedWorkQueue.take(ScheduledThreadPoolExecutor.java:1177)
 java.base@17.0.17/java.util.concurrent.ScheduledThreadPoolExecutor$DelayedWorkQueue.take(ScheduledThreadPoolExecutor.java:899)
 java.base@17.0.17/java.util.concurrent.ThreadPoolExecutor.getTask(ThreadPoolExecutor.java:1062)
 java.base@17.0.17/java.util.concurrent.ThreadPoolExecutor.runWorker(ThreadPoolExecutor.java:1122)
 java.base@17.0.17/java.util.concurrent.ThreadPoolExecutor$Worker.run(ThreadPoolExecutor.java:635)
 java.base@17.0.17/java.lang.Thread.run(Thread.java:840)
2026-07-22 17:34:18.365  WARN 54066 --- [       Thread-5] o.a.c.loader.WebappClassLoaderBase       : The web application [ROOT] appears to have started a thread named [pool-1-thread-5] but has failed to stop it. This is very likely to create a memory leak. Stack trace of thread:
 java.base@17.0.17/jdk.internal.misc.Unsafe.park(Native Method)
 java.base@17.0.17/java.util.concurrent.locks.LockSupport.park(LockSupport.java:341)
 java.base@17.0.17/java.util.concurrent.locks.AbstractQueuedSynchronizer$ConditionNode.block(AbstractQueuedSynchronizer.java:506)
 java.base@17.0.17/java.util.concurrent.ForkJoinPool.unmanagedBlock(ForkJoinPool.java:3465)
 java.base@17.0.17/java.util.concurrent.ForkJoinPool.managedBlock(ForkJoinPool.java:3436)
 java.base@17.0.17/java.util.concurrent.locks.AbstractQueuedSynchronizer$ConditionObject.await(AbstractQueuedSynchronizer.java:1630)
 java.base@17.0.17/java.util.concurrent.ScheduledThreadPoolExecutor$DelayedWorkQueue.take(ScheduledThreadPoolExecutor.java:1177)
 java.base@17.0.17/java.util.concurrent.ScheduledThreadPoolExecutor$DelayedWorkQueue.take(ScheduledThreadPoolExecutor.java:899)
 java.base@17.0.17/java.util.concurrent.ThreadPoolExecutor.getTask(ThreadPoolExecutor.java:1062)
 java.base@17.0.17/java.util.concurrent.ThreadPoolExecutor.runWorker(ThreadPoolExecutor.java:1122)
 java.base@17.0.17/java.util.concurrent.ThreadPoolExecutor$Worker.run(ThreadPoolExecutor.java:635)
 java.base@17.0.17/java.lang.Thread.run(Thread.java:840)
2026-07-22 17:34:18.365  WARN 54066 --- [       Thread-5] o.a.c.loader.WebappClassLoaderBase       : The web application [ROOT] appears to have started a thread named [pool-1-thread-6] but has failed to stop it. This is very likely to create a memory leak. Stack trace of thread:
 java.base@17.0.17/jdk.internal.misc.Unsafe.park(Native Method)
 java.base@17.0.17/java.util.concurrent.locks.LockSupport.park(LockSupport.java:341)
 java.base@17.0.17/java.util.concurrent.locks.AbstractQueuedSynchronizer$ConditionNode.block(AbstractQueuedSynchronizer.java:506)
 java.base@17.0.17/java.util.concurrent.ForkJoinPool.unmanagedBlock(ForkJoinPool.java:3465)
 java.base@17.0.17/java.util.concurrent.ForkJoinPool.managedBlock(ForkJoinPool.java:3436)
 java.base@17.0.17/java.util.concurrent.locks.AbstractQueuedSynchronizer$ConditionObject.await(AbstractQueuedSynchronizer.java:1630)
 java.base@17.0.17/java.util.concurrent.ScheduledThreadPoolExecutor$DelayedWorkQueue.take(ScheduledThreadPoolExecutor.java:1177)
 java.base@17.0.17/java.util.concurrent.ScheduledThreadPoolExecutor$DelayedWorkQueue.take(ScheduledThreadPoolExecutor.java:899)
 java.base@17.0.17/java.util.concurrent.ThreadPoolExecutor.getTask(ThreadPoolExecutor.java:1062)
 java.base@17.0.17/java.util.concurrent.ThreadPoolExecutor.runWorker(ThreadPoolExecutor.java:1122)
 java.base@17.0.17/java.util.concurrent.ThreadPoolExecutor$Worker.run(ThreadPoolExecutor.java:635)
 java.base@17.0.17/java.lang.Thread.run(Thread.java:840)
2026-07-22 17:34:18.365  WARN 54066 --- [       Thread-5] o.a.c.loader.WebappClassLoaderBase       : The web application [ROOT] appears to have started a thread named [pool-1-thread-7] but has failed to stop it. This is very likely to create a memory leak. Stack trace of thread:
 java.base@17.0.17/jdk.internal.misc.Unsafe.park(Native Method)
 java.base@17.0.17/java.util.concurrent.locks.LockSupport.park(LockSupport.java:341)
 java.base@17.0.17/java.util.concurrent.locks.AbstractQueuedSynchronizer$ConditionNode.block(AbstractQueuedSynchronizer.java:506)
 java.base@17.0.17/java.util.concurrent.ForkJoinPool.unmanagedBlock(ForkJoinPool.java:3465)
 java.base@17.0.17/java.util.concurrent.ForkJoinPool.managedBlock(ForkJoinPool.java:3436)
 java.base@17.0.17/java.util.concurrent.locks.AbstractQueuedSynchronizer$ConditionObject.await(AbstractQueuedSynchronizer.java:1630)
 java.base@17.0.17/java.util.concurrent.ScheduledThreadPoolExecutor$DelayedWorkQueue.take(ScheduledThreadPoolExecutor.java:1177)
 java.base@17.0.17/java.util.concurrent.ScheduledThreadPoolExecutor$DelayedWorkQueue.take(ScheduledThreadPoolExecutor.java:899)
 java.base@17.0.17/java.util.concurrent.ThreadPoolExecutor.getTask(ThreadPoolExecutor.java:1062)
 java.base@17.0.17/java.util.concurrent.ThreadPoolExecutor.runWorker(ThreadPoolExecutor.java:1122)
 java.base@17.0.17/java.util.concurrent.ThreadPoolExecutor$Worker.run(ThreadPoolExecutor.java:635)
 java.base@17.0.17/java.lang.Thread.run(Thread.java:840)
2026-07-22 17:34:18.366  WARN 54066 --- [       Thread-5] o.a.c.loader.WebappClassLoaderBase       : The web application [ROOT] appears to have started a thread named [pool-1-thread-8] but has failed to stop it. This is very likely to create a memory leak. Stack trace of thread:
 java.base@17.0.17/jdk.internal.misc.Unsafe.park(Native Method)
 java.base@17.0.17/java.util.concurrent.locks.LockSupport.park(LockSupport.java:341)
 java.base@17.0.17/java.util.concurrent.locks.AbstractQueuedSynchronizer$ConditionNode.block(AbstractQueuedSynchronizer.java:506)
 java.base@17.0.17/java.util.concurrent.ForkJoinPool.unmanagedBlock(ForkJoinPool.java:3465)
 java.base@17.0.17/java.util.concurrent.ForkJoinPool.managedBlock(ForkJoinPool.java:3436)
 java.base@17.0.17/java.util.concurrent.locks.AbstractQueuedSynchronizer$ConditionObject.await(AbstractQueuedSynchronizer.java:1630)
 java.base@17.0.17/java.util.concurrent.ScheduledThreadPoolExecutor$DelayedWorkQueue.take(ScheduledThreadPoolExecutor.java:1177)
 java.base@17.0.17/java.util.concurrent.ScheduledThreadPoolExecutor$DelayedWorkQueue.take(ScheduledThreadPoolExecutor.java:899)
 java.base@17.0.17/java.util.concurrent.ThreadPoolExecutor.getTask(ThreadPoolExecutor.java:1062)
 java.base@17.0.17/java.util.concurrent.ThreadPoolExecutor.runWorker(ThreadPoolExecutor.java:1122)
 java.base@17.0.17/java.util.concurrent.ThreadPoolExecutor$Worker.run(ThreadPoolExecutor.java:635)
 java.base@17.0.17/java.lang.Thread.run(Thread.java:840)
2026-07-22 17:34:18.366  WARN 54066 --- [       Thread-5] o.a.c.loader.WebappClassLoaderBase       : The web application [ROOT] appears to have started a thread named [pool-1-thread-9] but has failed to stop it. This is very likely to create a memory leak. Stack trace of thread:
 java.base@17.0.17/jdk.internal.misc.Unsafe.park(Native Method)
 java.base@17.0.17/java.util.concurrent.locks.LockSupport.park(LockSupport.java:341)
 java.base@17.0.17/java.util.concurrent.locks.AbstractQueuedSynchronizer$ConditionNode.block(AbstractQueuedSynchronizer.java:506)
 java.base@17.0.17/java.util.concurrent.ForkJoinPool.unmanagedBlock(ForkJoinPool.java:3465)
 java.base@17.0.17/java.util.concurrent.ForkJoinPool.managedBlock(ForkJoinPool.java:3436)
 java.base@17.0.17/java.util.concurrent.locks.AbstractQueuedSynchronizer$ConditionObject.await(AbstractQueuedSynchronizer.java:1630)
 java.base@17.0.17/java.util.concurrent.ScheduledThreadPoolExecutor$DelayedWorkQueue.take(ScheduledThreadPoolExecutor.java:1177)
 java.base@17.0.17/java.util.concurrent.ScheduledThreadPoolExecutor$DelayedWorkQueue.take(ScheduledThreadPoolExecutor.java:899)
 java.base@17.0.17/java.util.concurrent.ThreadPoolExecutor.getTask(ThreadPoolExecutor.java:1062)
 java.base@17.0.17/java.util.concurrent.ThreadPoolExecutor.runWorker(ThreadPoolExecutor.java:1122)
 java.base@17.0.17/java.util.concurrent.ThreadPoolExecutor$Worker.run(ThreadPoolExecutor.java:635)
 java.base@17.0.17/java.lang.Thread.run(Thread.java:840)
2026-07-22 17:34:18.367  WARN 54066 --- [       Thread-5] o.a.c.loader.WebappClassLoaderBase       : The web application [ROOT] appears to have started a thread named [pool-1-thread-10] but has failed to stop it. This is very likely to create a memory leak. Stack trace of thread:
 java.base@17.0.17/jdk.internal.misc.Unsafe.park(Native Method)
 java.base@17.0.17/java.util.concurrent.locks.LockSupport.park(LockSupport.java:341)
 java.base@17.0.17/java.util.concurrent.locks.AbstractQueuedSynchronizer$ConditionNode.block(AbstractQueuedSynchronizer.java:506)
 java.base@17.0.17/java.util.concurrent.ForkJoinPool.unmanagedBlock(ForkJoinPool.java:3465)
 java.base@17.0.17/java.util.concurrent.ForkJoinPool.managedBlock(ForkJoinPool.java:3436)
 java.base@17.0.17/java.util.concurrent.locks.AbstractQueuedSynchronizer$ConditionObject.await(AbstractQueuedSynchronizer.java:1630)
 java.base@17.0.17/java.util.concurrent.ScheduledThreadPoolExecutor$DelayedWorkQueue.take(ScheduledThreadPoolExecutor.java:1177)
 java.base@17.0.17/java.util.concurrent.ScheduledThreadPoolExecutor$DelayedWorkQueue.take(ScheduledThreadPoolExecutor.java:899)
 java.base@17.0.17/java.util.concurrent.ThreadPoolExecutor.getTask(ThreadPoolExecutor.java:1062)
 java.base@17.0.17/java.util.concurrent.ThreadPoolExecutor.runWorker(ThreadPoolExecutor.java:1122)
 java.base@17.0.17/java.util.concurrent.ThreadPoolExecutor$Worker.run(ThreadPoolExecutor.java:635)
 java.base@17.0.17/java.lang.Thread.run(Thread.java:840)
2026-07-22 17:34:18.647  INFO 54066 --- [       Thread-5] j.LocalContainerEntityManagerFactoryBean : Closing JPA EntityManagerFactory for persistence unit 'default'
2026-07-22 17:34:18.678  INFO 54066 --- [       Thread-5] com.zaxxer.hikari.HikariDataSource       : HikariPool-1 - Shutdown initiated...
2026-07-22 17:34:18.687  INFO 54066 --- [       Thread-5] com.zaxxer.hikari.HikariDataSource       : HikariPool-1 - Shutdown completed.
Iniciando sistema
2026-07-22 17:34:19.122 ERROR 54066 --- [  restartedMain] o.s.boot.SpringApplication               : Application run failed

java.lang.IllegalArgumentException: Unable to instantiate com.franco.dev.config.UserDevPropertiesEnvironmentPostProcessor [org.springframework.boot.env.EnvironmentPostProcessor]
	at org.springframework.boot.util.Instantiator.lambda$static$0(Instantiator.java:53) ~[spring-boot-2.7.18.jar:2.7.18]
	at org.springframework.boot.util.Instantiator.instantiate(Instantiator.java:153) ~[spring-boot-2.7.18.jar:2.7.18]
	at java.base/java.util.stream.ReferencePipeline$3$1.accept(ReferencePipeline.java:197) ~[na:na]
	at java.base/java.util.stream.ReferencePipeline$3$1.accept(ReferencePipeline.java:197) ~[na:na]
	at java.base/java.util.ArrayList$ArrayListSpliterator.forEachRemaining(ArrayList.java:1625) ~[na:na]
	at java.base/java.util.stream.AbstractPipeline.copyInto(AbstractPipeline.java:509) ~[na:na]
	at java.base/java.util.stream.AbstractPipeline.wrapAndCopyInto(AbstractPipeline.java:499) ~[na:na]
	at java.base/java.util.stream.ReduceOps$ReduceOp.evaluateSequential(ReduceOps.java:921) ~[na:na]
	at java.base/java.util.stream.AbstractPipeline.evaluate(AbstractPipeline.java:234) ~[na:na]
	at java.base/java.util.stream.ReferencePipeline.collect(ReferencePipeline.java:682) ~[na:na]
	at org.springframework.boot.util.Instantiator.instantiate(Instantiator.java:141) ~[spring-boot-2.7.18.jar:2.7.18]
	at org.springframework.boot.util.Instantiator.instantiate(Instantiator.java:126) ~[spring-boot-2.7.18.jar:2.7.18]
	at org.springframework.boot.env.ReflectionEnvironmentPostProcessorsFactory.getEnvironmentPostProcessors(ReflectionEnvironmentPostProcessorsFactory.java:72) ~[spring-boot-2.7.18.jar:2.7.18]
	at org.springframework.boot.env.EnvironmentPostProcessorApplicationListener.getEnvironmentPostProcessors(EnvironmentPostProcessorApplicationListener.java:122) ~[spring-boot-2.7.18.jar:2.7.18]
	at org.springframework.boot.env.EnvironmentPostProcessorApplicationListener.onApplicationEnvironmentPreparedEvent(EnvironmentPostProcessorApplicationListener.java:100) ~[spring-boot-2.7.18.jar:2.7.18]
	at org.springframework.boot.env.EnvironmentPostProcessorApplicationListener.onApplicationEvent(EnvironmentPostProcessorApplicationListener.java:87) ~[spring-boot-2.7.18.jar:2.7.18]
	at org.springframework.context.event.SimpleApplicationEventMulticaster.doInvokeListener(SimpleApplicationEventMulticaster.java:178) ~[spring-context-5.3.31.jar:5.3.31]
	at org.springframework.context.event.SimpleApplicationEventMulticaster.invokeListener(SimpleApplicationEventMulticaster.java:171) ~[spring-context-5.3.31.jar:5.3.31]
	at org.springframework.context.event.SimpleApplicationEventMulticaster.multicastEvent(SimpleApplicationEventMulticaster.java:145) ~[spring-context-5.3.31.jar:5.3.31]
	at org.springframework.context.event.SimpleApplicationEventMulticaster.multicastEvent(SimpleApplicationEventMulticaster.java:133) ~[spring-context-5.3.31.jar:5.3.31]
	at org.springframework.boot.context.event.EventPublishingRunListener.environmentPrepared(EventPublishingRunListener.java:85) ~[spring-boot-2.7.18.jar:2.7.18]
	at org.springframework.boot.SpringApplicationRunListeners.lambda$environmentPrepared$2(SpringApplicationRunListeners.java:66) ~[spring-boot-2.7.18.jar:2.7.18]
	at java.base/java.util.ArrayList.forEach(ArrayList.java:1511) ~[na:na]
	at org.springframework.boot.SpringApplicationRunListeners.doWithListeners(SpringApplicationRunListeners.java:120) ~[spring-boot-2.7.18.jar:2.7.18]
	at org.springframework.boot.SpringApplicationRunListeners.doWithListeners(SpringApplicationRunListeners.java:114) ~[spring-boot-2.7.18.jar:2.7.18]
	at org.springframework.boot.SpringApplicationRunListeners.environmentPrepared(SpringApplicationRunListeners.java:65) ~[spring-boot-2.7.18.jar:2.7.18]
	at org.springframework.boot.SpringApplication.prepareEnvironment(SpringApplication.java:344) ~[spring-boot-2.7.18.jar:2.7.18]
	at org.springframework.boot.SpringApplication.run(SpringApplication.java:302) ~[spring-boot-2.7.18.jar:2.7.18]
	at org.springframework.boot.SpringApplication.run(SpringApplication.java:1300) ~[spring-boot-2.7.18.jar:2.7.18]
	at org.springframework.boot.SpringApplication.run(SpringApplication.java:1289) ~[spring-boot-2.7.18.jar:2.7.18]
	at com.franco.dev.FrancoSystemsApplication.main(FrancoSystemsApplication.java:45) ~[classes/:na]
	at java.base/jdk.internal.reflect.NativeMethodAccessorImpl.invoke0(Native Method) ~[na:na]
	at java.base/jdk.internal.reflect.NativeMethodAccessorImpl.invoke(NativeMethodAccessorImpl.java:77) ~[na:na]
	at java.base/jdk.internal.reflect.DelegatingMethodAccessorImpl.invoke(DelegatingMethodAccessorImpl.java:43) ~[na:na]
	at java.base/java.lang.reflect.Method.invoke(Method.java:569) ~[na:na]
	at org.springframework.boot.devtools.restart.RestartLauncher.run(RestartLauncher.java:50) ~[spring-boot-devtools-2.7.18.jar:2.7.18]
Caused by: java.lang.ClassNotFoundException: com.franco.dev.config.UserDevPropertiesEnvironmentPostProcessor
	at java.base/jdk.internal.loader.BuiltinClassLoader.loadClass(BuiltinClassLoader.java:641) ~[na:na]
	at java.base/jdk.internal.loader.ClassLoaders$AppClassLoader.loadClass(ClassLoaders.java:188) ~[na:na]
	at java.base/java.lang.ClassLoader.loadClass(ClassLoader.java:525) ~[na:na]
	at java.base/java.lang.Class.forName0(Native Method) ~[na:na]
	at java.base/java.lang.Class.forName(Class.java:469) ~[na:na]
	at org.springframework.boot.devtools.restart.classloader.RestartClassLoader.loadClass(RestartClassLoader.java:145) ~[spring-boot-devtools-2.7.18.jar:2.7.18]
	at java.base/java.lang.ClassLoader.loadClass(ClassLoader.java:525) ~[na:na]
	at java.base/java.lang.Class.forName0(Native Method) ~[na:na]
	at java.base/java.lang.Class.forName(Class.java:469) ~[na:na]
	at org.springframework.util.ClassUtils.forName(ClassUtils.java:291) ~[spring-core-5.3.31.jar:5.3.31]
	at org.springframework.boot.util.Instantiator$TypeSupplier$1.get(Instantiator.java:233) ~[spring-boot-2.7.18.jar:2.7.18]
	at org.springframework.boot.util.Instantiator.instantiate(Instantiator.java:148) ~[spring-boot-2.7.18.jar:2.7.18]
	... 34 common frames omitted

Iniciando sistema

  .   ____          _            __ _ _
 /\\ / ___'_ __ _ _(_)_ __  __ _ \ \ \ \
( ( )\___ | '_ | '_| | '_ \/ _` | \ \ \ \
 \\/  ___)| |_)| | | | | || (_| |  ) ) ) )
  '  |____| .__|_| |_|_| |_\__, | / / / /
 =========|_|==============|___/=/_/_/_/
 :: Spring Boot ::               (v2.7.18)

2026-07-22 17:34:50.808  INFO 54066 --- [  restartedMain] com.franco.dev.FrancoSystemsApplication  : Starting FrancoSystemsApplication using Java 17.0.17 on IMACs-iMac.local with PID 54066 (/Users/gabfranck/workspace/frc-sistemas-informaticos/frc-comercial/central/target/classes started by gabfranck in /Users/gabfranck/workspace/frc-sistemas-informaticos/frc-comercial/central)
2026-07-22 17:34:50.809  INFO 54066 --- [  restartedMain] com.franco.dev.FrancoSystemsApplication  : The following 1 profile is active: "dev"
2026-07-22 17:34:51.791  INFO 54066 --- [  restartedMain] .s.d.r.c.RepositoryConfigurationDelegate : Bootstrapping Spring Data JPA repositories in DEFAULT mode.
2026-07-22 17:34:52.313  INFO 54066 --- [  restartedMain] .s.d.r.c.RepositoryConfigurationDelegate : Finished Spring Data repository scanning in 521 ms. Found 221 JPA repository interfaces.
2026-07-22 17:34:52.890  INFO 54066 --- [  restartedMain] o.s.b.w.embedded.tomcat.TomcatWebServer  : Tomcat initialized with port(s): 8081 (http)
2026-07-22 17:34:52.891  INFO 54066 --- [  restartedMain] o.apache.catalina.core.StandardService   : Starting service [Tomcat]
2026-07-22 17:34:52.891  INFO 54066 --- [  restartedMain] org.apache.catalina.core.StandardEngine  : Starting Servlet engine: [Apache Tomcat/9.0.83]
2026-07-22 17:34:52.933  INFO 54066 --- [  restartedMain] o.a.c.c.C.[Tomcat].[localhost].[/]       : Initializing Spring embedded WebApplicationContext
2026-07-22 17:34:52.933  INFO 54066 --- [  restartedMain] w.s.c.ServletWebServerApplicationContext : Root WebApplicationContext: initialization completed in 2122 ms
2026-07-22 17:34:53.175  INFO 54066 --- [  restartedMain] c.f.d.c.RetryableDatabasePostProcessor   : -----> configuring a retryable datasource for beanName = dataSource
2026-07-22 17:34:53.193  INFO 54066 --- [  restartedMain] c.f.dev.config.multitenant.FlywayConfig  : Scanning for duplicate migrations in: target/classes/db/migration
2026-07-22 17:34:53.199  INFO 54066 --- [  restartedMain] c.f.dev.config.multitenant.FlywayConfig  : Duplicate migration cleanup complete
2026-07-22 17:34:53.207  INFO 54066 --- [  restartedMain] o.f.c.internal.license.VersionPrinter    : Flyway Community Edition 8.5.13 by Redgate
2026-07-22 17:34:53.207  INFO 54066 --- [  restartedMain] o.f.c.internal.license.VersionPrinter    : See what's new here: https://flywaydb.org/documentation/learnmore/releaseNotes#8.5.13
2026-07-22 17:34:53.207  INFO 54066 --- [  restartedMain] o.f.c.internal.license.VersionPrinter    : 
2026-07-22 17:34:53.219  INFO 54066 --- [  restartedMain] o.f.c.i.resource.ResourceNameValidator   : 1 SQL migrations were detected but not run because they did not follow the filename convention.
2026-07-22 17:34:53.220  INFO 54066 --- [  restartedMain] o.f.c.i.resource.ResourceNameValidator   : If this is in error, enable debug logging or 'validateMigrationNaming' to fail fast and see a list of the invalid file names.
2026-07-22 17:34:53.230  INFO 54066 --- [  restartedMain] o.f.c.i.database.base.BaseDatabaseType   : Database: jdbc:postgresql://localhost:5551/bodega_producto_devoluciones (PostgreSQL 16.4)
2026-07-22 17:34:53.232  WARN 54066 --- [  restartedMain] o.f.c.internal.database.base.Database    : Flyway upgrade recommended: PostgreSQL 16.4 is newer than this version of Flyway and support has not been tested. The latest supported version of PostgreSQL is 14.
2026-07-22 17:34:53.240  INFO 54066 --- [  restartedMain] o.f.c.i.s.JdbcTableSchemaHistory         : Repair of failed migration in Schema History table "public"."flyway_schema_history" not necessary. No failed migration detected.
2026-07-22 17:34:53.354  INFO 54066 --- [  restartedMain] o.f.core.internal.command.DbRepair       : Successfully repaired schema history table "public"."flyway_schema_history" (execution time 00:00.121s).
2026-07-22 17:34:53.355  INFO 54066 --- [  restartedMain] o.f.c.internal.license.VersionPrinter    : Flyway Community Edition 8.5.13 by Redgate
2026-07-22 17:34:53.355  INFO 54066 --- [  restartedMain] o.f.c.internal.license.VersionPrinter    : See what's new here: https://flywaydb.org/documentation/learnmore/releaseNotes#8.5.13
2026-07-22 17:34:53.355  INFO 54066 --- [  restartedMain] o.f.c.internal.license.VersionPrinter    : 
2026-07-22 17:34:53.358  INFO 54066 --- [  restartedMain] o.f.c.i.resource.ResourceNameValidator   : 1 SQL migrations were detected but not run because they did not follow the filename convention.
2026-07-22 17:34:53.358  INFO 54066 --- [  restartedMain] o.f.c.i.resource.ResourceNameValidator   : If this is in error, enable debug logging or 'validateMigrationNaming' to fail fast and see a list of the invalid file names.
2026-07-22 17:34:53.366  WARN 54066 --- [  restartedMain] o.f.c.internal.database.base.Database    : Flyway upgrade recommended: PostgreSQL 16.4 is newer than this version of Flyway and support has not been tested. The latest supported version of PostgreSQL is 14.
2026-07-22 17:34:53.432  INFO 54066 --- [  restartedMain] o.f.core.internal.command.DbMigrate      : Current version of schema "public": 166.0
2026-07-22 17:34:53.432  WARN 54066 --- [  restartedMain] o.f.core.internal.command.DbMigrate      : outOfOrder mode is active. Migration of schema "public" may not be reproducible.
2026-07-22 17:34:53.446  INFO 54066 --- [  restartedMain] o.f.core.internal.command.DbMigrate      : Migrating schema "public" to version "167.0 - rrhh vacacion venta aprobacion"
2026-07-22 17:34:53.482  INFO 54066 --- [  restartedMain] o.f.core.internal.command.DbMigrate      : Successfully applied 1 migration to schema "public", now at version v167.0 (execution time 00:00.112s)
2026-07-22 17:34:53.582  INFO 54066 --- [  restartedMain] o.hibernate.jpa.internal.util.LogHelper  : HHH000204: Processing PersistenceUnitInfo [name: default]
2026-07-22 17:34:53.600  INFO 54066 --- [  restartedMain] org.hibernate.dialect.Dialect            : HHH000400: Using dialect: org.hibernate.dialect.PostgreSQLDialect
2026-07-22 17:34:53.820  INFO 54066 --- [  restartedMain] b.i.HibernateSearchPreIntegrationService : HSEARCH000034: Hibernate Search version 6.2.5.Final
2026-07-22 17:34:55.281  INFO 54066 --- [  restartedMain] o.h.e.t.j.p.i.JtaPlatformInitiator       : HHH000490: Using JtaPlatform implementation: [org.hibernate.engine.transaction.jta.platform.internal.NoJtaPlatform]
2026-07-22 17:34:55.740  WARN 54066 --- [  restartedMain] o.h.s.b.l.impl.LuceneBackendFactory      : HSEARCH000075: Missing value for configuration property 'hibernate.search.backend.lucene_version': using LATEST (currently '8.11.2'). Context: default backend
2026-07-22 17:34:55.752  WARN 54066 --- [  restartedMain] o.h.s.e.c.s.ConfigurationPropertyChecker : HSEARCH000568: Invalid configuration passed to Hibernate Search: some properties in the given configuration are not used. There might be misspelled property keys in your configuration. Unused properties: [hibernate.search.indexing.automatic.enabled]. To disable this warning, set the property 'hibernate.search.configuration_property_checking.strategy' to 'ignore'.
2026-07-22 17:34:55.753  INFO 54066 --- [  restartedMain] j.LocalContainerEntityManagerFactoryBean : Initialized JPA EntityManagerFactory for persistence unit 'default'
2026-07-22 17:34:55.925  WARN 54066 --- [  restartedMain] o.h.dialect.function.TemplateRenderer    : HHH000174: Function template anticipated 4 arguments, but 1 arguments encountered
2026-07-22 17:34:56.111  WARN 54066 --- [  restartedMain] c.franco.dev.service.utils.ImageService  : Mac OS X
2026-07-22 17:34:56.134  INFO 54066 --- [  restartedMain] com.zaxxer.hikari.HikariDataSource       : HikariPool-2 - Starting...
2026-07-22 17:34:56.142  INFO 54066 --- [  restartedMain] com.zaxxer.hikari.HikariDataSource       : HikariPool-2 - Start completed.
2026-07-22 17:34:56.203  INFO 54066 --- [  restartedMain] c.f.d.s.p.UsuarioEmbeddingCacheService   : Caché de embeddings faciales: 0 usuarios activos con galería
2026-07-22 17:34:59.121  INFO 54066 --- [  restartedMain] c.franco.dev.fmc.service.FCMInitializer  : Initializing Firebase using config path: file:/opt/frc-backend-central/central/secrets/bodega-franco-frc-18e8c6ef35cf.json
2026-07-22 17:34:59.121 ERROR 54066 --- [  restartedMain] c.franco.dev.fmc.service.FCMInitializer  : Error initializing Firebase: config file not found at file:/opt/frc-backend-central/central/secrets/bodega-franco-frc-18e8c6ef35cf.json
2026-07-22 17:35:01.983  WARN 54066 --- [  restartedMain] o.h.dialect.function.TemplateRenderer    : HHH000174: Function template anticipated 4 arguments, but 1 arguments encountered
2026-07-22 17:35:01.983  WARN 54066 --- [  restartedMain] o.h.dialect.function.TemplateRenderer    : HHH000174: Function template anticipated 4 arguments, but 1 arguments encountered
2026-07-22 17:35:01.983  WARN 54066 --- [  restartedMain] o.h.dialect.function.TemplateRenderer    : HHH000174: Function template anticipated 4 arguments, but 1 arguments encountered
2026-07-22 17:35:01.983  WARN 54066 --- [  restartedMain] o.h.dialect.function.TemplateRenderer    : HHH000174: Function template anticipated 4 arguments, but 1 arguments encountered
2026-07-22 17:35:15.232 ERROR 54066 --- [  restartedMain] o.s.b.web.embedded.tomcat.TomcatStarter  : Error starting Tomcat context. Exception: org.springframework.beans.factory.UnsatisfiedDependencyException. Message: Error creating bean with name 'graphQLServletRegistrationBean' defined in class path resource [graphql/kickstart/spring/web/boot/GraphQLWebAutoConfiguration.class]: Unsatisfied dependency expressed through method 'graphQLServletRegistrationBean' parameter 0; nested exception is org.springframework.beans.factory.UnsatisfiedDependencyException: Error creating bean with name 'graphQLHttpServlet' defined in class path resource [graphql/kickstart/spring/web/boot/GraphQLWebAutoConfiguration.class]: Unsatisfied dependency expressed through method 'graphQLHttpServlet' parameter 0; nested exception is org.springframework.beans.factory.UnsatisfiedDependencyException: Error creating bean with name 'graphQLServletConfiguration' defined in class path resource [graphql/kickstart/spring/web/boot/GraphQLWebAutoConfiguration.class]: Unsatisfied dependency expressed through method 'graphQLServletConfiguration' parameter 0; nested exception is org.springframework.beans.factory.UnsatisfiedDependencyException: Error creating bean with name 'invocationInputFactory' defined in class path resource [graphql/kickstart/spring/web/boot/GraphQLWebAutoConfiguration.class]: Unsatisfied dependency expressed through method 'invocationInputFactory' parameter 0; nested exception is org.springframework.beans.factory.UnsatisfiedDependencyException: Error creating bean with name 'graphQLSchemaProvider' defined in class path resource [graphql/kickstart/spring/web/boot/GraphQLWebAutoConfiguration.class]: Unsatisfied dependency expressed through method 'graphQLSchemaProvider' parameter 0; nested exception is org.springframework.beans.factory.UnsatisfiedDependencyException: Error creating bean with name 'graphQLSchema' defined in class path resource [graphql/kickstart/tools/boot/GraphQLJavaToolsAutoConfiguration.class]: Unsatisfied dependency expressed through method 'graphQLSchema' parameter 0; nested exception is org.springframework.beans.factory.UnsatisfiedDependencyException: Error creating bean with name 'schemaParser' defined in class path resource [graphql/kickstart/tools/boot/GraphQLJavaToolsAutoConfiguration.class]: Unsatisfied dependency expressed through method 'schemaParser' parameter 4; nested exception is org.springframework.beans.factory.BeanCreationException: Error creating bean with name 'dateScalar' defined in class path resource [com/franco/dev/graphql/scalar/DateScalarConfiguration.class]: Bean instantiation via factory method failed; nested exception is org.springframework.beans.BeanInstantiationException: Failed to instantiate [graphql.schema.GraphQLScalarType]: Factory method 'dateScalar' threw exception; nested exception is java.lang.NoClassDefFoundError: com/franco/dev/graphql/scalar/DateScalarConfiguration$1
2026-07-22 17:35:15.233  INFO 54066 --- [  restartedMain] o.apache.catalina.core.StandardService   : Stopping service [Tomcat]
2026-07-22 17:35:15.234  WARN 54066 --- [  restartedMain] o.a.c.loader.WebappClassLoaderBase       : The web application [ROOT] appears to have started a thread named [Hibernate Search - Engine - Timing thread - 0] but has failed to stop it. This is very likely to create a memory leak. Stack trace of thread:
 java.base@17.0.17/jdk.internal.misc.Unsafe.park(Native Method)
 java.base@17.0.17/java.util.concurrent.locks.LockSupport.parkNanos(LockSupport.java:252)
 java.base@17.0.17/java.util.concurrent.locks.AbstractQueuedSynchronizer$ConditionObject.awaitNanos(AbstractQueuedSynchronizer.java:1679)
 java.base@17.0.17/java.util.concurrent.ScheduledThreadPoolExecutor$DelayedWorkQueue.take(ScheduledThreadPoolExecutor.java:1182)
 java.base@17.0.17/java.util.concurrent.ScheduledThreadPoolExecutor$DelayedWorkQueue.take(ScheduledThreadPoolExecutor.java:899)
 java.base@17.0.17/java.util.concurrent.ThreadPoolExecutor.getTask(ThreadPoolExecutor.java:1062)
 java.base@17.0.17/java.util.concurrent.ThreadPoolExecutor.runWorker(ThreadPoolExecutor.java:1122)
 java.base@17.0.17/java.util.concurrent.ThreadPoolExecutor$Worker.run(ThreadPoolExecutor.java:635)
 java.base@17.0.17/java.lang.Thread.run(Thread.java:840)
2026-07-22 17:35:15.235  WARN 54066 --- [  restartedMain] o.a.c.loader.WebappClassLoaderBase       : The web application [ROOT] appears to have started a thread named [Hibernate Search - default backend - Worker thread - 0] but has failed to stop it. This is very likely to create a memory leak. Stack trace of thread:
 java.base@17.0.17/jdk.internal.misc.Unsafe.park(Native Method)
 java.base@17.0.17/java.util.concurrent.locks.LockSupport.park(LockSupport.java:341)
 java.base@17.0.17/java.util.concurrent.locks.AbstractQueuedSynchronizer$ConditionNode.block(AbstractQueuedSynchronizer.java:506)
 java.base@17.0.17/java.util.concurrent.ForkJoinPool.unmanagedBlock(ForkJoinPool.java:3465)
 java.base@17.0.17/java.util.concurrent.ForkJoinPool.managedBlock(ForkJoinPool.java:3436)
 java.base@17.0.17/java.util.concurrent.locks.AbstractQueuedSynchronizer$ConditionObject.await(AbstractQueuedSynchronizer.java:1630)
 java.base@17.0.17/java.util.concurrent.ScheduledThreadPoolExecutor$DelayedWorkQueue.take(ScheduledThreadPoolExecutor.java:1170)
 java.base@17.0.17/java.util.concurrent.ScheduledThreadPoolExecutor$DelayedWorkQueue.take(ScheduledThreadPoolExecutor.java:899)
 java.base@17.0.17/java.util.concurrent.ThreadPoolExecutor.getTask(ThreadPoolExecutor.java:1062)
 java.base@17.0.17/java.util.concurrent.ThreadPoolExecutor.runWorker(ThreadPoolExecutor.java:1122)
 java.base@17.0.17/java.util.concurrent.ThreadPoolExecutor$Worker.run(ThreadPoolExecutor.java:635)
 java.base@17.0.17/java.lang.Thread.run(Thread.java:840)
2026-07-22 17:35:15.235  WARN 54066 --- [  restartedMain] o.a.c.loader.WebappClassLoaderBase       : The web application [ROOT] appears to have started a thread named [Hibernate Search - default backend - Worker thread - 1] but has failed to stop it. This is very likely to create a memory leak. Stack trace of thread:
 java.base@17.0.17/jdk.internal.misc.Unsafe.park(Native Method)
 java.base@17.0.17/java.util.concurrent.locks.LockSupport.park(LockSupport.java:341)
 java.base@17.0.17/java.util.concurrent.locks.AbstractQueuedSynchronizer$ConditionNode.block(AbstractQueuedSynchronizer.java:506)
 java.base@17.0.17/java.util.concurrent.ForkJoinPool.unmanagedBlock(ForkJoinPool.java:3465)
 java.base@17.0.17/java.util.concurrent.ForkJoinPool.managedBlock(ForkJoinPool.java:3436)
 java.base@17.0.17/java.util.concurrent.locks.AbstractQueuedSynchronizer$ConditionObject.await(AbstractQueuedSynchronizer.java:1630)
 java.base@17.0.17/java.util.concurrent.ScheduledThreadPoolExecutor$DelayedWorkQueue.take(ScheduledThreadPoolExecutor.java:1170)
 java.base@17.0.17/java.util.concurrent.ScheduledThreadPoolExecutor$DelayedWorkQueue.take(ScheduledThreadPoolExecutor.java:899)
 java.base@17.0.17/java.util.concurrent.ThreadPoolExecutor.getTask(ThreadPoolExecutor.java:1062)
 java.base@17.0.17/java.util.concurrent.ThreadPoolExecutor.runWorker(ThreadPoolExecutor.java:1122)
 java.base@17.0.17/java.util.concurrent.ThreadPoolExecutor$Worker.run(ThreadPoolExecutor.java:635)
 java.base@17.0.17/java.lang.Thread.run(Thread.java:840)
2026-07-22 17:35:15.235  WARN 54066 --- [  restartedMain] o.a.c.loader.WebappClassLoaderBase       : The web application [ROOT] appears to have started a thread named [HikariPool-2 housekeeper] but has failed to stop it. This is very likely to create a memory leak. Stack trace of thread:
 java.base@17.0.17/jdk.internal.misc.Unsafe.park(Native Method)
 java.base@17.0.17/java.util.concurrent.locks.LockSupport.parkNanos(LockSupport.java:252)
 java.base@17.0.17/java.util.concurrent.locks.AbstractQueuedSynchronizer$ConditionObject.awaitNanos(AbstractQueuedSynchronizer.java:1679)
 java.base@17.0.17/java.util.concurrent.ScheduledThreadPoolExecutor$DelayedWorkQueue.take(ScheduledThreadPoolExecutor.java:1182)
 java.base@17.0.17/java.util.concurrent.ScheduledThreadPoolExecutor$DelayedWorkQueue.take(ScheduledThreadPoolExecutor.java:899)
 java.base@17.0.17/java.util.concurrent.ThreadPoolExecutor.getTask(ThreadPoolExecutor.java:1062)
 java.base@17.0.17/java.util.concurrent.ThreadPoolExecutor.runWorker(ThreadPoolExecutor.java:1122)
 java.base@17.0.17/java.util.concurrent.ThreadPoolExecutor$Worker.run(ThreadPoolExecutor.java:635)
 java.base@17.0.17/java.lang.Thread.run(Thread.java:840)
2026-07-22 17:35:15.236  WARN 54066 --- [  restartedMain] ConfigServletWebServerApplicationContext : Exception encountered during context initialization - cancelling refresh attempt: org.springframework.context.ApplicationContextException: Unable to start web server; nested exception is org.springframework.boot.web.server.WebServerException: Unable to start embedded Tomcat
2026-07-22 17:35:15.491  INFO 54066 --- [  restartedMain] j.LocalContainerEntityManagerFactoryBean : Closing JPA EntityManagerFactory for persistence unit 'default'
2026-07-22 17:35:15.493  INFO 54066 --- [  restartedMain] com.zaxxer.hikari.HikariDataSource       : HikariPool-2 - Shutdown initiated...
2026-07-22 17:35:15.505  INFO 54066 --- [  restartedMain] com.zaxxer.hikari.HikariDataSource       : HikariPool-2 - Shutdown completed.
2026-07-22 17:35:15.523  INFO 54066 --- [  restartedMain] ConditionEvaluationReportLoggingListener : 

Error starting ApplicationContext. To display the conditions report re-run your application with 'debug' enabled.
2026-07-22 17:35:15.536 ERROR 54066 --- [  restartedMain] o.s.boot.SpringApplication               : Application run failed

org.springframework.context.ApplicationContextException: Unable to start web server; nested exception is org.springframework.boot.web.server.WebServerException: Unable to start embedded Tomcat
	at org.springframework.boot.web.servlet.context.ServletWebServerApplicationContext.onRefresh(ServletWebServerApplicationContext.java:165) ~[spring-boot-2.7.18.jar:2.7.18]
	at org.springframework.context.support.AbstractApplicationContext.refresh(AbstractApplicationContext.java:585) ~[spring-context-5.3.31.jar:5.3.31]
	at org.springframework.boot.web.servlet.context.ServletWebServerApplicationContext.refresh(ServletWebServerApplicationContext.java:147) ~[spring-boot-2.7.18.jar:2.7.18]
	at org.springframework.boot.SpringApplication.refresh(SpringApplication.java:732) ~[spring-boot-2.7.18.jar:2.7.18]
	at org.springframework.boot.SpringApplication.refreshContext(SpringApplication.java:409) ~[spring-boot-2.7.18.jar:2.7.18]
	at org.springframework.boot.SpringApplication.run(SpringApplication.java:308) ~[spring-boot-2.7.18.jar:2.7.18]
	at org.springframework.boot.SpringApplication.run(SpringApplication.java:1300) ~[spring-boot-2.7.18.jar:2.7.18]
	at org.springframework.boot.SpringApplication.run(SpringApplication.java:1289) ~[spring-boot-2.7.18.jar:2.7.18]
	at com.franco.dev.FrancoSystemsApplication.main(FrancoSystemsApplication.java:45) ~[classes/:na]
	at java.base/jdk.internal.reflect.NativeMethodAccessorImpl.invoke0(Native Method) ~[na:na]
	at java.base/jdk.internal.reflect.NativeMethodAccessorImpl.invoke(NativeMethodAccessorImpl.java:77) ~[na:na]
	at java.base/jdk.internal.reflect.DelegatingMethodAccessorImpl.invoke(DelegatingMethodAccessorImpl.java:43) ~[na:na]
	at java.base/java.lang.reflect.Method.invoke(Method.java:569) ~[na:na]
	at org.springframework.boot.devtools.restart.RestartLauncher.run(RestartLauncher.java:50) ~[spring-boot-devtools-2.7.18.jar:2.7.18]
Caused by: org.springframework.boot.web.server.WebServerException: Unable to start embedded Tomcat
	at org.springframework.boot.web.embedded.tomcat.TomcatWebServer.initialize(TomcatWebServer.java:142) ~[spring-boot-2.7.18.jar:2.7.18]
	at org.springframework.boot.web.embedded.tomcat.TomcatWebServer.<init>(TomcatWebServer.java:104) ~[spring-boot-2.7.18.jar:2.7.18]
	at org.springframework.boot.web.embedded.tomcat.TomcatServletWebServerFactory.getTomcatWebServer(TomcatServletWebServerFactory.java:481) ~[spring-boot-2.7.18.jar:2.7.18]
	at org.springframework.boot.web.embedded.tomcat.TomcatServletWebServerFactory.getWebServer(TomcatServletWebServerFactory.java:211) ~[spring-boot-2.7.18.jar:2.7.18]
	at org.springframework.boot.web.servlet.context.ServletWebServerApplicationContext.createWebServer(ServletWebServerApplicationContext.java:184) ~[spring-boot-2.7.18.jar:2.7.18]
	at org.springframework.boot.web.servlet.context.ServletWebServerApplicationContext.onRefresh(ServletWebServerApplicationContext.java:162) ~[spring-boot-2.7.18.jar:2.7.18]
	... 13 common frames omitted
Caused by: org.springframework.beans.factory.UnsatisfiedDependencyException: Error creating bean with name 'graphQLServletRegistrationBean' defined in class path resource [graphql/kickstart/spring/web/boot/GraphQLWebAutoConfiguration.class]: Unsatisfied dependency expressed through method 'graphQLServletRegistrationBean' parameter 0; nested exception is org.springframework.beans.factory.UnsatisfiedDependencyException: Error creating bean with name 'graphQLHttpServlet' defined in class path resource [graphql/kickstart/spring/web/boot/GraphQLWebAutoConfiguration.class]: Unsatisfied dependency expressed through method 'graphQLHttpServlet' parameter 0; nested exception is org.springframework.beans.factory.UnsatisfiedDependencyException: Error creating bean with name 'graphQLServletConfiguration' defined in class path resource [graphql/kickstart/spring/web/boot/GraphQLWebAutoConfiguration.class]: Unsatisfied dependency expressed through method 'graphQLServletConfiguration' parameter 0; nested exception is org.springframework.beans.factory.UnsatisfiedDependencyException: Error creating bean with name 'invocationInputFactory' defined in class path resource [graphql/kickstart/spring/web/boot/GraphQLWebAutoConfiguration.class]: Unsatisfied dependency expressed through method 'invocationInputFactory' parameter 0; nested exception is org.springframework.beans.factory.UnsatisfiedDependencyException: Error creating bean with name 'graphQLSchemaProvider' defined in class path resource [graphql/kickstart/spring/web/boot/GraphQLWebAutoConfiguration.class]: Unsatisfied dependency expressed through method 'graphQLSchemaProvider' parameter 0; nested exception is org.springframework.beans.factory.UnsatisfiedDependencyException: Error creating bean with name 'graphQLSchema' defined in class path resource [graphql/kickstart/tools/boot/GraphQLJavaToolsAutoConfiguration.class]: Unsatisfied dependency expressed through method 'graphQLSchema' parameter 0; nested exception is org.springframework.beans.factory.UnsatisfiedDependencyException: Error creating bean with name 'schemaParser' defined in class path resource [graphql/kickstart/tools/boot/GraphQLJavaToolsAutoConfiguration.class]: Unsatisfied dependency expressed through method 'schemaParser' parameter 4; nested exception is org.springframework.beans.factory.BeanCreationException: Error creating bean with name 'dateScalar' defined in class path resource [com/franco/dev/graphql/scalar/DateScalarConfiguration.class]: Bean instantiation via factory method failed; nested exception is org.springframework.beans.BeanInstantiationException: Failed to instantiate [graphql.schema.GraphQLScalarType]: Factory method 'dateScalar' threw exception; nested exception is java.lang.NoClassDefFoundError: com/franco/dev/graphql/scalar/DateScalarConfiguration$1
	at org.springframework.beans.factory.support.ConstructorResolver.createArgumentArray(ConstructorResolver.java:801) ~[spring-beans-5.3.31.jar:5.3.31]
	at org.springframework.beans.factory.support.ConstructorResolver.instantiateUsingFactoryMethod(ConstructorResolver.java:536) ~[spring-beans-5.3.31.jar:5.3.31]
	at org.springframework.beans.factory.support.AbstractAutowireCapableBeanFactory.instantiateUsingFactoryMethod(AbstractAutowireCapableBeanFactory.java:1352) ~[spring-beans-5.3.31.jar:5.3.31]
	at org.springframework.beans.factory.support.AbstractAutowireCapableBeanFactory.createBeanInstance(AbstractAutowireCapableBeanFactory.java:1195) ~[spring-beans-5.3.31.jar:5.3.31]
	at org.springframework.beans.factory.support.AbstractAutowireCapableBeanFactory.doCreateBean(AbstractAutowireCapableBeanFactory.java:582) ~[spring-beans-5.3.31.jar:5.3.31]
	at org.springframework.beans.factory.support.AbstractAutowireCapableBeanFactory.createBean(AbstractAutowireCapableBeanFactory.java:542) ~[spring-beans-5.3.31.jar:5.3.31]
	at org.springframework.beans.factory.support.AbstractBeanFactory.lambda$doGetBean$0(AbstractBeanFactory.java:335) ~[spring-beans-5.3.31.jar:5.3.31]
	at org.springframework.beans.factory.support.DefaultSingletonBeanRegistry.getSingleton(DefaultSingletonBeanRegistry.java:234) ~[spring-beans-5.3.31.jar:5.3.31]
	at org.springframework.beans.factory.support.AbstractBeanFactory.doGetBean(AbstractBeanFactory.java:333) ~[spring-beans-5.3.31.jar:5.3.31]
	at org.springframework.beans.factory.support.AbstractBeanFactory.getBean(AbstractBeanFactory.java:213) ~[spring-beans-5.3.31.jar:5.3.31]
	at org.springframework.boot.web.servlet.ServletContextInitializerBeans.getOrderedBeansOfType(ServletContextInitializerBeans.java:213) ~[spring-boot-2.7.18.jar:2.7.18]
	at org.springframework.boot.web.servlet.ServletContextInitializerBeans.getOrderedBeansOfType(ServletContextInitializerBeans.java:204) ~[spring-boot-2.7.18.jar:2.7.18]
	at org.springframework.boot.web.servlet.ServletContextInitializerBeans.addServletContextInitializerBeans(ServletContextInitializerBeans.java:98) ~[spring-boot-2.7.18.jar:2.7.18]
	at org.springframework.boot.web.servlet.ServletContextInitializerBeans.<init>(ServletContextInitializerBeans.java:86) ~[spring-boot-2.7.18.jar:2.7.18]
	at org.springframework.boot.web.servlet.context.ServletWebServerApplicationContext.getServletContextInitializerBeans(ServletWebServerApplicationContext.java:262) ~[spring-boot-2.7.18.jar:2.7.18]
	at org.springframework.boot.web.servlet.context.ServletWebServerApplicationContext.selfInitialize(ServletWebServerApplicationContext.java:236) ~[spring-boot-2.7.18.jar:2.7.18]
	at org.springframework.boot.web.embedded.tomcat.TomcatStarter.onStartup(TomcatStarter.java:53) ~[spring-boot-2.7.18.jar:2.7.18]
	at org.apache.catalina.core.StandardContext.startInternal(StandardContext.java:4904) ~[tomcat-embed-core-9.0.83.jar:9.0.83]
	at org.apache.catalina.util.LifecycleBase.start(LifecycleBase.java:171) ~[tomcat-embed-core-9.0.83.jar:9.0.83]
	at org.apache.catalina.core.ContainerBase$StartChild.call(ContainerBase.java:1332) ~[tomcat-embed-core-9.0.83.jar:9.0.83]
	at org.apache.catalina.core.ContainerBase$StartChild.call(ContainerBase.java:1322) ~[tomcat-embed-core-9.0.83.jar:9.0.83]
	at java.base/java.util.concurrent.FutureTask.run(FutureTask.java:264) ~[na:na]
	at org.apache.tomcat.util.threads.InlineExecutorService.execute(InlineExecutorService.java:75) ~[tomcat-embed-core-9.0.83.jar:9.0.83]
	at java.base/java.util.concurrent.AbstractExecutorService.submit(AbstractExecutorService.java:145) ~[na:na]
	at org.apache.catalina.core.ContainerBase.startInternal(ContainerBase.java:866) ~[tomcat-embed-core-9.0.83.jar:9.0.83]
	at org.apache.catalina.core.StandardHost.startInternal(StandardHost.java:794) ~[tomcat-embed-core-9.0.83.jar:9.0.83]
	at org.apache.catalina.util.LifecycleBase.start(LifecycleBase.java:171) ~[tomcat-embed-core-9.0.83.jar:9.0.83]
	at org.apache.catalina.core.ContainerBase$StartChild.call(ContainerBase.java:1332) ~[tomcat-embed-core-9.0.83.jar:9.0.83]
	at org.apache.catalina.core.ContainerBase$StartChild.call(ContainerBase.java:1322) ~[tomcat-embed-core-9.0.83.jar:9.0.83]
	at java.base/java.util.concurrent.FutureTask.run(FutureTask.java:264) ~[na:na]
	at org.apache.tomcat.util.threads.InlineExecutorService.execute(InlineExecutorService.java:75) ~[tomcat-embed-core-9.0.83.jar:9.0.83]
	at java.base/java.util.concurrent.AbstractExecutorService.submit(AbstractExecutorService.java:145) ~[na:na]
	at org.apache.catalina.core.ContainerBase.startInternal(ContainerBase.java:866) ~[tomcat-embed-core-9.0.83.jar:9.0.83]
	at org.apache.catalina.core.StandardEngine.startInternal(StandardEngine.java:248) ~[tomcat-embed-core-9.0.83.jar:9.0.83]
	at org.apache.catalina.util.LifecycleBase.start(LifecycleBase.java:171) ~[tomcat-embed-core-9.0.83.jar:9.0.83]
	at org.apache.catalina.core.StandardService.startInternal(StandardService.java:433) ~[tomcat-embed-core-9.0.83.jar:9.0.83]
	at org.apache.catalina.util.LifecycleBase.start(LifecycleBase.java:171) ~[tomcat-embed-core-9.0.83.jar:9.0.83]
	at org.apache.catalina.core.StandardServer.startInternal(StandardServer.java:921) ~[tomcat-embed-core-9.0.83.jar:9.0.83]
	at org.apache.catalina.util.LifecycleBase.start(LifecycleBase.java:171) ~[tomcat-embed-core-9.0.83.jar:9.0.83]
	at org.apache.catalina.startup.Tomcat.start(Tomcat.java:489) ~[tomcat-embed-core-9.0.83.jar:9.0.83]
	at org.springframework.boot.web.embedded.tomcat.TomcatWebServer.initialize(TomcatWebServer.java:123) ~[spring-boot-2.7.18.jar:2.7.18]
	... 18 common frames omitted
Caused by: org.springframework.beans.factory.UnsatisfiedDependencyException: Error creating bean with name 'graphQLHttpServlet' defined in class path resource [graphql/kickstart/spring/web/boot/GraphQLWebAutoConfiguration.class]: Unsatisfied dependency expressed through method 'graphQLHttpServlet' parameter 0; nested exception is org.springframework.beans.factory.UnsatisfiedDependencyException: Error creating bean with name 'graphQLServletConfiguration' defined in class path resource [graphql/kickstart/spring/web/boot/GraphQLWebAutoConfiguration.class]: Unsatisfied dependency expressed through method 'graphQLServletConfiguration' parameter 0; nested exception is org.springframework.beans.factory.UnsatisfiedDependencyException: Error creating bean with name 'invocationInputFactory' defined in class path resource [graphql/kickstart/spring/web/boot/GraphQLWebAutoConfiguration.class]: Unsatisfied dependency expressed through method 'invocationInputFactory' parameter 0; nested exception is org.springframework.beans.factory.UnsatisfiedDependencyException: Error creating bean with name 'graphQLSchemaProvider' defined in class path resource [graphql/kickstart/spring/web/boot/GraphQLWebAutoConfiguration.class]: Unsatisfied dependency expressed through method 'graphQLSchemaProvider' parameter 0; nested exception is org.springframework.beans.factory.UnsatisfiedDependencyException: Error creating bean with name 'graphQLSchema' defined in class path resource [graphql/kickstart/tools/boot/GraphQLJavaToolsAutoConfiguration.class]: Unsatisfied dependency expressed through method 'graphQLSchema' parameter 0; nested exception is org.springframework.beans.factory.UnsatisfiedDependencyException: Error creating bean with name 'schemaParser' defined in class path resource [graphql/kickstart/tools/boot/GraphQLJavaToolsAutoConfiguration.class]: Unsatisfied dependency expressed through method 'schemaParser' parameter 4; nested exception is org.springframework.beans.factory.BeanCreationException: Error creating bean with name 'dateScalar' defined in class path resource [com/franco/dev/graphql/scalar/DateScalarConfiguration.class]: Bean instantiation via factory method failed; nested exception is org.springframework.beans.BeanInstantiationException: Failed to instantiate [graphql.schema.GraphQLScalarType]: Factory method 'dateScalar' threw exception; nested exception is java.lang.NoClassDefFoundError: com/franco/dev/graphql/scalar/DateScalarConfiguration$1
	at org.springframework.beans.factory.support.ConstructorResolver.createArgumentArray(ConstructorResolver.java:801) ~[spring-beans-5.3.31.jar:5.3.31]
	at org.springframework.beans.factory.support.ConstructorResolver.instantiateUsingFactoryMethod(ConstructorResolver.java:536) ~[spring-beans-5.3.31.jar:5.3.31]
	at org.springframework.beans.factory.support.AbstractAutowireCapableBeanFactory.instantiateUsingFactoryMethod(AbstractAutowireCapableBeanFactory.java:1352) ~[spring-beans-5.3.31.jar:5.3.31]
	at org.springframework.beans.factory.support.AbstractAutowireCapableBeanFactory.createBeanInstance(AbstractAutowireCapableBeanFactory.java:1195) ~[spring-beans-5.3.31.jar:5.3.31]
	at org.springframework.beans.factory.support.AbstractAutowireCapableBeanFactory.doCreateBean(AbstractAutowireCapableBeanFactory.java:582) ~[spring-beans-5.3.31.jar:5.3.31]
	at org.springframework.beans.factory.support.AbstractAutowireCapableBeanFactory.createBean(AbstractAutowireCapableBeanFactory.java:542) ~[spring-beans-5.3.31.jar:5.3.31]
	at org.springframework.beans.factory.support.AbstractBeanFactory.lambda$doGetBean$0(AbstractBeanFactory.java:335) ~[spring-beans-5.3.31.jar:5.3.31]
	at org.springframework.beans.factory.support.DefaultSingletonBeanRegistry.getSingleton(DefaultSingletonBeanRegistry.java:234) ~[spring-beans-5.3.31.jar:5.3.31]
	at org.springframework.beans.factory.support.AbstractBeanFactory.doGetBean(AbstractBeanFactory.java:333) ~[spring-beans-5.3.31.jar:5.3.31]
	at org.springframework.beans.factory.support.AbstractBeanFactory.getBean(AbstractBeanFactory.java:208) ~[spring-beans-5.3.31.jar:5.3.31]
	at org.springframework.beans.factory.config.DependencyDescriptor.resolveCandidate(DependencyDescriptor.java:276) ~[spring-beans-5.3.31.jar:5.3.31]
	at org.springframework.beans.factory.support.DefaultListableBeanFactory.doResolveDependency(DefaultListableBeanFactory.java:1391) ~[spring-beans-5.3.31.jar:5.3.31]
	at org.springframework.beans.factory.support.DefaultListableBeanFactory.resolveDependency(DefaultListableBeanFactory.java:1311) ~[spring-beans-5.3.31.jar:5.3.31]
	at org.springframework.beans.factory.support.ConstructorResolver.resolveAutowiredArgument(ConstructorResolver.java:911) ~[spring-beans-5.3.31.jar:5.3.31]
	at org.springframework.beans.factory.support.ConstructorResolver.createArgumentArray(ConstructorResolver.java:788) ~[spring-beans-5.3.31.jar:5.3.31]
	... 58 common frames omitted
Caused by: org.springframework.beans.factory.UnsatisfiedDependencyException: Error creating bean with name 'graphQLServletConfiguration' defined in class path resource [graphql/kickstart/spring/web/boot/GraphQLWebAutoConfiguration.class]: Unsatisfied dependency expressed through method 'graphQLServletConfiguration' parameter 0; nested exception is org.springframework.beans.factory.UnsatisfiedDependencyException: Error creating bean with name 'invocationInputFactory' defined in class path resource [graphql/kickstart/spring/web/boot/GraphQLWebAutoConfiguration.class]: Unsatisfied dependency expressed through method 'invocationInputFactory' parameter 0; nested exception is org.springframework.beans.factory.UnsatisfiedDependencyException: Error creating bean with name 'graphQLSchemaProvider' defined in class path resource [graphql/kickstart/spring/web/boot/GraphQLWebAutoConfiguration.class]: Unsatisfied dependency expressed through method 'graphQLSchemaProvider' parameter 0; nested exception is org.springframework.beans.factory.UnsatisfiedDependencyException: Error creating bean with name 'graphQLSchema' defined in class path resource [graphql/kickstart/tools/boot/GraphQLJavaToolsAutoConfiguration.class]: Unsatisfied dependency expressed through method 'graphQLSchema' parameter 0; nested exception is org.springframework.beans.factory.UnsatisfiedDependencyException: Error creating bean with name 'schemaParser' defined in class path resource [graphql/kickstart/tools/boot/GraphQLJavaToolsAutoConfiguration.class]: Unsatisfied dependency expressed through method 'schemaParser' parameter 4; nested exception is org.springframework.beans.factory.BeanCreationException: Error creating bean with name 'dateScalar' defined in class path resource [com/franco/dev/graphql/scalar/DateScalarConfiguration.class]: Bean instantiation via factory method failed; nested exception is org.springframework.beans.BeanInstantiationException: Failed to instantiate [graphql.schema.GraphQLScalarType]: Factory method 'dateScalar' threw exception; nested exception is java.lang.NoClassDefFoundError: com/franco/dev/graphql/scalar/DateScalarConfiguration$1
	at org.springframework.beans.factory.support.ConstructorResolver.createArgumentArray(ConstructorResolver.java:801) ~[spring-beans-5.3.31.jar:5.3.31]
	at org.springframework.beans.factory.support.ConstructorResolver.instantiateUsingFactoryMethod(ConstructorResolver.java:536) ~[spring-beans-5.3.31.jar:5.3.31]
	at org.springframework.beans.factory.support.AbstractAutowireCapableBeanFactory.instantiateUsingFactoryMethod(AbstractAutowireCapableBeanFactory.java:1352) ~[spring-beans-5.3.31.jar:5.3.31]
	at org.springframework.beans.factory.support.AbstractAutowireCapableBeanFactory.createBeanInstance(AbstractAutowireCapableBeanFactory.java:1195) ~[spring-beans-5.3.31.jar:5.3.31]
	at org.springframework.beans.factory.support.AbstractAutowireCapableBeanFactory.doCreateBean(AbstractAutowireCapableBeanFactory.java:582) ~[spring-beans-5.3.31.jar:5.3.31]
	at org.springframework.beans.factory.support.AbstractAutowireCapableBeanFactory.createBean(AbstractAutowireCapableBeanFactory.java:542) ~[spring-beans-5.3.31.jar:5.3.31]
	at org.springframework.beans.factory.support.AbstractBeanFactory.lambda$doGetBean$0(AbstractBeanFactory.java:335) ~[spring-beans-5.3.31.jar:5.3.31]
	at org.springframework.beans.factory.support.DefaultSingletonBeanRegistry.getSingleton(DefaultSingletonBeanRegistry.java:234) ~[spring-beans-5.3.31.jar:5.3.31]
	at org.springframework.beans.factory.support.AbstractBeanFactory.doGetBean(AbstractBeanFactory.java:333) ~[spring-beans-5.3.31.jar:5.3.31]
	at org.springframework.beans.factory.support.AbstractBeanFactory.getBean(AbstractBeanFactory.java:208) ~[spring-beans-5.3.31.jar:5.3.31]
	at org.springframework.beans.factory.config.DependencyDescriptor.resolveCandidate(DependencyDescriptor.java:276) ~[spring-beans-5.3.31.jar:5.3.31]
	at org.springframework.beans.factory.support.DefaultListableBeanFactory.doResolveDependency(DefaultListableBeanFactory.java:1391) ~[spring-beans-5.3.31.jar:5.3.31]
	at org.springframework.beans.factory.support.DefaultListableBeanFactory.resolveDependency(DefaultListableBeanFactory.java:1311) ~[spring-beans-5.3.31.jar:5.3.31]
	at org.springframework.beans.factory.support.ConstructorResolver.resolveAutowiredArgument(ConstructorResolver.java:911) ~[spring-beans-5.3.31.jar:5.3.31]
	at org.springframework.beans.factory.support.ConstructorResolver.createArgumentArray(ConstructorResolver.java:788) ~[spring-beans-5.3.31.jar:5.3.31]
	... 72 common frames omitted
Caused by: org.springframework.beans.factory.UnsatisfiedDependencyException: Error creating bean with name 'invocationInputFactory' defined in class path resource [graphql/kickstart/spring/web/boot/GraphQLWebAutoConfiguration.class]: Unsatisfied dependency expressed through method 'invocationInputFactory' parameter 0; nested exception is org.springframework.beans.factory.UnsatisfiedDependencyException: Error creating bean with name 'graphQLSchemaProvider' defined in class path resource [graphql/kickstart/spring/web/boot/GraphQLWebAutoConfiguration.class]: Unsatisfied dependency expressed through method 'graphQLSchemaProvider' parameter 0; nested exception is org.springframework.beans.factory.UnsatisfiedDependencyException: Error creating bean with name 'graphQLSchema' defined in class path resource [graphql/kickstart/tools/boot/GraphQLJavaToolsAutoConfiguration.class]: Unsatisfied dependency expressed through method 'graphQLSchema' parameter 0; nested exception is org.springframework.beans.factory.UnsatisfiedDependencyException: Error creating bean with name 'schemaParser' defined in class path resource [graphql/kickstart/tools/boot/GraphQLJavaToolsAutoConfiguration.class]: Unsatisfied dependency expressed through method 'schemaParser' parameter 4; nested exception is org.springframework.beans.factory.BeanCreationException: Error creating bean with name 'dateScalar' defined in class path resource [com/franco/dev/graphql/scalar/DateScalarConfiguration.class]: Bean instantiation via factory method failed; nested exception is org.springframework.beans.BeanInstantiationException: Failed to instantiate [graphql.schema.GraphQLScalarType]: Factory method 'dateScalar' threw exception; nested exception is java.lang.NoClassDefFoundError: com/franco/dev/graphql/scalar/DateScalarConfiguration$1
	at org.springframework.beans.factory.support.ConstructorResolver.createArgumentArray(ConstructorResolver.java:801) ~[spring-beans-5.3.31.jar:5.3.31]
	at org.springframework.beans.factory.support.ConstructorResolver.instantiateUsingFactoryMethod(ConstructorResolver.java:536) ~[spring-beans-5.3.31.jar:5.3.31]
	at org.springframework.beans.factory.support.AbstractAutowireCapableBeanFactory.instantiateUsingFactoryMethod(AbstractAutowireCapableBeanFactory.java:1352) ~[spring-beans-5.3.31.jar:5.3.31]
	at org.springframework.beans.factory.support.AbstractAutowireCapableBeanFactory.createBeanInstance(AbstractAutowireCapableBeanFactory.java:1195) ~[spring-beans-5.3.31.jar:5.3.31]
	at org.springframework.beans.factory.support.AbstractAutowireCapableBeanFactory.doCreateBean(AbstractAutowireCapableBeanFactory.java:582) ~[spring-beans-5.3.31.jar:5.3.31]
	at org.springframework.beans.factory.support.AbstractAutowireCapableBeanFactory.createBean(AbstractAutowireCapableBeanFactory.java:542) ~[spring-beans-5.3.31.jar:5.3.31]
	at org.springframework.beans.factory.support.AbstractBeanFactory.lambda$doGetBean$0(AbstractBeanFactory.java:335) ~[spring-beans-5.3.31.jar:5.3.31]
	at org.springframework.beans.factory.support.DefaultSingletonBeanRegistry.getSingleton(DefaultSingletonBeanRegistry.java:234) ~[spring-beans-5.3.31.jar:5.3.31]
	at org.springframework.beans.factory.support.AbstractBeanFactory.doGetBean(AbstractBeanFactory.java:333) ~[spring-beans-5.3.31.jar:5.3.31]
	at org.springframework.beans.factory.support.AbstractBeanFactory.getBean(AbstractBeanFactory.java:208) ~[spring-beans-5.3.31.jar:5.3.31]
	at org.springframework.beans.factory.config.DependencyDescriptor.resolveCandidate(DependencyDescriptor.java:276) ~[spring-beans-5.3.31.jar:5.3.31]
	at org.springframework.beans.factory.support.DefaultListableBeanFactory.doResolveDependency(DefaultListableBeanFactory.java:1391) ~[spring-beans-5.3.31.jar:5.3.31]
	at org.springframework.beans.factory.support.DefaultListableBeanFactory.resolveDependency(DefaultListableBeanFactory.java:1311) ~[spring-beans-5.3.31.jar:5.3.31]
	at org.springframework.beans.factory.support.ConstructorResolver.resolveAutowiredArgument(ConstructorResolver.java:911) ~[spring-beans-5.3.31.jar:5.3.31]
	at org.springframework.beans.factory.support.ConstructorResolver.createArgumentArray(ConstructorResolver.java:788) ~[spring-beans-5.3.31.jar:5.3.31]
	... 86 common frames omitted
Caused by: org.springframework.beans.factory.UnsatisfiedDependencyException: Error creating bean with name 'graphQLSchemaProvider' defined in class path resource [graphql/kickstart/spring/web/boot/GraphQLWebAutoConfiguration.class]: Unsatisfied dependency expressed through method 'graphQLSchemaProvider' parameter 0; nested exception is org.springframework.beans.factory.UnsatisfiedDependencyException: Error creating bean with name 'graphQLSchema' defined in class path resource [graphql/kickstart/tools/boot/GraphQLJavaToolsAutoConfiguration.class]: Unsatisfied dependency expressed through method 'graphQLSchema' parameter 0; nested exception is org.springframework.beans.factory.UnsatisfiedDependencyException: Error creating bean with name 'schemaParser' defined in class path resource [graphql/kickstart/tools/boot/GraphQLJavaToolsAutoConfiguration.class]: Unsatisfied dependency expressed through method 'schemaParser' parameter 4; nested exception is org.springframework.beans.factory.BeanCreationException: Error creating bean with name 'dateScalar' defined in class path resource [com/franco/dev/graphql/scalar/DateScalarConfiguration.class]: Bean instantiation via factory method failed; nested exception is org.springframework.beans.BeanInstantiationException: Failed to instantiate [graphql.schema.GraphQLScalarType]: Factory method 'dateScalar' threw exception; nested exception is java.lang.NoClassDefFoundError: com/franco/dev/graphql/scalar/DateScalarConfiguration$1
	at org.springframework.beans.factory.support.ConstructorResolver.createArgumentArray(ConstructorResolver.java:801) ~[spring-beans-5.3.31.jar:5.3.31]
	at org.springframework.beans.factory.support.ConstructorResolver.instantiateUsingFactoryMethod(ConstructorResolver.java:536) ~[spring-beans-5.3.31.jar:5.3.31]
	at org.springframework.beans.factory.support.AbstractAutowireCapableBeanFactory.instantiateUsingFactoryMethod(AbstractAutowireCapableBeanFactory.java:1352) ~[spring-beans-5.3.31.jar:5.3.31]
	at org.springframework.beans.factory.support.AbstractAutowireCapableBeanFactory.createBeanInstance(AbstractAutowireCapableBeanFactory.java:1195) ~[spring-beans-5.3.31.jar:5.3.31]
	at org.springframework.beans.factory.support.AbstractAutowireCapableBeanFactory.doCreateBean(AbstractAutowireCapableBeanFactory.java:582) ~[spring-beans-5.3.31.jar:5.3.31]
	at org.springframework.beans.factory.support.AbstractAutowireCapableBeanFactory.createBean(AbstractAutowireCapableBeanFactory.java:542) ~[spring-beans-5.3.31.jar:5.3.31]
	at org.springframework.beans.factory.support.AbstractBeanFactory.lambda$doGetBean$0(AbstractBeanFactory.java:335) ~[spring-beans-5.3.31.jar:5.3.31]
	at org.springframework.beans.factory.support.DefaultSingletonBeanRegistry.getSingleton(DefaultSingletonBeanRegistry.java:234) ~[spring-beans-5.3.31.jar:5.3.31]
	at org.springframework.beans.factory.support.AbstractBeanFactory.doGetBean(AbstractBeanFactory.java:333) ~[spring-beans-5.3.31.jar:5.3.31]
	at org.springframework.beans.factory.support.AbstractBeanFactory.getBean(AbstractBeanFactory.java:208) ~[spring-beans-5.3.31.jar:5.3.31]
	at org.springframework.beans.factory.config.DependencyDescriptor.resolveCandidate(DependencyDescriptor.java:276) ~[spring-beans-5.3.31.jar:5.3.31]
	at org.springframework.beans.factory.support.DefaultListableBeanFactory.doResolveDependency(DefaultListableBeanFactory.java:1391) ~[spring-beans-5.3.31.jar:5.3.31]
	at org.springframework.beans.factory.support.DefaultListableBeanFactory.resolveDependency(DefaultListableBeanFactory.java:1311) ~[spring-beans-5.3.31.jar:5.3.31]
	at org.springframework.beans.factory.support.ConstructorResolver.resolveAutowiredArgument(ConstructorResolver.java:911) ~[spring-beans-5.3.31.jar:5.3.31]
	at org.springframework.beans.factory.support.ConstructorResolver.createArgumentArray(ConstructorResolver.java:788) ~[spring-beans-5.3.31.jar:5.3.31]
	... 100 common frames omitted
Caused by: org.springframework.beans.factory.UnsatisfiedDependencyException: Error creating bean with name 'graphQLSchema' defined in class path resource [graphql/kickstart/tools/boot/GraphQLJavaToolsAutoConfiguration.class]: Unsatisfied dependency expressed through method 'graphQLSchema' parameter 0; nested exception is org.springframework.beans.factory.UnsatisfiedDependencyException: Error creating bean with name 'schemaParser' defined in class path resource [graphql/kickstart/tools/boot/GraphQLJavaToolsAutoConfiguration.class]: Unsatisfied dependency expressed through method 'schemaParser' parameter 4; nested exception is org.springframework.beans.factory.BeanCreationException: Error creating bean with name 'dateScalar' defined in class path resource [com/franco/dev/graphql/scalar/DateScalarConfiguration.class]: Bean instantiation via factory method failed; nested exception is org.springframework.beans.BeanInstantiationException: Failed to instantiate [graphql.schema.GraphQLScalarType]: Factory method 'dateScalar' threw exception; nested exception is java.lang.NoClassDefFoundError: com/franco/dev/graphql/scalar/DateScalarConfiguration$1
	at org.springframework.beans.factory.support.ConstructorResolver.createArgumentArray(ConstructorResolver.java:801) ~[spring-beans-5.3.31.jar:5.3.31]
	at org.springframework.beans.factory.support.ConstructorResolver.instantiateUsingFactoryMethod(ConstructorResolver.java:536) ~[spring-beans-5.3.31.jar:5.3.31]
	at org.springframework.beans.factory.support.AbstractAutowireCapableBeanFactory.instantiateUsingFactoryMethod(AbstractAutowireCapableBeanFactory.java:1352) ~[spring-beans-5.3.31.jar:5.3.31]
	at org.springframework.beans.factory.support.AbstractAutowireCapableBeanFactory.createBeanInstance(AbstractAutowireCapableBeanFactory.java:1195) ~[spring-beans-5.3.31.jar:5.3.31]
	at org.springframework.beans.factory.support.AbstractAutowireCapableBeanFactory.doCreateBean(AbstractAutowireCapableBeanFactory.java:582) ~[spring-beans-5.3.31.jar:5.3.31]
	at org.springframework.beans.factory.support.AbstractAutowireCapableBeanFactory.createBean(AbstractAutowireCapableBeanFactory.java:542) ~[spring-beans-5.3.31.jar:5.3.31]
	at org.springframework.beans.factory.support.AbstractBeanFactory.lambda$doGetBean$0(AbstractBeanFactory.java:335) ~[spring-beans-5.3.31.jar:5.3.31]
	at org.springframework.beans.factory.support.DefaultSingletonBeanRegistry.getSingleton(DefaultSingletonBeanRegistry.java:234) ~[spring-beans-5.3.31.jar:5.3.31]
	at org.springframework.beans.factory.support.AbstractBeanFactory.doGetBean(AbstractBeanFactory.java:333) ~[spring-beans-5.3.31.jar:5.3.31]
	at org.springframework.beans.factory.support.AbstractBeanFactory.getBean(AbstractBeanFactory.java:208) ~[spring-beans-5.3.31.jar:5.3.31]
	at org.springframework.beans.factory.config.DependencyDescriptor.resolveCandidate(DependencyDescriptor.java:276) ~[spring-beans-5.3.31.jar:5.3.31]
	at org.springframework.beans.factory.support.DefaultListableBeanFactory.doResolveDependency(DefaultListableBeanFactory.java:1391) ~[spring-beans-5.3.31.jar:5.3.31]
	at org.springframework.beans.factory.support.DefaultListableBeanFactory.resolveDependency(DefaultListableBeanFactory.java:1311) ~[spring-beans-5.3.31.jar:5.3.31]
	at org.springframework.beans.factory.support.ConstructorResolver.resolveAutowiredArgument(ConstructorResolver.java:911) ~[spring-beans-5.3.31.jar:5.3.31]
	at org.springframework.beans.factory.support.ConstructorResolver.createArgumentArray(ConstructorResolver.java:788) ~[spring-beans-5.3.31.jar:5.3.31]
	... 114 common frames omitted
Caused by: org.springframework.beans.factory.UnsatisfiedDependencyException: Error creating bean with name 'schemaParser' defined in class path resource [graphql/kickstart/tools/boot/GraphQLJavaToolsAutoConfiguration.class]: Unsatisfied dependency expressed through method 'schemaParser' parameter 4; nested exception is org.springframework.beans.factory.BeanCreationException: Error creating bean with name 'dateScalar' defined in class path resource [com/franco/dev/graphql/scalar/DateScalarConfiguration.class]: Bean instantiation via factory method failed; nested exception is org.springframework.beans.BeanInstantiationException: Failed to instantiate [graphql.schema.GraphQLScalarType]: Factory method 'dateScalar' threw exception; nested exception is java.lang.NoClassDefFoundError: com/franco/dev/graphql/scalar/DateScalarConfiguration$1
	at org.springframework.beans.factory.support.ConstructorResolver.createArgumentArray(ConstructorResolver.java:801) ~[spring-beans-5.3.31.jar:5.3.31]
	at org.springframework.beans.factory.support.ConstructorResolver.instantiateUsingFactoryMethod(ConstructorResolver.java:536) ~[spring-beans-5.3.31.jar:5.3.31]
	at org.springframework.beans.factory.support.AbstractAutowireCapableBeanFactory.instantiateUsingFactoryMethod(AbstractAutowireCapableBeanFactory.java:1352) ~[spring-beans-5.3.31.jar:5.3.31]
	at org.springframework.beans.factory.support.AbstractAutowireCapableBeanFactory.createBeanInstance(AbstractAutowireCapableBeanFactory.java:1195) ~[spring-beans-5.3.31.jar:5.3.31]
	at org.springframework.beans.factory.support.AbstractAutowireCapableBeanFactory.doCreateBean(AbstractAutowireCapableBeanFactory.java:582) ~[spring-beans-5.3.31.jar:5.3.31]
	at org.springframework.beans.factory.support.AbstractAutowireCapableBeanFactory.createBean(AbstractAutowireCapableBeanFactory.java:542) ~[spring-beans-5.3.31.jar:5.3.31]
	at org.springframework.beans.factory.support.AbstractBeanFactory.lambda$doGetBean$0(AbstractBeanFactory.java:335) ~[spring-beans-5.3.31.jar:5.3.31]
	at org.springframework.beans.factory.support.DefaultSingletonBeanRegistry.getSingleton(DefaultSingletonBeanRegistry.java:234) ~[spring-beans-5.3.31.jar:5.3.31]
	at org.springframework.beans.factory.support.AbstractBeanFactory.doGetBean(AbstractBeanFactory.java:333) ~[spring-beans-5.3.31.jar:5.3.31]
	at org.springframework.beans.factory.support.AbstractBeanFactory.getBean(AbstractBeanFactory.java:208) ~[spring-beans-5.3.31.jar:5.3.31]
	at org.springframework.beans.factory.config.DependencyDescriptor.resolveCandidate(DependencyDescriptor.java:276) ~[spring-beans-5.3.31.jar:5.3.31]
	at org.springframework.beans.factory.support.DefaultListableBeanFactory.doResolveDependency(DefaultListableBeanFactory.java:1391) ~[spring-beans-5.3.31.jar:5.3.31]
	at org.springframework.beans.factory.support.DefaultListableBeanFactory.resolveDependency(DefaultListableBeanFactory.java:1311) ~[spring-beans-5.3.31.jar:5.3.31]
	at org.springframework.beans.factory.support.ConstructorResolver.resolveAutowiredArgument(ConstructorResolver.java:911) ~[spring-beans-5.3.31.jar:5.3.31]
	at org.springframework.beans.factory.support.ConstructorResolver.createArgumentArray(ConstructorResolver.java:788) ~[spring-beans-5.3.31.jar:5.3.31]
	... 128 common frames omitted
Caused by: org.springframework.beans.factory.BeanCreationException: Error creating bean with name 'dateScalar' defined in class path resource [com/franco/dev/graphql/scalar/DateScalarConfiguration.class]: Bean instantiation via factory method failed; nested exception is org.springframework.beans.BeanInstantiationException: Failed to instantiate [graphql.schema.GraphQLScalarType]: Factory method 'dateScalar' threw exception; nested exception is java.lang.NoClassDefFoundError: com/franco/dev/graphql/scalar/DateScalarConfiguration$1
	at org.springframework.beans.factory.support.ConstructorResolver.instantiate(ConstructorResolver.java:653) ~[spring-beans-5.3.31.jar:5.3.31]
	at org.springframework.beans.factory.support.ConstructorResolver.instantiateUsingFactoryMethod(ConstructorResolver.java:481) ~[spring-beans-5.3.31.jar:5.3.31]
	at org.springframework.beans.factory.support.AbstractAutowireCapableBeanFactory.instantiateUsingFactoryMethod(AbstractAutowireCapableBeanFactory.java:1352) ~[spring-beans-5.3.31.jar:5.3.31]
	at org.springframework.beans.factory.support.AbstractAutowireCapableBeanFactory.createBeanInstance(AbstractAutowireCapableBeanFactory.java:1195) ~[spring-beans-5.3.31.jar:5.3.31]
	at org.springframework.beans.factory.support.AbstractAutowireCapableBeanFactory.doCreateBean(AbstractAutowireCapableBeanFactory.java:582) ~[spring-beans-5.3.31.jar:5.3.31]
	at org.springframework.beans.factory.support.AbstractAutowireCapableBeanFactory.createBean(AbstractAutowireCapableBeanFactory.java:542) ~[spring-beans-5.3.31.jar:5.3.31]
	at org.springframework.beans.factory.support.AbstractBeanFactory.lambda$doGetBean$0(AbstractBeanFactory.java:335) ~[spring-beans-5.3.31.jar:5.3.31]
	at org.springframework.beans.factory.support.DefaultSingletonBeanRegistry.getSingleton(DefaultSingletonBeanRegistry.java:234) ~[spring-beans-5.3.31.jar:5.3.31]
	at org.springframework.beans.factory.support.AbstractBeanFactory.doGetBean(AbstractBeanFactory.java:333) ~[spring-beans-5.3.31.jar:5.3.31]
	at org.springframework.beans.factory.support.AbstractBeanFactory.getBean(AbstractBeanFactory.java:208) ~[spring-beans-5.3.31.jar:5.3.31]
	at org.springframework.beans.factory.config.DependencyDescriptor.resolveCandidate(DependencyDescriptor.java:276) ~[spring-beans-5.3.31.jar:5.3.31]
	at org.springframework.beans.factory.support.DefaultListableBeanFactory.addCandidateEntry(DefaultListableBeanFactory.java:1609) ~[spring-beans-5.3.31.jar:5.3.31]
	at org.springframework.beans.factory.support.DefaultListableBeanFactory.findAutowireCandidates(DefaultListableBeanFactory.java:1573) ~[spring-beans-5.3.31.jar:5.3.31]
	at org.springframework.beans.factory.support.DefaultListableBeanFactory.resolveMultipleBeans(DefaultListableBeanFactory.java:1439) ~[spring-beans-5.3.31.jar:5.3.31]
	at org.springframework.beans.factory.support.DefaultListableBeanFactory.doResolveDependency(DefaultListableBeanFactory.java:1349) ~[spring-beans-5.3.31.jar:5.3.31]
	at org.springframework.beans.factory.support.DefaultListableBeanFactory.resolveDependency(DefaultListableBeanFactory.java:1311) ~[spring-beans-5.3.31.jar:5.3.31]
	at org.springframework.beans.factory.support.ConstructorResolver.resolveAutowiredArgument(ConstructorResolver.java:911) ~[spring-beans-5.3.31.jar:5.3.31]
	at org.springframework.beans.factory.support.ConstructorResolver.createArgumentArray(ConstructorResolver.java:788) ~[spring-beans-5.3.31.jar:5.3.31]
	... 142 common frames omitted
Caused by: org.springframework.beans.BeanInstantiationException: Failed to instantiate [graphql.schema.GraphQLScalarType]: Factory method 'dateScalar' threw exception; nested exception is java.lang.NoClassDefFoundError: com/franco/dev/graphql/scalar/DateScalarConfiguration$1
	at org.springframework.beans.factory.support.SimpleInstantiationStrategy.instantiate(SimpleInstantiationStrategy.java:185) ~[spring-beans-5.3.31.jar:5.3.31]
	at org.springframework.beans.factory.support.ConstructorResolver.instantiate(ConstructorResolver.java:648) ~[spring-beans-5.3.31.jar:5.3.31]
	... 159 common frames omitted
Caused by: java.lang.NoClassDefFoundError: com/franco/dev/graphql/scalar/DateScalarConfiguration$1
	at com.franco.dev.graphql.scalar.DateScalarConfiguration.dateScalar(DateScalarConfiguration.java:25) ~[classes/:na]
	at com.franco.dev.graphql.scalar.DateScalarConfiguration$$EnhancerBySpringCGLIB$$b0ec1db0.CGLIB$dateScalar$0(<generated>) ~[classes/:na]
	at com.franco.dev.graphql.scalar.DateScalarConfiguration$$EnhancerBySpringCGLIB$$b0ec1db0$$FastClassBySpringCGLIB$$533458f2.invoke(<generated>) ~[classes/:na]
	at org.springframework.cglib.proxy.MethodProxy.invokeSuper(MethodProxy.java:244) ~[spring-core-5.3.31.jar:5.3.31]
	at org.springframework.context.annotation.ConfigurationClassEnhancer$BeanMethodInterceptor.intercept(ConfigurationClassEnhancer.java:331) ~[spring-context-5.3.31.jar:5.3.31]
	at com.franco.dev.graphql.scalar.DateScalarConfiguration$$EnhancerBySpringCGLIB$$b0ec1db0.dateScalar(<generated>) ~[classes/:na]
	at java.base/jdk.internal.reflect.NativeMethodAccessorImpl.invoke0(Native Method) ~[na:na]
	at java.base/jdk.internal.reflect.NativeMethodAccessorImpl.invoke(NativeMethodAccessorImpl.java:77) ~[na:na]
	at java.base/jdk.internal.reflect.DelegatingMethodAccessorImpl.invoke(DelegatingMethodAccessorImpl.java:43) ~[na:na]
	at java.base/java.lang.reflect.Method.invoke(Method.java:569) ~[na:na]
	at org.springframework.beans.factory.support.SimpleInstantiationStrategy.instantiate(SimpleInstantiationStrategy.java:154) ~[spring-beans-5.3.31.jar:5.3.31]
	... 160 common frames omitted
Caused by: java.lang.ClassNotFoundException: com.franco.dev.graphql.scalar.DateScalarConfiguration$1
	at java.base/jdk.internal.loader.BuiltinClassLoader.loadClass(BuiltinClassLoader.java:641) ~[na:na]
	at java.base/jdk.internal.loader.ClassLoaders$AppClassLoader.loadClass(ClassLoaders.java:188) ~[na:na]
	at java.base/java.lang.ClassLoader.loadClass(ClassLoader.java:525) ~[na:na]
	at java.base/java.lang.Class.forName0(Native Method) ~[na:na]
	at java.base/java.lang.Class.forName(Class.java:469) ~[na:na]
	at org.springframework.boot.devtools.restart.classloader.RestartClassLoader.loadClass(RestartClassLoader.java:145) ~[spring-boot-devtools-2.7.18.jar:2.7.18]
	at java.base/java.lang.ClassLoader.loadClass(ClassLoader.java:525) ~[na:na]
	... 171 common frames omitted

Iniciando sistema

  .   ____          _            __ _ _
 /\\ / ___'_ __ _ _(_)_ __  __ _ \ \ \ \
( ( )\___ | '_ | '_| | '_ \/ _` | \ \ \ \
 \\/  ___)| |_)| | | | | || (_| |  ) ) ) )
  '  |____| .__|_| |_|_| |_\__, | / / / /
 =========|_|==============|___/=/_/_/_/
 :: Spring Boot ::               (v2.7.18)

2026-07-22 17:35:44.477  INFO 54066 --- [  restartedMain] com.franco.dev.FrancoSystemsApplication  : Starting FrancoSystemsApplication using Java 17.0.17 on IMACs-iMac.local with PID 54066 (/Users/gabfranck/workspace/frc-sistemas-informaticos/frc-comercial/central/target/classes started by gabfranck in /Users/gabfranck/workspace/frc-sistemas-informaticos/frc-comercial/central)
2026-07-22 17:35:44.477  INFO 54066 --- [  restartedMain] com.franco.dev.FrancoSystemsApplication  : The following 1 profile is active: "dev"
2026-07-22 17:35:45.501  INFO 54066 --- [  restartedMain] .s.d.r.c.RepositoryConfigurationDelegate : Bootstrapping Spring Data JPA repositories in DEFAULT mode.
2026-07-22 17:35:46.280  INFO 54066 --- [  restartedMain] .s.d.r.c.RepositoryConfigurationDelegate : Finished Spring Data repository scanning in 778 ms. Found 221 JPA repository interfaces.
2026-07-22 17:35:47.015  INFO 54066 --- [  restartedMain] o.s.b.w.embedded.tomcat.TomcatWebServer  : Tomcat initialized with port(s): 8081 (http)
2026-07-22 17:35:47.015  INFO 54066 --- [  restartedMain] o.apache.catalina.core.StandardService   : Starting service [Tomcat]
2026-07-22 17:35:47.015  INFO 54066 --- [  restartedMain] org.apache.catalina.core.StandardEngine  : Starting Servlet engine: [Apache Tomcat/9.0.83]
2026-07-22 17:35:47.046  INFO 54066 --- [  restartedMain] o.a.c.c.C.[Tomcat-1].[localhost].[/]     : Initializing Spring embedded WebApplicationContext
2026-07-22 17:35:47.046  INFO 54066 --- [  restartedMain] w.s.c.ServletWebServerApplicationContext : Root WebApplicationContext: initialization completed in 2567 ms
2026-07-22 17:35:47.295  INFO 54066 --- [  restartedMain] c.f.d.c.RetryableDatabasePostProcessor   : -----> configuring a retryable datasource for beanName = dataSource
2026-07-22 17:35:47.316  INFO 54066 --- [  restartedMain] c.f.dev.config.multitenant.FlywayConfig  : Scanning for duplicate migrations in: target/classes/db/migration
2026-07-22 17:35:47.321  INFO 54066 --- [  restartedMain] c.f.dev.config.multitenant.FlywayConfig  : Duplicate migration cleanup complete
2026-07-22 17:35:47.330  INFO 54066 --- [  restartedMain] o.f.c.internal.license.VersionPrinter    : Flyway Community Edition 8.5.13 by Redgate
2026-07-22 17:35:47.330  INFO 54066 --- [  restartedMain] o.f.c.internal.license.VersionPrinter    : See what's new here: https://flywaydb.org/documentation/learnmore/releaseNotes#8.5.13
2026-07-22 17:35:47.330  INFO 54066 --- [  restartedMain] o.f.c.internal.license.VersionPrinter    : 
2026-07-22 17:35:47.342  INFO 54066 --- [  restartedMain] o.f.c.i.resource.ResourceNameValidator   : 1 SQL migrations were detected but not run because they did not follow the filename convention.
2026-07-22 17:35:47.342  INFO 54066 --- [  restartedMain] o.f.c.i.resource.ResourceNameValidator   : If this is in error, enable debug logging or 'validateMigrationNaming' to fail fast and see a list of the invalid file names.
2026-07-22 17:35:47.376  INFO 54066 --- [  restartedMain] o.f.c.i.database.base.BaseDatabaseType   : Database: jdbc:postgresql://localhost:5551/bodega_producto_devoluciones (PostgreSQL 16.4)
2026-07-22 17:35:47.392  WARN 54066 --- [  restartedMain] o.f.c.internal.database.base.Database    : Flyway upgrade recommended: PostgreSQL 16.4 is newer than this version of Flyway and support has not been tested. The latest supported version of PostgreSQL is 14.
2026-07-22 17:35:47.423  INFO 54066 --- [  restartedMain] o.f.c.i.s.JdbcTableSchemaHistory         : Repair of failed migration in Schema History table "public"."flyway_schema_history" not necessary. No failed migration detected.
2026-07-22 17:35:47.569  INFO 54066 --- [  restartedMain] o.f.core.internal.command.DbRepair       : Successfully repaired schema history table "public"."flyway_schema_history" (execution time 00:00.174s).
2026-07-22 17:35:47.573  INFO 54066 --- [  restartedMain] o.f.c.internal.license.VersionPrinter    : Flyway Community Edition 8.5.13 by Redgate
2026-07-22 17:35:47.573  INFO 54066 --- [  restartedMain] o.f.c.internal.license.VersionPrinter    : See what's new here: https://flywaydb.org/documentation/learnmore/releaseNotes#8.5.13
2026-07-22 17:35:47.573  INFO 54066 --- [  restartedMain] o.f.c.internal.license.VersionPrinter    : 
2026-07-22 17:35:47.576  INFO 54066 --- [  restartedMain] o.f.c.i.resource.ResourceNameValidator   : 1 SQL migrations were detected but not run because they did not follow the filename convention.
2026-07-22 17:35:47.576  INFO 54066 --- [  restartedMain] o.f.c.i.resource.ResourceNameValidator   : If this is in error, enable debug logging or 'validateMigrationNaming' to fail fast and see a list of the invalid file names.
2026-07-22 17:35:47.589  WARN 54066 --- [  restartedMain] o.f.c.internal.database.base.Database    : Flyway upgrade recommended: PostgreSQL 16.4 is newer than this version of Flyway and support has not been tested. The latest supported version of PostgreSQL is 14.
2026-07-22 17:35:47.706  INFO 54066 --- [  restartedMain] o.f.core.internal.command.DbMigrate      : Current version of schema "public": 167.0
2026-07-22 17:35:47.706  WARN 54066 --- [  restartedMain] o.f.core.internal.command.DbMigrate      : outOfOrder mode is active. Migration of schema "public" may not be reproducible.
2026-07-22 17:35:47.707  INFO 54066 --- [  restartedMain] o.f.core.internal.command.DbMigrate      : Schema "public" is up to date. No migration necessary.
2026-07-22 17:35:47.821  INFO 54066 --- [  restartedMain] o.hibernate.jpa.internal.util.LogHelper  : HHH000204: Processing PersistenceUnitInfo [name: default]
2026-07-22 17:35:47.837  INFO 54066 --- [  restartedMain] org.hibernate.dialect.Dialect            : HHH000400: Using dialect: org.hibernate.dialect.PostgreSQLDialect
2026-07-22 17:35:48.068  INFO 54066 --- [  restartedMain] b.i.HibernateSearchPreIntegrationService : HSEARCH000034: Hibernate Search version 6.2.5.Final
2026-07-22 17:35:49.749  INFO 54066 --- [  restartedMain] o.h.e.t.j.p.i.JtaPlatformInitiator       : HHH000490: Using JtaPlatform implementation: [org.hibernate.engine.transaction.jta.platform.internal.NoJtaPlatform]
2026-07-22 17:35:50.244  WARN 54066 --- [  restartedMain] o.h.s.b.l.impl.LuceneBackendFactory      : HSEARCH000075: Missing value for configuration property 'hibernate.search.backend.lucene_version': using LATEST (currently '8.11.2'). Context: default backend
2026-07-22 17:35:50.255  WARN 54066 --- [  restartedMain] o.h.s.e.c.s.ConfigurationPropertyChecker : HSEARCH000568: Invalid configuration passed to Hibernate Search: some properties in the given configuration are not used. There might be misspelled property keys in your configuration. Unused properties: [hibernate.search.indexing.automatic.enabled]. To disable this warning, set the property 'hibernate.search.configuration_property_checking.strategy' to 'ignore'.
2026-07-22 17:35:50.255  INFO 54066 --- [  restartedMain] j.LocalContainerEntityManagerFactoryBean : Initialized JPA EntityManagerFactory for persistence unit 'default'
2026-07-22 17:35:50.472  WARN 54066 --- [  restartedMain] o.h.dialect.function.TemplateRenderer    : HHH000174: Function template anticipated 4 arguments, but 1 arguments encountered
2026-07-22 17:35:50.663  WARN 54066 --- [  restartedMain] c.franco.dev.service.utils.ImageService  : Mac OS X
2026-07-22 17:35:50.683  INFO 54066 --- [  restartedMain] com.zaxxer.hikari.HikariDataSource       : HikariPool-3 - Starting...
2026-07-22 17:35:50.691  INFO 54066 --- [  restartedMain] com.zaxxer.hikari.HikariDataSource       : HikariPool-3 - Start completed.
2026-07-22 17:35:50.752  INFO 54066 --- [  restartedMain] c.f.d.s.p.UsuarioEmbeddingCacheService   : Caché de embeddings faciales: 0 usuarios activos con galería
2026-07-22 17:35:54.279  INFO 54066 --- [  restartedMain] c.franco.dev.fmc.service.FCMInitializer  : Initializing Firebase using config path: file:/opt/frc-backend-central/central/secrets/bodega-franco-frc-18e8c6ef35cf.json
2026-07-22 17:35:54.279 ERROR 54066 --- [  restartedMain] c.franco.dev.fmc.service.FCMInitializer  : Error initializing Firebase: config file not found at file:/opt/frc-backend-central/central/secrets/bodega-franco-frc-18e8c6ef35cf.json
2026-07-22 17:35:57.298  WARN 54066 --- [  restartedMain] o.h.dialect.function.TemplateRenderer    : HHH000174: Function template anticipated 4 arguments, but 1 arguments encountered
2026-07-22 17:35:57.298  WARN 54066 --- [  restartedMain] o.h.dialect.function.TemplateRenderer    : HHH000174: Function template anticipated 4 arguments, but 1 arguments encountered
2026-07-22 17:35:57.298  WARN 54066 --- [  restartedMain] o.h.dialect.function.TemplateRenderer    : HHH000174: Function template anticipated 4 arguments, but 1 arguments encountered
2026-07-22 17:35:57.298  WARN 54066 --- [  restartedMain] o.h.dialect.function.TemplateRenderer    : HHH000174: Function template anticipated 4 arguments, but 1 arguments encountered
2026-07-22 17:36:14.430  WARN 54066 --- [  restartedMain] g.kickstart.tools.SchemaClassScanner     : Cannot find definition for field 'estado: EstadoDE' on input type 'DocumentoElectronicoInput' -> com.franco.dev.graphql.financiero.input.DocumentoElectronicoInput. Try adding it manually to the dictionary
2026-07-22 17:36:14.841  WARN 54066 --- [  restartedMain] g.kickstart.tools.SchemaClassScanner     : Cannot find definition for field 'creadoEn: Date' on input type 'BarrioInput' -> com.franco.dev.graphql.general.input.BarrioInput. Try adding it manually to the dictionary
2026-07-22 17:36:14.861  WARN 54066 --- [  restartedMain] g.kickstart.tools.SchemaClassScanner     : Cannot find definition for field 'creadoEn: Date' on input type 'ContactoInput' -> com.franco.dev.graphql.general.input.ContactoInput. Try adding it manually to the dictionary
2026-07-22 17:36:14.869  WARN 54066 --- [  restartedMain] g.kickstart.tools.SchemaClassScanner     : Cannot find definition for field 'creadoEn: Date' on input type 'PaisInput' -> com.franco.dev.graphql.general.input.PaisInput. Try adding it manually to the dictionary
2026-07-22 17:36:15.602  WARN 54066 --- [  restartedMain] g.kickstart.tools.SchemaClassScanner     : Cannot find definition for field 'estadoVerificacion: EstadoVerificacion' on input type 'RecepcionMercaderiaItemInput' -> com.franco.dev.graphql.operaciones.input.RecepcionMercaderiaItemInput. Try adding it manually to the dictionary
2026-07-22 17:36:15.990  WARN 54066 --- [  restartedMain] g.kickstart.tools.SchemaClassScanner     : Cannot find definition for field 'creadoEn: Date' on input type 'ClienteInput' -> com.franco.dev.graphql.personas.input.ClienteInput. Try adding it manually to the dictionary
2026-07-22 17:36:16.033  WARN 54066 --- [  restartedMain] g.kickstart.tools.SchemaClassScanner     : Cannot find definition for field 'creadoEn: Date' on input type 'ProveedorDiasVisitaInput' -> com.franco.dev.graphql.personas.input.ProveedorDiasVisitaInput. Try adding it manually to the dictionary
2026-07-22 17:36:18.058  WARN 54066 --- [  restartedMain] g.kickstart.tools.SchemaClassScanner     : Schema type was defined but can never be accessed, and can be safely deleted: DateTime
2026-07-22 17:36:18.058  WARN 54066 --- [  restartedMain] g.kickstart.tools.SchemaClassScanner     : Schema type was defined but can never be accessed, and can be safely deleted: NotificacionPush
2026-07-22 17:36:18.058  WARN 54066 --- [  restartedMain] g.kickstart.tools.SchemaClassScanner     : Schema type was defined but can never be accessed, and can be safely deleted: ChequePage
2026-07-22 17:36:18.058  WARN 54066 --- [  restartedMain] g.kickstart.tools.SchemaClassScanner     : Schema type was defined but can never be accessed, and can be safely deleted: ChequeraPage
2026-07-22 17:36:18.058  WARN 54066 --- [  restartedMain] g.kickstart.tools.SchemaClassScanner     : Schema type was defined but can never be accessed, and can be safely deleted: EventoCancelacionDEInput
2026-07-22 17:36:18.058  WARN 54066 --- [  restartedMain] g.kickstart.tools.SchemaClassScanner     : Schema type was defined but can never be accessed, and can be safely deleted: EventoNominacionDEInput
2026-07-22 17:36:18.058  WARN 54066 --- [  restartedMain] g.kickstart.tools.SchemaClassScanner     : Schema type was defined but can never be accessed, and can be safely deleted: EventoInutilizacionDEInput
2026-07-22 17:36:18.058  WARN 54066 --- [  restartedMain] g.kickstart.tools.SchemaClassScanner     : Schema type was defined but can never be accessed, and can be safely deleted: Meses
2026-07-22 17:36:18.058  WARN 54066 --- [  restartedMain] g.kickstart.tools.SchemaClassScanner     : Schema type was defined but can never be accessed, and can be safely deleted: DeliveryUpdate
2026-07-22 17:36:18.058  WARN 54066 --- [  restartedMain] g.kickstart.tools.SchemaClassScanner     : Schema type was defined but can never be accessed, and can be safely deleted: ResumenMovimientoStock
2026-07-22 17:36:18.058  WARN 54066 --- [  restartedMain] g.kickstart.tools.SchemaClassScanner     : Schema type was defined but can never be accessed, and can be safely deleted: PagoDetallePage
2026-07-22 17:36:18.058  WARN 54066 --- [  restartedMain] g.kickstart.tools.SchemaClassScanner     : Schema type was defined but can never be accessed, and can be safely deleted: PagoPage
2026-07-22 17:36:18.058  WARN 54066 --- [  restartedMain] g.kickstart.tools.SchemaClassScanner     : Schema type was defined but can never be accessed, and can be safely deleted: SolicitudPagoMultipleRecepcionesInput
2026-07-22 17:36:18.058  WARN 54066 --- [  restartedMain] g.kickstart.tools.SchemaClassScanner     : Schema type was defined but can never be accessed, and can be safely deleted: SolicitudPagoNotaRecepcionInput
2026-07-22 17:36:18.058  WARN 54066 --- [  restartedMain] g.kickstart.tools.SchemaClassScanner     : Schema type was defined but can never be accessed, and can be safely deleted: PrintData
2026-07-22 17:36:18.058  WARN 54066 --- [  restartedMain] g.kickstart.tools.SchemaClassScanner     : Schema type was defined but can never be accessed, and can be safely deleted: ExistenciaCostoPorSucursal
2026-07-22 17:36:18.058  WARN 54066 --- [  restartedMain] g.kickstart.tools.SchemaClassScanner     : Schema type was defined but can never be accessed, and can be safely deleted: ProductoExistenciaCostos
2026-07-22 17:36:18.058  WARN 54066 --- [  restartedMain] g.kickstart.tools.SchemaClassScanner     : Schema type was defined but can never be accessed, and can be safely deleted: MultiPageInput
2026-07-22 17:36:18.062  WARN 54066 --- [  restartedMain] g.kickstart.tools.SchemaClassScanner     : Root query resolver was provided but no methods on it were used in data fetchers for GraphQL type 'Query'!  Either remove the graphql.kickstart.tools.GraphQLQueryResolver interface from the resolver or remove the resolver entirely: com.franco.dev.graphql.financiero.FacturaLegalItemGraphQL@78d9b819
2026-07-22 17:36:18.062  WARN 54066 --- [  restartedMain] g.kickstart.tools.SchemaClassScanner     : Root query resolver was provided but no methods on it were used in data fetchers for GraphQL type 'Query'!  Either remove the graphql.kickstart.tools.GraphQLQueryResolver interface from the resolver or remove the resolver entirely: com.franco.dev.graphql.operaciones.RecepcionMercaderiaItemVariacionGraphQL@7d4a903
2026-07-22 17:36:18.062  WARN 54066 --- [  restartedMain] g.kickstart.tools.SchemaClassScanner     : Root query resolver was provided but no methods on it were used in data fetchers for GraphQL type 'Query'!  Either remove the graphql.kickstart.tools.GraphQLQueryResolver interface from the resolver or remove the resolver entirely: com.franco.dev.graphql.productos.ProductoExistenciaCostoGraphQL@22efdc53
2026-07-22 17:36:18.063  WARN 54066 --- [  restartedMain] g.kickstart.tools.SchemaClassScanner     : Root mutation resolver was provided but no methods on it were used in data fetchers for GraphQL type 'Mutation'!  Either remove the graphql.kickstart.tools.GraphQLMutationResolver interface from the resolver or remove the resolver entirely: com.franco.dev.graphql.financiero.FacturaLegalItemGraphQL@78d9b819
2026-07-22 17:36:18.063  WARN 54066 --- [  restartedMain] g.kickstart.tools.SchemaClassScanner     : Root mutation resolver was provided but no methods on it were used in data fetchers for GraphQL type 'Mutation'!  Either remove the graphql.kickstart.tools.GraphQLMutationResolver interface from the resolver or remove the resolver entirely: com.franco.dev.graphql.print.PrintGraphQL@68e7ad73
2026-07-22 17:36:18.063  WARN 54066 --- [  restartedMain] g.kickstart.tools.SchemaClassScanner     : Root mutation resolver was provided but no methods on it were used in data fetchers for GraphQL type 'Mutation'!  Either remove the graphql.kickstart.tools.GraphQLMutationResolver interface from the resolver or remove the resolver entirely: com.franco.dev.graphql.productos.ProductoExistenciaCostoGraphQL@22efdc53
2026-07-22 17:36:18.876  WARN 54066 --- [  restartedMain] JpaBaseConfiguration$JpaWebConfiguration : spring.jpa.open-in-view is enabled by default. Therefore, database queries may be performed during view rendering. Explicitly configure spring.jpa.open-in-view to disable this warning
2026-07-22 17:36:19.379  INFO 54066 --- [  restartedMain] o.s.b.w.embedded.tomcat.TomcatWebServer  : Tomcat started on port(s): 8081 (http) with context path ''
2026-07-22 17:36:19.384  INFO 54066 --- [  restartedMain] o.s.b.d.a.OptionalLiveReloadServer       : LiveReload server is running on port 35729
2026-07-22 17:36:19.385  INFO 54066 --- [  restartedMain] o.s.m.s.b.SimpleBrokerMessageHandler     : Starting...
2026-07-22 17:36:19.386  INFO 54066 --- [  restartedMain] o.s.m.s.b.SimpleBrokerMessageHandler     : BrokerAvailabilityEvent[available=true, SimpleBrokerMessageHandler [org.springframework.messaging.simp.broker.DefaultSubscriptionRegistry@4ff31514]]
2026-07-22 17:36:19.386  INFO 54066 --- [  restartedMain] o.s.m.s.b.SimpleBrokerMessageHandler     : Started.
2026-07-22 17:36:19.403  INFO 54066 --- [  restartedMain] com.franco.dev.FrancoSystemsApplication  : Started FrancoSystemsApplication in 34.957 seconds (JVM running for 1155.426)
2026-07-22 17:36:19.415  INFO 54066 --- [  restartedMain] .ConditionEvaluationDeltaLoggingListener : Condition evaluation unchanged
2026-07-22 17:36:28.812  INFO 54066 --- [0.0-8081-exec-1] o.a.c.c.C.[Tomcat-1].[localhost].[/]     : Initializing Spring DispatcherServlet 'dispatcherServlet'
2026-07-22 17:36:28.818  INFO 54066 --- [0.0-8081-exec-1] o.s.web.servlet.DispatcherServlet        : Initializing Servlet 'dispatcherServlet'
2026-07-22 17:36:29.031  INFO 54066 --- [0.0-8081-exec-1] o.s.b.a.e.web.EndpointLinksResolver      : Exposing 2 endpoint(s) beneath base path '/actuator'
2026-07-22 17:36:29.114  INFO 54066 --- [0.0-8081-exec-1] o.s.web.servlet.DispatcherServlet        : Completed initialization in 296 ms
2026-07-22 17:36:29.161  INFO 54066 --- [0.0-8081-exec-1] o.s.s.web.DefaultSecurityFilterChain     : Will secure any request with [org.springframework.security.web.session.DisableEncodeUrlFilter@1d648a9d, org.springframework.security.web.context.request.async.WebAsyncManagerIntegrationFilter@54add765, org.springframework.security.web.context.SecurityContextPersistenceFilter@129f389a, org.springframework.security.web.header.HeaderWriterFilter@3d96a0dc, org.springframework.web.filter.CorsFilter@69e2e594, org.springframework.security.web.authentication.logout.LogoutFilter@4f822a7b, com.franco.dev.security.JwtAuthenticationTokenFilter@47330053, org.springframework.security.web.savedrequest.RequestCacheAwareFilter@2b71c423, org.springframework.security.web.servletapi.SecurityContextHolderAwareRequestFilter@236901d1, org.springframework.security.web.authentication.AnonymousAuthenticationFilter@54cda515, org.springframework.security.web.session.SessionManagementFilter@5cbb7cf7, org.springframework.security.web.access.ExceptionTranslationFilter@54ddb143, org.springframework.security.web.access.intercept.FilterSecurityInterceptor@576d4fe2]
[INFO] ------------------------------------------------------------------------
[INFO] BUILD FAILURE
[INFO] ------------------------------------------------------------------------
[INFO] Total time:  20:16 min
[INFO] Finished at: 2026-07-22T17:36:44-03:00
[INFO] ------------------------------------------------------------------------
[ERROR] Failed to execute goal org.springframework.boot:spring-boot-maven-plugin:2.7.18:run (default-cli) on project franco-dev-systems: Application finished with exit code: 137 -> [Help 1]
[ERROR] 
[ERROR] To see the full stack trace of the errors, re-run Maven with the -e switch.
[ERROR] Re-run Maven using the -X switch to enable full debug logging.
[ERROR] 
[ERROR] For more information about the errors and possible solutions, please read the following articles:
[ERROR] [Help 1] http://cwiki.apache.org/confluence/display/MAVEN/MojoExecutionException
