[INFO] Scanning for projects...
[INFO] 
[INFO] -----------------< com.franco.dev:franco-dev-systems >------------------
[INFO] Building Franco Systems 3.0.9
[INFO] --------------------------------[ jar ]---------------------------------
[INFO] 
[INFO] >>> spring-boot-maven-plugin:2.7.18:run (default-cli) > test-compile @ franco-dev-systems >>>
[INFO] 
[INFO] --- maven-clean-plugin:3.1.0:clean (auto-clean) @ franco-dev-systems ---
[INFO] Deleting /Users/gabfranck/workspace/frc-sistemas-informaticos/frc-comercial/central/target
[INFO] 
[INFO] --- maven-resources-plugin:3.2.0:resources (default-resources) @ franco-dev-systems ---
[INFO] Using 'UTF-8' encoding to copy filtered resources.
[INFO] Using 'UTF-8' encoding to copy filtered properties files.
[INFO] Copying 4 resources
[INFO] Copying 468 resources
[INFO] 
[INFO] --- maven-resources-plugin:3.2.0:resources (copy-resources) @ franco-dev-systems ---
[INFO] Using 'UTF-8' encoding to copy filtered resources.
[INFO] Using 'UTF-8' encoding to copy filtered properties files.
[INFO] Copying 4 resources
[INFO] Copying 468 resources
[INFO] 
[INFO] --- exec-maven-plugin:3.0.0:exec (cleanup-duplicate-migrations) @ franco-dev-systems ---
Scanning for duplicate migration files in ./target/classes/db/migration...
Duplicate migration cleanup complete.
[INFO] 
[INFO] --- flyway-maven-plugin:8.5.13:validate (default) @ franco-dev-systems ---
[INFO] Skipping Flyway execution
[INFO] 
[INFO] --- maven-compiler-plugin:3.10.1:compile (default-compile) @ franco-dev-systems ---
[INFO] Changes detected - recompiling the module!
[INFO] Compiling 1601 source files to /Users/gabfranck/workspace/frc-sistemas-informaticos/frc-comercial/central/target/classes
[INFO] /Users/gabfranck/workspace/frc-sistemas-informaticos/frc-comercial/central/src/main/java/com/franco/dev/service/CrudService.java: Some input files use or override a deprecated API.
[INFO] /Users/gabfranck/workspace/frc-sistemas-informaticos/frc-comercial/central/src/main/java/com/franco/dev/service/CrudService.java: Recompile with -Xlint:deprecation for details.
[INFO] /Users/gabfranck/workspace/frc-sistemas-informaticos/frc-comercial/central/src/main/java/com/franco/dev/graphql/financiero/resolver/GastoResolver.java: /Users/gabfranck/workspace/frc-sistemas-informaticos/frc-comercial/central/src/main/java/com/franco/dev/graphql/financiero/resolver/GastoResolver.java uses or overrides a deprecated API that is marked for removal.
[INFO] /Users/gabfranck/workspace/frc-sistemas-informaticos/frc-comercial/central/src/main/java/com/franco/dev/graphql/financiero/resolver/GastoResolver.java: Recompile with -Xlint:removal for details.
[INFO] /Users/gabfranck/workspace/frc-sistemas-informaticos/frc-comercial/central/src/main/java/com/franco/dev/service/CrudService.java: Some input files use unchecked or unsafe operations.
[INFO] /Users/gabfranck/workspace/frc-sistemas-informaticos/frc-comercial/central/src/main/java/com/franco/dev/service/CrudService.java: Recompile with -Xlint:unchecked for details.
[INFO] 
[INFO] --- maven-resources-plugin:3.2.0:testResources (default-testResources) @ franco-dev-systems ---
[INFO] Using 'UTF-8' encoding to copy filtered resources.
[INFO] Using 'UTF-8' encoding to copy filtered properties files.
[INFO] skip non existing resourceDirectory /Users/gabfranck/workspace/frc-sistemas-informaticos/frc-comercial/central/src/test/resources
[INFO] 
[INFO] --- maven-compiler-plugin:3.10.1:testCompile (default-testCompile) @ franco-dev-systems ---
[INFO] Changes detected - recompiling the module!
[INFO] Compiling 18 source files to /Users/gabfranck/workspace/frc-sistemas-informaticos/frc-comercial/central/target/test-classes
[INFO] 
[INFO] <<< spring-boot-maven-plugin:2.7.18:run (default-cli) < test-compile @ franco-dev-systems <<<
[INFO] 
[INFO] 
[INFO] --- spring-boot-maven-plugin:2.7.18:run (default-cli) @ franco-dev-systems ---
[INFO] Attaching agents: []
Iniciando sistema
13:50:33.939 [Thread-0] DEBUG org.springframework.boot.devtools.restart.classloader.RestartClassLoader - Created RestartClassLoader org.springframework.boot.devtools.restart.classloader.RestartClassLoader@43229358
Iniciando sistema

  .   ____          _            __ _ _
 /\\ / ___'_ __ _ _(_)_ __  __ _ \ \ \ \
( ( )\___ | '_ | '_| | '_ \/ _` | \ \ \ \
 \\/  ___)| |_)| | | | | || (_| |  ) ) ) )
  '  |____| .__|_| |_|_| |_\__, | / / / /
 =========|_|==============|___/=/_/_/_/
 :: Spring Boot ::               (v2.7.18)

2026-07-22 13:50:34.465  INFO 27521 --- [  restartedMain] com.franco.dev.FrancoSystemsApplication  : Starting FrancoSystemsApplication using Java 17.0.17 on IMACs-iMac.local with PID 27521 (/Users/gabfranck/workspace/frc-sistemas-informaticos/frc-comercial/central/target/classes started by gabfranck in /Users/gabfranck/workspace/frc-sistemas-informaticos/frc-comercial/central)
2026-07-22 13:50:34.465  INFO 27521 --- [  restartedMain] com.franco.dev.FrancoSystemsApplication  : The following 1 profile is active: "dev"
2026-07-22 13:50:34.529  INFO 27521 --- [  restartedMain] .e.DevToolsPropertyDefaultsPostProcessor : Devtools property defaults active! Set 'spring.devtools.add-properties' to 'false' to disable
2026-07-22 13:50:34.529  INFO 27521 --- [  restartedMain] .e.DevToolsPropertyDefaultsPostProcessor : For additional web related logging consider setting the 'logging.level.web' property to 'DEBUG'
2026-07-22 13:50:36.333  INFO 27521 --- [  restartedMain] .s.d.r.c.RepositoryConfigurationDelegate : Bootstrapping Spring Data JPA repositories in DEFAULT mode.
2026-07-22 13:50:37.307  INFO 27521 --- [  restartedMain] .s.d.r.c.RepositoryConfigurationDelegate : Finished Spring Data repository scanning in 963 ms. Found 221 JPA repository interfaces.
2026-07-22 13:50:39.252  INFO 27521 --- [  restartedMain] o.s.b.w.embedded.tomcat.TomcatWebServer  : Tomcat initialized with port(s): 8081 (http)
2026-07-22 13:50:39.265  INFO 27521 --- [  restartedMain] o.apache.catalina.core.StandardService   : Starting service [Tomcat]
2026-07-22 13:50:39.265  INFO 27521 --- [  restartedMain] org.apache.catalina.core.StandardEngine  : Starting Servlet engine: [Apache Tomcat/9.0.83]
2026-07-22 13:50:39.385  INFO 27521 --- [  restartedMain] o.a.c.c.C.[Tomcat].[localhost].[/]       : Initializing Spring embedded WebApplicationContext
2026-07-22 13:50:39.386  INFO 27521 --- [  restartedMain] w.s.c.ServletWebServerApplicationContext : Root WebApplicationContext: initialization completed in 4855 ms
2026-07-22 13:50:39.706  INFO 27521 --- [  restartedMain] c.f.d.c.RetryableDatabasePostProcessor   : -----> configuring a retryable datasource for beanName = dataSource
2026-07-22 13:50:39.763  INFO 27521 --- [  restartedMain] c.f.dev.config.multitenant.FlywayConfig  : Scanning for duplicate migrations in: target/classes/db/migration
2026-07-22 13:50:39.781  INFO 27521 --- [  restartedMain] c.f.dev.config.multitenant.FlywayConfig  : Duplicate migration cleanup complete
2026-07-22 13:50:39.834  INFO 27521 --- [  restartedMain] o.f.c.internal.license.VersionPrinter    : Flyway Community Edition 8.5.13 by Redgate
2026-07-22 13:50:39.834  INFO 27521 --- [  restartedMain] o.f.c.internal.license.VersionPrinter    : See what's new here: https://flywaydb.org/documentation/learnmore/releaseNotes#8.5.13
2026-07-22 13:50:39.834  INFO 27521 --- [  restartedMain] o.f.c.internal.license.VersionPrinter    : 
2026-07-22 13:50:39.861  INFO 27521 --- [  restartedMain] o.f.c.i.resource.ResourceNameValidator   : 1 SQL migrations were detected but not run because they did not follow the filename convention.
2026-07-22 13:50:39.861  INFO 27521 --- [  restartedMain] o.f.c.i.resource.ResourceNameValidator   : If this is in error, enable debug logging or 'validateMigrationNaming' to fail fast and see a list of the invalid file names.
2026-07-22 13:50:39.999  INFO 27521 --- [  restartedMain] o.f.c.i.database.base.BaseDatabaseType   : Database: jdbc:postgresql://localhost:5551/bodega_producto_devoluciones (PostgreSQL 16.4)
2026-07-22 13:50:40.010  WARN 27521 --- [  restartedMain] o.f.c.internal.database.base.Database    : Flyway upgrade recommended: PostgreSQL 16.4 is newer than this version of Flyway and support has not been tested. The latest supported version of PostgreSQL is 14.
2026-07-22 13:50:40.060  INFO 27521 --- [  restartedMain] o.f.c.i.s.JdbcTableSchemaHistory         : Repair of failed migration in Schema History table "public"."flyway_schema_history" not necessary. No failed migration detected.
2026-07-22 13:50:40.213  INFO 27521 --- [  restartedMain] o.f.core.internal.command.DbRepair       : Successfully repaired schema history table "public"."flyway_schema_history" (execution time 00:00.187s).
2026-07-22 13:50:40.221  INFO 27521 --- [  restartedMain] o.f.c.internal.license.VersionPrinter    : Flyway Community Edition 8.5.13 by Redgate
2026-07-22 13:50:40.222  INFO 27521 --- [  restartedMain] o.f.c.internal.license.VersionPrinter    : See what's new here: https://flywaydb.org/documentation/learnmore/releaseNotes#8.5.13
2026-07-22 13:50:40.222  INFO 27521 --- [  restartedMain] o.f.c.internal.license.VersionPrinter    : 
2026-07-22 13:50:40.226  INFO 27521 --- [  restartedMain] o.f.c.i.resource.ResourceNameValidator   : 1 SQL migrations were detected but not run because they did not follow the filename convention.
2026-07-22 13:50:40.226  INFO 27521 --- [  restartedMain] o.f.c.i.resource.ResourceNameValidator   : If this is in error, enable debug logging or 'validateMigrationNaming' to fail fast and see a list of the invalid file names.
2026-07-22 13:50:40.238  WARN 27521 --- [  restartedMain] o.f.c.internal.database.base.Database    : Flyway upgrade recommended: PostgreSQL 16.4 is newer than this version of Flyway and support has not been tested. The latest supported version of PostgreSQL is 14.
2026-07-22 13:50:40.340  INFO 27521 --- [  restartedMain] o.f.core.internal.command.DbMigrate      : Current version of schema "public": 166.0
2026-07-22 13:50:40.340  WARN 27521 --- [  restartedMain] o.f.core.internal.command.DbMigrate      : outOfOrder mode is active. Migration of schema "public" may not be reproducible.
2026-07-22 13:50:40.343  INFO 27521 --- [  restartedMain] o.f.core.internal.command.DbMigrate      : Schema "public" is up to date. No migration necessary.
2026-07-22 13:50:40.516  INFO 27521 --- [  restartedMain] o.hibernate.jpa.internal.util.LogHelper  : HHH000204: Processing PersistenceUnitInfo [name: default]
2026-07-22 13:50:40.586  INFO 27521 --- [  restartedMain] org.hibernate.Version                    : HHH000412: Hibernate ORM core version 5.6.15.Final
2026-07-22 13:50:40.826  INFO 27521 --- [  restartedMain] o.hibernate.annotations.common.Version   : HCANN000001: Hibernate Commons Annotations {5.1.2.Final}
2026-07-22 13:50:41.002  INFO 27521 --- [  restartedMain] org.hibernate.dialect.Dialect            : HHH000400: Using dialect: org.hibernate.dialect.PostgreSQLDialect
2026-07-22 13:50:41.669  INFO 27521 --- [  restartedMain] b.i.HibernateSearchPreIntegrationService : HSEARCH000034: Hibernate Search version 6.2.5.Final
2026-07-22 13:50:44.235  INFO 27521 --- [  restartedMain] o.h.e.t.j.p.i.JtaPlatformInitiator       : HHH000490: Using JtaPlatform implementation: [org.hibernate.engine.transaction.jta.platform.internal.NoJtaPlatform]
2026-07-22 13:50:45.062  WARN 27521 --- [  restartedMain] o.h.s.b.l.impl.LuceneBackendFactory      : HSEARCH000075: Missing value for configuration property 'hibernate.search.backend.lucene_version': using LATEST (currently '8.11.2'). Context: default backend
2026-07-22 13:50:45.532  WARN 27521 --- [  restartedMain] o.h.s.e.c.s.ConfigurationPropertyChecker : HSEARCH000568: Invalid configuration passed to Hibernate Search: some properties in the given configuration are not used. There might be misspelled property keys in your configuration. Unused properties: [hibernate.search.indexing.automatic.enabled]. To disable this warning, set the property 'hibernate.search.configuration_property_checking.strategy' to 'ignore'.
2026-07-22 13:50:45.534  INFO 27521 --- [  restartedMain] j.LocalContainerEntityManagerFactoryBean : Initialized JPA EntityManagerFactory for persistence unit 'default'
2026-07-22 13:50:46.171  WARN 27521 --- [  restartedMain] o.h.dialect.function.TemplateRenderer    : HHH000174: Function template anticipated 4 arguments, but 1 arguments encountered
2026-07-22 13:50:46.543  WARN 27521 --- [  restartedMain] c.franco.dev.service.utils.ImageService  : Mac OS X
2026-07-22 13:50:46.651  INFO 27521 --- [  restartedMain] com.zaxxer.hikari.HikariDataSource       : HikariPool-1 - Starting...
2026-07-22 13:50:46.675  INFO 27521 --- [  restartedMain] com.zaxxer.hikari.HikariDataSource       : HikariPool-1 - Start completed.
2026-07-22 13:50:46.992  INFO 27521 --- [  restartedMain] c.f.d.s.p.UsuarioEmbeddingCacheService   : Caché de embeddings faciales: 0 usuarios activos con galería
2026-07-22 13:50:50.706  INFO 27521 --- [  restartedMain] c.franco.dev.fmc.service.FCMInitializer  : Initializing Firebase using config path: file:/opt/frc-backend-central/central/secrets/bodega-franco-frc-18e8c6ef35cf.json
2026-07-22 13:50:50.706 ERROR 27521 --- [  restartedMain] c.franco.dev.fmc.service.FCMInitializer  : Error initializing Firebase: config file not found at file:/opt/frc-backend-central/central/secrets/bodega-franco-frc-18e8c6ef35cf.json
2026-07-22 13:50:54.227  WARN 27521 --- [  restartedMain] o.h.dialect.function.TemplateRenderer    : HHH000174: Function template anticipated 4 arguments, but 1 arguments encountered
2026-07-22 13:50:54.227  WARN 27521 --- [  restartedMain] o.h.dialect.function.TemplateRenderer    : HHH000174: Function template anticipated 4 arguments, but 1 arguments encountered
2026-07-22 13:50:54.227  WARN 27521 --- [  restartedMain] o.h.dialect.function.TemplateRenderer    : HHH000174: Function template anticipated 4 arguments, but 1 arguments encountered
2026-07-22 13:50:54.228  WARN 27521 --- [  restartedMain] o.h.dialect.function.TemplateRenderer    : HHH000174: Function template anticipated 4 arguments, but 1 arguments encountered
2026-07-22 13:51:11.297  WARN 27521 --- [  restartedMain] g.kickstart.tools.SchemaClassScanner     : Cannot find definition for field 'estado: EstadoDE' on input type 'DocumentoElectronicoInput' -> com.franco.dev.graphql.financiero.input.DocumentoElectronicoInput. Try adding it manually to the dictionary
2026-07-22 13:51:11.657  WARN 27521 --- [  restartedMain] g.kickstart.tools.SchemaClassScanner     : Cannot find definition for field 'creadoEn: Date' on input type 'BarrioInput' -> com.franco.dev.graphql.general.input.BarrioInput. Try adding it manually to the dictionary
2026-07-22 13:51:11.674  WARN 27521 --- [  restartedMain] g.kickstart.tools.SchemaClassScanner     : Cannot find definition for field 'creadoEn: Date' on input type 'ContactoInput' -> com.franco.dev.graphql.general.input.ContactoInput. Try adding it manually to the dictionary
2026-07-22 13:51:11.682  WARN 27521 --- [  restartedMain] g.kickstart.tools.SchemaClassScanner     : Cannot find definition for field 'creadoEn: Date' on input type 'PaisInput' -> com.franco.dev.graphql.general.input.PaisInput. Try adding it manually to the dictionary
2026-07-22 13:51:12.252  WARN 27521 --- [  restartedMain] g.kickstart.tools.SchemaClassScanner     : Cannot find definition for field 'estadoVerificacion: EstadoVerificacion' on input type 'RecepcionMercaderiaItemInput' -> com.franco.dev.graphql.operaciones.input.RecepcionMercaderiaItemInput. Try adding it manually to the dictionary
2026-07-22 13:51:12.574  WARN 27521 --- [  restartedMain] g.kickstart.tools.SchemaClassScanner     : Cannot find definition for field 'creadoEn: Date' on input type 'ClienteInput' -> com.franco.dev.graphql.personas.input.ClienteInput. Try adding it manually to the dictionary
2026-07-22 13:51:12.621  WARN 27521 --- [  restartedMain] g.kickstart.tools.SchemaClassScanner     : Cannot find definition for field 'creadoEn: Date' on input type 'ProveedorDiasVisitaInput' -> com.franco.dev.graphql.personas.input.ProveedorDiasVisitaInput. Try adding it manually to the dictionary
2026-07-22 13:51:14.281  WARN 27521 --- [  restartedMain] g.kickstart.tools.SchemaClassScanner     : Schema type was defined but can never be accessed, and can be safely deleted: DateTime
2026-07-22 13:51:14.281  WARN 27521 --- [  restartedMain] g.kickstart.tools.SchemaClassScanner     : Schema type was defined but can never be accessed, and can be safely deleted: NotificacionPush
2026-07-22 13:51:14.281  WARN 27521 --- [  restartedMain] g.kickstart.tools.SchemaClassScanner     : Schema type was defined but can never be accessed, and can be safely deleted: ChequePage
2026-07-22 13:51:14.281  WARN 27521 --- [  restartedMain] g.kickstart.tools.SchemaClassScanner     : Schema type was defined but can never be accessed, and can be safely deleted: ChequeraPage
2026-07-22 13:51:14.281  WARN 27521 --- [  restartedMain] g.kickstart.tools.SchemaClassScanner     : Schema type was defined but can never be accessed, and can be safely deleted: EventoCancelacionDEInput
2026-07-22 13:51:14.281  WARN 27521 --- [  restartedMain] g.kickstart.tools.SchemaClassScanner     : Schema type was defined but can never be accessed, and can be safely deleted: EventoNominacionDEInput
2026-07-22 13:51:14.281  WARN 27521 --- [  restartedMain] g.kickstart.tools.SchemaClassScanner     : Schema type was defined but can never be accessed, and can be safely deleted: EventoInutilizacionDEInput
2026-07-22 13:51:14.281  WARN 27521 --- [  restartedMain] g.kickstart.tools.SchemaClassScanner     : Schema type was defined but can never be accessed, and can be safely deleted: Meses
2026-07-22 13:51:14.281  WARN 27521 --- [  restartedMain] g.kickstart.tools.SchemaClassScanner     : Schema type was defined but can never be accessed, and can be safely deleted: DeliveryUpdate
2026-07-22 13:51:14.282  WARN 27521 --- [  restartedMain] g.kickstart.tools.SchemaClassScanner     : Schema type was defined but can never be accessed, and can be safely deleted: ResumenMovimientoStock
2026-07-22 13:51:14.282  WARN 27521 --- [  restartedMain] g.kickstart.tools.SchemaClassScanner     : Schema type was defined but can never be accessed, and can be safely deleted: PagoDetallePage
2026-07-22 13:51:14.282  WARN 27521 --- [  restartedMain] g.kickstart.tools.SchemaClassScanner     : Schema type was defined but can never be accessed, and can be safely deleted: PagoPage
2026-07-22 13:51:14.282  WARN 27521 --- [  restartedMain] g.kickstart.tools.SchemaClassScanner     : Schema type was defined but can never be accessed, and can be safely deleted: SolicitudPagoMultipleRecepcionesInput
2026-07-22 13:51:14.282  WARN 27521 --- [  restartedMain] g.kickstart.tools.SchemaClassScanner     : Schema type was defined but can never be accessed, and can be safely deleted: SolicitudPagoNotaRecepcionInput
2026-07-22 13:51:14.282  WARN 27521 --- [  restartedMain] g.kickstart.tools.SchemaClassScanner     : Schema type was defined but can never be accessed, and can be safely deleted: PrintData
2026-07-22 13:51:14.282  WARN 27521 --- [  restartedMain] g.kickstart.tools.SchemaClassScanner     : Schema type was defined but can never be accessed, and can be safely deleted: ExistenciaCostoPorSucursal
2026-07-22 13:51:14.282  WARN 27521 --- [  restartedMain] g.kickstart.tools.SchemaClassScanner     : Schema type was defined but can never be accessed, and can be safely deleted: ProductoExistenciaCostos
2026-07-22 13:51:14.282  WARN 27521 --- [  restartedMain] g.kickstart.tools.SchemaClassScanner     : Schema type was defined but can never be accessed, and can be safely deleted: MultiPageInput
2026-07-22 13:51:14.287  WARN 27521 --- [  restartedMain] g.kickstart.tools.SchemaClassScanner     : Root query resolver was provided but no methods on it were used in data fetchers for GraphQL type 'Query'!  Either remove the graphql.kickstart.tools.GraphQLQueryResolver interface from the resolver or remove the resolver entirely: com.franco.dev.graphql.financiero.FacturaLegalItemGraphQL@78444a6c
2026-07-22 13:51:14.287  WARN 27521 --- [  restartedMain] g.kickstart.tools.SchemaClassScanner     : Root query resolver was provided but no methods on it were used in data fetchers for GraphQL type 'Query'!  Either remove the graphql.kickstart.tools.GraphQLQueryResolver interface from the resolver or remove the resolver entirely: com.franco.dev.graphql.operaciones.RecepcionMercaderiaItemVariacionGraphQL@6ac89059
2026-07-22 13:51:14.288  WARN 27521 --- [  restartedMain] g.kickstart.tools.SchemaClassScanner     : Root query resolver was provided but no methods on it were used in data fetchers for GraphQL type 'Query'!  Either remove the graphql.kickstart.tools.GraphQLQueryResolver interface from the resolver or remove the resolver entirely: com.franco.dev.graphql.productos.ProductoExistenciaCostoGraphQL@30efca00
2026-07-22 13:51:14.288  WARN 27521 --- [  restartedMain] g.kickstart.tools.SchemaClassScanner     : Root mutation resolver was provided but no methods on it were used in data fetchers for GraphQL type 'Mutation'!  Either remove the graphql.kickstart.tools.GraphQLMutationResolver interface from the resolver or remove the resolver entirely: com.franco.dev.graphql.financiero.FacturaLegalItemGraphQL@78444a6c
2026-07-22 13:51:14.288  WARN 27521 --- [  restartedMain] g.kickstart.tools.SchemaClassScanner     : Root mutation resolver was provided but no methods on it were used in data fetchers for GraphQL type 'Mutation'!  Either remove the graphql.kickstart.tools.GraphQLMutationResolver interface from the resolver or remove the resolver entirely: com.franco.dev.graphql.print.PrintGraphQL@5e36b2ef
2026-07-22 13:51:14.288  WARN 27521 --- [  restartedMain] g.kickstart.tools.SchemaClassScanner     : Root mutation resolver was provided but no methods on it were used in data fetchers for GraphQL type 'Mutation'!  Either remove the graphql.kickstart.tools.GraphQLMutationResolver interface from the resolver or remove the resolver entirely: com.franco.dev.graphql.productos.ProductoExistenciaCostoGraphQL@30efca00
2026-07-22 13:51:15.468  WARN 27521 --- [  restartedMain] JpaBaseConfiguration$JpaWebConfiguration : spring.jpa.open-in-view is enabled by default. Therefore, database queries may be performed during view rendering. Explicitly configure spring.jpa.open-in-view to disable this warning
2026-07-22 13:51:16.343  INFO 27521 --- [  restartedMain] o.s.b.w.embedded.tomcat.TomcatWebServer  : Tomcat started on port(s): 8081 (http) with context path ''
2026-07-22 13:51:16.352  INFO 27521 --- [  restartedMain] o.s.b.d.a.OptionalLiveReloadServer       : LiveReload server is running on port 35729
2026-07-22 13:51:16.354  INFO 27521 --- [  restartedMain] o.s.m.s.b.SimpleBrokerMessageHandler     : Starting...
2026-07-22 13:51:16.354  INFO 27521 --- [  restartedMain] o.s.m.s.b.SimpleBrokerMessageHandler     : BrokerAvailabilityEvent[available=true, SimpleBrokerMessageHandler [org.springframework.messaging.simp.broker.DefaultSubscriptionRegistry@346e748b]]
2026-07-22 13:51:16.354  INFO 27521 --- [  restartedMain] o.s.m.s.b.SimpleBrokerMessageHandler     : Started.
2026-07-22 13:51:16.384  INFO 27521 --- [  restartedMain] com.franco.dev.FrancoSystemsApplication  : Started FrancoSystemsApplication in 42.449 seconds (JVM running for 43.136)
2026-07-22 13:51:23.075  INFO 27521 --- [0.0-8081-exec-1] o.a.c.c.C.[Tomcat].[localhost].[/]       : Initializing Spring DispatcherServlet 'dispatcherServlet'
2026-07-22 13:51:23.075  INFO 27521 --- [0.0-8081-exec-1] o.s.web.servlet.DispatcherServlet        : Initializing Servlet 'dispatcherServlet'
2026-07-22 13:51:23.400  INFO 27521 --- [0.0-8081-exec-1] o.s.b.a.e.web.EndpointLinksResolver      : Exposing 2 endpoint(s) beneath base path '/actuator'
2026-07-22 13:51:23.558  INFO 27521 --- [0.0-8081-exec-1] o.s.web.servlet.DispatcherServlet        : Completed initialization in 483 ms
2026-07-22 13:51:23.738  INFO 27521 --- [0.0-8081-exec-1] o.s.s.web.DefaultSecurityFilterChain     : Will secure any request with [org.springframework.security.web.session.DisableEncodeUrlFilter@1370d80a, org.springframework.security.web.context.request.async.WebAsyncManagerIntegrationFilter@2d07e114, org.springframework.security.web.context.SecurityContextPersistenceFilter@7a21aed5, org.springframework.security.web.header.HeaderWriterFilter@3abbdb56, org.springframework.web.filter.CorsFilter@73780372, org.springframework.security.web.authentication.logout.LogoutFilter@2bbb0221, com.franco.dev.security.JwtAuthenticationTokenFilter@4c5baeb4, org.springframework.security.web.savedrequest.RequestCacheAwareFilter@4bfc6bb, org.springframework.security.web.servletapi.SecurityContextHolderAwareRequestFilter@6ab37e83, org.springframework.security.web.authentication.AnonymousAuthenticationFilter@6f5927dc, org.springframework.security.web.session.SessionManagementFilter@ca50903, org.springframework.security.web.access.ExceptionTranslationFilter@3f8d1bfc, org.springframework.security.web.access.intercept.FilterSecurityInterceptor@34d2a76e]
2026-07-22 13:51:38.803 ERROR 27521 --- [0.0-8081-exec-2] o.a.c.c.C.[.[.[/].[dispatcherServlet]    : Servlet.service() for servlet [dispatcherServlet] in context with path [] threw exception [Request processing failed; nested exception is graphql.GraphQLException: Ups!! Contraseña inválida.] with root cause

graphql.GraphQLException: Ups!! Contraseña inválida.
	at com.franco.dev.security.TokenController.generate(TokenController.java:69) ~[classes/:na]
	at java.base/jdk.internal.reflect.NativeMethodAccessorImpl.invoke0(Native Method) ~[na:na]
	at java.base/jdk.internal.reflect.NativeMethodAccessorImpl.invoke(NativeMethodAccessorImpl.java:77) ~[na:na]
	at java.base/jdk.internal.reflect.DelegatingMethodAccessorImpl.invoke(DelegatingMethodAccessorImpl.java:43) ~[na:na]
	at java.base/java.lang.reflect.Method.invoke(Method.java:569) ~[na:na]
	at org.springframework.web.method.support.InvocableHandlerMethod.doInvoke(InvocableHandlerMethod.java:205) ~[spring-web-5.3.31.jar:5.3.31]
	at org.springframework.web.method.support.InvocableHandlerMethod.invokeForRequest(InvocableHandlerMethod.java:150) ~[spring-web-5.3.31.jar:5.3.31]
	at org.springframework.web.servlet.mvc.method.annotation.ServletInvocableHandlerMethod.invokeAndHandle(ServletInvocableHandlerMethod.java:117) ~[spring-webmvc-5.3.31.jar:5.3.31]
	at org.springframework.web.servlet.mvc.method.annotation.RequestMappingHandlerAdapter.invokeHandlerMethod(RequestMappingHandlerAdapter.java:895) ~[spring-webmvc-5.3.31.jar:5.3.31]
	at org.springframework.web.servlet.mvc.method.annotation.RequestMappingHandlerAdapter.handleInternal(RequestMappingHandlerAdapter.java:808) ~[spring-webmvc-5.3.31.jar:5.3.31]
	at org.springframework.web.servlet.mvc.method.AbstractHandlerMethodAdapter.handle(AbstractHandlerMethodAdapter.java:87) ~[spring-webmvc-5.3.31.jar:5.3.31]
	at org.springframework.web.servlet.DispatcherServlet.doDispatch(DispatcherServlet.java:1072) ~[spring-webmvc-5.3.31.jar:5.3.31]
	at org.springframework.web.servlet.DispatcherServlet.doService(DispatcherServlet.java:965) ~[spring-webmvc-5.3.31.jar:5.3.31]
	at org.springframework.web.servlet.FrameworkServlet.processRequest(FrameworkServlet.java:1006) ~[spring-webmvc-5.3.31.jar:5.3.31]
	at org.springframework.web.servlet.FrameworkServlet.doPost(FrameworkServlet.java:909) ~[spring-webmvc-5.3.31.jar:5.3.31]
	at javax.servlet.http.HttpServlet.service(HttpServlet.java:555) ~[tomcat-embed-core-9.0.83.jar:4.0.FR]
	at org.springframework.web.servlet.FrameworkServlet.service(FrameworkServlet.java:883) ~[spring-webmvc-5.3.31.jar:5.3.31]
	at javax.servlet.http.HttpServlet.service(HttpServlet.java:623) ~[tomcat-embed-core-9.0.83.jar:4.0.FR]
	at org.apache.catalina.core.ApplicationFilterChain.internalDoFilter(ApplicationFilterChain.java:209) ~[tomcat-embed-core-9.0.83.jar:9.0.83]
	at org.apache.catalina.core.ApplicationFilterChain.doFilter(ApplicationFilterChain.java:153) ~[tomcat-embed-core-9.0.83.jar:9.0.83]
	at org.apache.tomcat.websocket.server.WsFilter.doFilter(WsFilter.java:51) ~[tomcat-embed-websocket-9.0.83.jar:9.0.83]
	at org.apache.catalina.core.ApplicationFilterChain.internalDoFilter(ApplicationFilterChain.java:178) ~[tomcat-embed-core-9.0.83.jar:9.0.83]
	at org.apache.catalina.core.ApplicationFilterChain.doFilter(ApplicationFilterChain.java:153) ~[tomcat-embed-core-9.0.83.jar:9.0.83]
	at org.springframework.web.filter.CorsFilter.doFilterInternal(CorsFilter.java:91) ~[spring-web-5.3.31.jar:5.3.31]
	at org.springframework.web.filter.OncePerRequestFilter.doFilter(OncePerRequestFilter.java:117) ~[spring-web-5.3.31.jar:5.3.31]
	at org.apache.catalina.core.ApplicationFilterChain.internalDoFilter(ApplicationFilterChain.java:178) ~[tomcat-embed-core-9.0.83.jar:9.0.83]
	at org.apache.catalina.core.ApplicationFilterChain.doFilter(ApplicationFilterChain.java:153) ~[tomcat-embed-core-9.0.83.jar:9.0.83]
	at org.springframework.orm.jpa.support.OpenEntityManagerInViewFilter.doFilterInternal(OpenEntityManagerInViewFilter.java:186) ~[spring-orm-5.3.31.jar:5.3.31]
	at org.springframework.web.filter.OncePerRequestFilter.doFilter(OncePerRequestFilter.java:117) ~[spring-web-5.3.31.jar:5.3.31]
	at org.apache.catalina.core.ApplicationFilterChain.internalDoFilter(ApplicationFilterChain.java:178) ~[tomcat-embed-core-9.0.83.jar:9.0.83]
	at org.apache.catalina.core.ApplicationFilterChain.doFilter(ApplicationFilterChain.java:153) ~[tomcat-embed-core-9.0.83.jar:9.0.83]
	at org.springframework.security.web.authentication.AbstractAuthenticationProcessingFilter.doFilter(AbstractAuthenticationProcessingFilter.java:223) ~[spring-security-web-5.7.11.jar:5.7.11]
	at org.springframework.security.web.authentication.AbstractAuthenticationProcessingFilter.doFilter(AbstractAuthenticationProcessingFilter.java:217) ~[spring-security-web-5.7.11.jar:5.7.11]
	at org.apache.catalina.core.ApplicationFilterChain.internalDoFilter(ApplicationFilterChain.java:178) ~[tomcat-embed-core-9.0.83.jar:9.0.83]
	at org.apache.catalina.core.ApplicationFilterChain.doFilter(ApplicationFilterChain.java:153) ~[tomcat-embed-core-9.0.83.jar:9.0.83]
	at org.springframework.security.web.FilterChainProxy$VirtualFilterChain.doFilter(FilterChainProxy.java:337) ~[spring-security-web-5.7.11.jar:5.7.11]
	at org.springframework.security.web.access.intercept.FilterSecurityInterceptor.invoke(FilterSecurityInterceptor.java:115) ~[spring-security-web-5.7.11.jar:5.7.11]
	at org.springframework.security.web.access.intercept.FilterSecurityInterceptor.doFilter(FilterSecurityInterceptor.java:81) ~[spring-security-web-5.7.11.jar:5.7.11]
	at org.springframework.security.web.FilterChainProxy$VirtualFilterChain.doFilter(FilterChainProxy.java:346) ~[spring-security-web-5.7.11.jar:5.7.11]
	at org.springframework.security.web.access.ExceptionTranslationFilter.doFilter(ExceptionTranslationFilter.java:122) ~[spring-security-web-5.7.11.jar:5.7.11]
	at org.springframework.security.web.access.ExceptionTranslationFilter.doFilter(ExceptionTranslationFilter.java:116) ~[spring-security-web-5.7.11.jar:5.7.11]
	at org.springframework.security.web.FilterChainProxy$VirtualFilterChain.doFilter(FilterChainProxy.java:346) ~[spring-security-web-5.7.11.jar:5.7.11]
	at org.springframework.security.web.session.SessionManagementFilter.doFilter(SessionManagementFilter.java:126) ~[spring-security-web-5.7.11.jar:5.7.11]
	at org.springframework.security.web.session.SessionManagementFilter.doFilter(SessionManagementFilter.java:81) ~[spring-security-web-5.7.11.jar:5.7.11]
	at org.springframework.security.web.FilterChainProxy$VirtualFilterChain.doFilter(FilterChainProxy.java:346) ~[spring-security-web-5.7.11.jar:5.7.11]
	at org.springframework.security.web.authentication.AnonymousAuthenticationFilter.doFilter(AnonymousAuthenticationFilter.java:109) ~[spring-security-web-5.7.11.jar:5.7.11]
	at org.springframework.security.web.FilterChainProxy$VirtualFilterChain.doFilter(FilterChainProxy.java:346) ~[spring-security-web-5.7.11.jar:5.7.11]
	at org.springframework.security.web.servletapi.SecurityContextHolderAwareRequestFilter.doFilter(SecurityContextHolderAwareRequestFilter.java:149) ~[spring-security-web-5.7.11.jar:5.7.11]
	at org.springframework.security.web.FilterChainProxy$VirtualFilterChain.doFilter(FilterChainProxy.java:346) ~[spring-security-web-5.7.11.jar:5.7.11]
	at org.springframework.security.web.savedrequest.RequestCacheAwareFilter.doFilter(RequestCacheAwareFilter.java:63) ~[spring-security-web-5.7.11.jar:5.7.11]
	at org.springframework.security.web.FilterChainProxy$VirtualFilterChain.doFilter(FilterChainProxy.java:346) ~[spring-security-web-5.7.11.jar:5.7.11]
	at org.springframework.security.web.authentication.AbstractAuthenticationProcessingFilter.doFilter(AbstractAuthenticationProcessingFilter.java:223) ~[spring-security-web-5.7.11.jar:5.7.11]
	at org.springframework.security.web.authentication.AbstractAuthenticationProcessingFilter.doFilter(AbstractAuthenticationProcessingFilter.java:217) ~[spring-security-web-5.7.11.jar:5.7.11]
	at org.springframework.security.web.FilterChainProxy$VirtualFilterChain.doFilter(FilterChainProxy.java:346) ~[spring-security-web-5.7.11.jar:5.7.11]
	at org.springframework.security.web.authentication.logout.LogoutFilter.doFilter(LogoutFilter.java:103) ~[spring-security-web-5.7.11.jar:5.7.11]
	at org.springframework.security.web.authentication.logout.LogoutFilter.doFilter(LogoutFilter.java:89) ~[spring-security-web-5.7.11.jar:5.7.11]
	at org.springframework.security.web.FilterChainProxy$VirtualFilterChain.doFilter(FilterChainProxy.java:346) ~[spring-security-web-5.7.11.jar:5.7.11]
	at org.springframework.web.filter.CorsFilter.doFilterInternal(CorsFilter.java:91) ~[spring-web-5.3.31.jar:5.3.31]
	at org.springframework.web.filter.OncePerRequestFilter.doFilter(OncePerRequestFilter.java:117) ~[spring-web-5.3.31.jar:5.3.31]
	at org.springframework.security.web.FilterChainProxy$VirtualFilterChain.doFilter(FilterChainProxy.java:346) ~[spring-security-web-5.7.11.jar:5.7.11]
	at org.springframework.security.web.header.HeaderWriterFilter.doHeadersAfter(HeaderWriterFilter.java:90) ~[spring-security-web-5.7.11.jar:5.7.11]
	at org.springframework.security.web.header.HeaderWriterFilter.doFilterInternal(HeaderWriterFilter.java:75) ~[spring-security-web-5.7.11.jar:5.7.11]
	at org.springframework.web.filter.OncePerRequestFilter.doFilter(OncePerRequestFilter.java:117) ~[spring-web-5.3.31.jar:5.3.31]
	at org.springframework.security.web.FilterChainProxy$VirtualFilterChain.doFilter(FilterChainProxy.java:346) ~[spring-security-web-5.7.11.jar:5.7.11]
	at org.springframework.security.web.context.SecurityContextPersistenceFilter.doFilter(SecurityContextPersistenceFilter.java:112) ~[spring-security-web-5.7.11.jar:5.7.11]
	at org.springframework.security.web.context.SecurityContextPersistenceFilter.doFilter(SecurityContextPersistenceFilter.java:82) ~[spring-security-web-5.7.11.jar:5.7.11]
	at org.springframework.security.web.FilterChainProxy$VirtualFilterChain.doFilter(FilterChainProxy.java:346) ~[spring-security-web-5.7.11.jar:5.7.11]
	at org.springframework.security.web.context.request.async.WebAsyncManagerIntegrationFilter.doFilterInternal(WebAsyncManagerIntegrationFilter.java:55) ~[spring-security-web-5.7.11.jar:5.7.11]
	at org.springframework.web.filter.OncePerRequestFilter.doFilter(OncePerRequestFilter.java:117) ~[spring-web-5.3.31.jar:5.3.31]
	at org.springframework.security.web.FilterChainProxy$VirtualFilterChain.doFilter(FilterChainProxy.java:346) ~[spring-security-web-5.7.11.jar:5.7.11]
	at org.springframework.security.web.session.DisableEncodeUrlFilter.doFilterInternal(DisableEncodeUrlFilter.java:42) ~[spring-security-web-5.7.11.jar:5.7.11]
	at org.springframework.web.filter.OncePerRequestFilter.doFilter(OncePerRequestFilter.java:117) ~[spring-web-5.3.31.jar:5.3.31]
	at org.springframework.security.web.FilterChainProxy$VirtualFilterChain.doFilter(FilterChainProxy.java:346) ~[spring-security-web-5.7.11.jar:5.7.11]
	at org.springframework.security.web.FilterChainProxy.doFilterInternal(FilterChainProxy.java:221) ~[spring-security-web-5.7.11.jar:5.7.11]
	at org.springframework.security.web.FilterChainProxy.doFilter(FilterChainProxy.java:186) ~[spring-security-web-5.7.11.jar:5.7.11]
	at org.springframework.web.filter.DelegatingFilterProxy.invokeDelegate(DelegatingFilterProxy.java:354) ~[spring-web-5.3.31.jar:5.3.31]
	at org.springframework.web.filter.DelegatingFilterProxy.doFilter(DelegatingFilterProxy.java:267) ~[spring-web-5.3.31.jar:5.3.31]
	at org.apache.catalina.core.ApplicationFilterChain.internalDoFilter(ApplicationFilterChain.java:178) ~[tomcat-embed-core-9.0.83.jar:9.0.83]
	at org.apache.catalina.core.ApplicationFilterChain.doFilter(ApplicationFilterChain.java:153) ~[tomcat-embed-core-9.0.83.jar:9.0.83]
	at org.springframework.web.filter.RequestContextFilter.doFilterInternal(RequestContextFilter.java:100) ~[spring-web-5.3.31.jar:5.3.31]
	at org.springframework.web.filter.OncePerRequestFilter.doFilter(OncePerRequestFilter.java:117) ~[spring-web-5.3.31.jar:5.3.31]
	at org.apache.catalina.core.ApplicationFilterChain.internalDoFilter(ApplicationFilterChain.java:178) ~[tomcat-embed-core-9.0.83.jar:9.0.83]
	at org.apache.catalina.core.ApplicationFilterChain.doFilter(ApplicationFilterChain.java:153) ~[tomcat-embed-core-9.0.83.jar:9.0.83]
	at org.springframework.web.filter.FormContentFilter.doFilterInternal(FormContentFilter.java:93) ~[spring-web-5.3.31.jar:5.3.31]
	at org.springframework.web.filter.OncePerRequestFilter.doFilter(OncePerRequestFilter.java:117) ~[spring-web-5.3.31.jar:5.3.31]
	at org.apache.catalina.core.ApplicationFilterChain.internalDoFilter(ApplicationFilterChain.java:178) ~[tomcat-embed-core-9.0.83.jar:9.0.83]
	at org.apache.catalina.core.ApplicationFilterChain.doFilter(ApplicationFilterChain.java:153) ~[tomcat-embed-core-9.0.83.jar:9.0.83]
	at org.springframework.boot.actuate.metrics.web.servlet.WebMvcMetricsFilter.doFilterInternal(WebMvcMetricsFilter.java:96) ~[spring-boot-actuator-2.7.18.jar:2.7.18]
	at org.springframework.web.filter.OncePerRequestFilter.doFilter(OncePerRequestFilter.java:117) ~[spring-web-5.3.31.jar:5.3.31]
	at org.apache.catalina.core.ApplicationFilterChain.internalDoFilter(ApplicationFilterChain.java:178) ~[tomcat-embed-core-9.0.83.jar:9.0.83]
	at org.apache.catalina.core.ApplicationFilterChain.doFilter(ApplicationFilterChain.java:153) ~[tomcat-embed-core-9.0.83.jar:9.0.83]
	at org.springframework.web.filter.CharacterEncodingFilter.doFilterInternal(CharacterEncodingFilter.java:201) ~[spring-web-5.3.31.jar:5.3.31]
	at org.springframework.web.filter.OncePerRequestFilter.doFilter(OncePerRequestFilter.java:117) ~[spring-web-5.3.31.jar:5.3.31]
	at org.apache.catalina.core.ApplicationFilterChain.internalDoFilter(ApplicationFilterChain.java:178) ~[tomcat-embed-core-9.0.83.jar:9.0.83]
	at org.apache.catalina.core.ApplicationFilterChain.doFilter(ApplicationFilterChain.java:153) ~[tomcat-embed-core-9.0.83.jar:9.0.83]
	at org.springframework.web.filter.CorsFilter.doFilterInternal(CorsFilter.java:91) ~[spring-web-5.3.31.jar:5.3.31]
	at org.springframework.web.filter.OncePerRequestFilter.doFilter(OncePerRequestFilter.java:117) ~[spring-web-5.3.31.jar:5.3.31]
	at org.apache.catalina.core.ApplicationFilterChain.internalDoFilter(ApplicationFilterChain.java:178) ~[tomcat-embed-core-9.0.83.jar:9.0.83]
	at org.apache.catalina.core.ApplicationFilterChain.doFilter(ApplicationFilterChain.java:153) ~[tomcat-embed-core-9.0.83.jar:9.0.83]
	at org.apache.catalina.core.StandardWrapperValve.invoke(StandardWrapperValve.java:168) ~[tomcat-embed-core-9.0.83.jar:9.0.83]
	at org.apache.catalina.core.StandardContextValve.invoke(StandardContextValve.java:90) ~[tomcat-embed-core-9.0.83.jar:9.0.83]
	at org.apache.catalina.authenticator.AuthenticatorBase.invoke(AuthenticatorBase.java:481) ~[tomcat-embed-core-9.0.83.jar:9.0.83]
	at org.apache.catalina.core.StandardHostValve.invoke(StandardHostValve.java:130) ~[tomcat-embed-core-9.0.83.jar:9.0.83]
	at org.apache.catalina.valves.ErrorReportValve.invoke(ErrorReportValve.java:93) ~[tomcat-embed-core-9.0.83.jar:9.0.83]
	at org.apache.catalina.core.StandardEngineValve.invoke(StandardEngineValve.java:74) ~[tomcat-embed-core-9.0.83.jar:9.0.83]
	at org.apache.catalina.connector.CoyoteAdapter.service(CoyoteAdapter.java:342) ~[tomcat-embed-core-9.0.83.jar:9.0.83]
	at org.apache.coyote.http11.Http11Processor.service(Http11Processor.java:390) ~[tomcat-embed-core-9.0.83.jar:9.0.83]
	at org.apache.coyote.AbstractProcessorLight.process(AbstractProcessorLight.java:63) ~[tomcat-embed-core-9.0.83.jar:9.0.83]
	at org.apache.coyote.AbstractProtocol$ConnectionHandler.process(AbstractProtocol.java:928) ~[tomcat-embed-core-9.0.83.jar:9.0.83]
	at org.apache.tomcat.util.net.NioEndpoint$SocketProcessor.doRun(NioEndpoint.java:1794) ~[tomcat-embed-core-9.0.83.jar:9.0.83]
	at org.apache.tomcat.util.net.SocketProcessorBase.run(SocketProcessorBase.java:52) ~[tomcat-embed-core-9.0.83.jar:9.0.83]
	at org.apache.tomcat.util.threads.ThreadPoolExecutor.runWorker(ThreadPoolExecutor.java:1191) ~[tomcat-embed-core-9.0.83.jar:9.0.83]
	at org.apache.tomcat.util.threads.ThreadPoolExecutor$Worker.run(ThreadPoolExecutor.java:659) ~[tomcat-embed-core-9.0.83.jar:9.0.83]
	at org.apache.tomcat.util.threads.TaskThread$WrappingRunnable.run(TaskThread.java:61) ~[tomcat-embed-core-9.0.83.jar:9.0.83]
	at java.base/java.lang.Thread.run(Thread.java:840) ~[na:na]

2026-07-22 13:51:38.865 ERROR 27521 --- [0.0-8081-exec-3] o.a.c.c.C.[.[.[/].[dispatcherServlet]    : Servlet.service() for servlet [dispatcherServlet] in context with path [] threw exception [Request processing failed; nested exception is graphql.GraphQLException: Ups!! Contraseña inválida.] with root cause

graphql.GraphQLException: Ups!! Contraseña inválida.
	at com.franco.dev.security.TokenController.generate(TokenController.java:69) ~[classes/:na]
	at java.base/jdk.internal.reflect.NativeMethodAccessorImpl.invoke0(Native Method) ~[na:na]
	at java.base/jdk.internal.reflect.NativeMethodAccessorImpl.invoke(NativeMethodAccessorImpl.java:77) ~[na:na]
	at java.base/jdk.internal.reflect.DelegatingMethodAccessorImpl.invoke(DelegatingMethodAccessorImpl.java:43) ~[na:na]
	at java.base/java.lang.reflect.Method.invoke(Method.java:569) ~[na:na]
	at org.springframework.web.method.support.InvocableHandlerMethod.doInvoke(InvocableHandlerMethod.java:205) ~[spring-web-5.3.31.jar:5.3.31]
	at org.springframework.web.method.support.InvocableHandlerMethod.invokeForRequest(InvocableHandlerMethod.java:150) ~[spring-web-5.3.31.jar:5.3.31]
	at org.springframework.web.servlet.mvc.method.annotation.ServletInvocableHandlerMethod.invokeAndHandle(ServletInvocableHandlerMethod.java:117) ~[spring-webmvc-5.3.31.jar:5.3.31]
	at org.springframework.web.servlet.mvc.method.annotation.RequestMappingHandlerAdapter.invokeHandlerMethod(RequestMappingHandlerAdapter.java:895) ~[spring-webmvc-5.3.31.jar:5.3.31]
	at org.springframework.web.servlet.mvc.method.annotation.RequestMappingHandlerAdapter.handleInternal(RequestMappingHandlerAdapter.java:808) ~[spring-webmvc-5.3.31.jar:5.3.31]
	at org.springframework.web.servlet.mvc.method.AbstractHandlerMethodAdapter.handle(AbstractHandlerMethodAdapter.java:87) ~[spring-webmvc-5.3.31.jar:5.3.31]
	at org.springframework.web.servlet.DispatcherServlet.doDispatch(DispatcherServlet.java:1072) ~[spring-webmvc-5.3.31.jar:5.3.31]
	at org.springframework.web.servlet.DispatcherServlet.doService(DispatcherServlet.java:965) ~[spring-webmvc-5.3.31.jar:5.3.31]
	at org.springframework.web.servlet.FrameworkServlet.processRequest(FrameworkServlet.java:1006) ~[spring-webmvc-5.3.31.jar:5.3.31]
	at org.springframework.web.servlet.FrameworkServlet.doPost(FrameworkServlet.java:909) ~[spring-webmvc-5.3.31.jar:5.3.31]
	at javax.servlet.http.HttpServlet.service(HttpServlet.java:555) ~[tomcat-embed-core-9.0.83.jar:4.0.FR]
	at org.springframework.web.servlet.FrameworkServlet.service(FrameworkServlet.java:883) ~[spring-webmvc-5.3.31.jar:5.3.31]
	at javax.servlet.http.HttpServlet.service(HttpServlet.java:623) ~[tomcat-embed-core-9.0.83.jar:4.0.FR]
	at org.apache.catalina.core.ApplicationFilterChain.internalDoFilter(ApplicationFilterChain.java:209) ~[tomcat-embed-core-9.0.83.jar:9.0.83]
	at org.apache.catalina.core.ApplicationFilterChain.doFilter(ApplicationFilterChain.java:153) ~[tomcat-embed-core-9.0.83.jar:9.0.83]
	at org.apache.tomcat.websocket.server.WsFilter.doFilter(WsFilter.java:51) ~[tomcat-embed-websocket-9.0.83.jar:9.0.83]
	at org.apache.catalina.core.ApplicationFilterChain.internalDoFilter(ApplicationFilterChain.java:178) ~[tomcat-embed-core-9.0.83.jar:9.0.83]
	at org.apache.catalina.core.ApplicationFilterChain.doFilter(ApplicationFilterChain.java:153) ~[tomcat-embed-core-9.0.83.jar:9.0.83]
	at org.springframework.web.filter.CorsFilter.doFilterInternal(CorsFilter.java:91) ~[spring-web-5.3.31.jar:5.3.31]
	at org.springframework.web.filter.OncePerRequestFilter.doFilter(OncePerRequestFilter.java:117) ~[spring-web-5.3.31.jar:5.3.31]
	at org.apache.catalina.core.ApplicationFilterChain.internalDoFilter(ApplicationFilterChain.java:178) ~[tomcat-embed-core-9.0.83.jar:9.0.83]
	at org.apache.catalina.core.ApplicationFilterChain.doFilter(ApplicationFilterChain.java:153) ~[tomcat-embed-core-9.0.83.jar:9.0.83]
	at org.springframework.orm.jpa.support.OpenEntityManagerInViewFilter.doFilterInternal(OpenEntityManagerInViewFilter.java:186) ~[spring-orm-5.3.31.jar:5.3.31]
	at org.springframework.web.filter.OncePerRequestFilter.doFilter(OncePerRequestFilter.java:117) ~[spring-web-5.3.31.jar:5.3.31]
	at org.apache.catalina.core.ApplicationFilterChain.internalDoFilter(ApplicationFilterChain.java:178) ~[tomcat-embed-core-9.0.83.jar:9.0.83]
	at org.apache.catalina.core.ApplicationFilterChain.doFilter(ApplicationFilterChain.java:153) ~[tomcat-embed-core-9.0.83.jar:9.0.83]
	at org.springframework.security.web.authentication.AbstractAuthenticationProcessingFilter.doFilter(AbstractAuthenticationProcessingFilter.java:223) ~[spring-security-web-5.7.11.jar:5.7.11]
	at org.springframework.security.web.authentication.AbstractAuthenticationProcessingFilter.doFilter(AbstractAuthenticationProcessingFilter.java:217) ~[spring-security-web-5.7.11.jar:5.7.11]
	at org.apache.catalina.core.ApplicationFilterChain.internalDoFilter(ApplicationFilterChain.java:178) ~[tomcat-embed-core-9.0.83.jar:9.0.83]
	at org.apache.catalina.core.ApplicationFilterChain.doFilter(ApplicationFilterChain.java:153) ~[tomcat-embed-core-9.0.83.jar:9.0.83]
	at org.springframework.security.web.FilterChainProxy$VirtualFilterChain.doFilter(FilterChainProxy.java:337) ~[spring-security-web-5.7.11.jar:5.7.11]
	at org.springframework.security.web.access.intercept.FilterSecurityInterceptor.invoke(FilterSecurityInterceptor.java:115) ~[spring-security-web-5.7.11.jar:5.7.11]
	at org.springframework.security.web.access.intercept.FilterSecurityInterceptor.doFilter(FilterSecurityInterceptor.java:81) ~[spring-security-web-5.7.11.jar:5.7.11]
	at org.springframework.security.web.FilterChainProxy$VirtualFilterChain.doFilter(FilterChainProxy.java:346) ~[spring-security-web-5.7.11.jar:5.7.11]
	at org.springframework.security.web.access.ExceptionTranslationFilter.doFilter(ExceptionTranslationFilter.java:122) ~[spring-security-web-5.7.11.jar:5.7.11]
	at org.springframework.security.web.access.ExceptionTranslationFilter.doFilter(ExceptionTranslationFilter.java:116) ~[spring-security-web-5.7.11.jar:5.7.11]
	at org.springframework.security.web.FilterChainProxy$VirtualFilterChain.doFilter(FilterChainProxy.java:346) ~[spring-security-web-5.7.11.jar:5.7.11]
	at org.springframework.security.web.session.SessionManagementFilter.doFilter(SessionManagementFilter.java:126) ~[spring-security-web-5.7.11.jar:5.7.11]
	at org.springframework.security.web.session.SessionManagementFilter.doFilter(SessionManagementFilter.java:81) ~[spring-security-web-5.7.11.jar:5.7.11]
	at org.springframework.security.web.FilterChainProxy$VirtualFilterChain.doFilter(FilterChainProxy.java:346) ~[spring-security-web-5.7.11.jar:5.7.11]
	at org.springframework.security.web.authentication.AnonymousAuthenticationFilter.doFilter(AnonymousAuthenticationFilter.java:109) ~[spring-security-web-5.7.11.jar:5.7.11]
	at org.springframework.security.web.FilterChainProxy$VirtualFilterChain.doFilter(FilterChainProxy.java:346) ~[spring-security-web-5.7.11.jar:5.7.11]
	at org.springframework.security.web.servletapi.SecurityContextHolderAwareRequestFilter.doFilter(SecurityContextHolderAwareRequestFilter.java:149) ~[spring-security-web-5.7.11.jar:5.7.11]
	at org.springframework.security.web.FilterChainProxy$VirtualFilterChain.doFilter(FilterChainProxy.java:346) ~[spring-security-web-5.7.11.jar:5.7.11]
	at org.springframework.security.web.savedrequest.RequestCacheAwareFilter.doFilter(RequestCacheAwareFilter.java:63) ~[spring-security-web-5.7.11.jar:5.7.11]
	at org.springframework.security.web.FilterChainProxy$VirtualFilterChain.doFilter(FilterChainProxy.java:346) ~[spring-security-web-5.7.11.jar:5.7.11]
	at org.springframework.security.web.authentication.AbstractAuthenticationProcessingFilter.doFilter(AbstractAuthenticationProcessingFilter.java:223) ~[spring-security-web-5.7.11.jar:5.7.11]
	at org.springframework.security.web.authentication.AbstractAuthenticationProcessingFilter.doFilter(AbstractAuthenticationProcessingFilter.java:217) ~[spring-security-web-5.7.11.jar:5.7.11]
	at org.springframework.security.web.FilterChainProxy$VirtualFilterChain.doFilter(FilterChainProxy.java:346) ~[spring-security-web-5.7.11.jar:5.7.11]
	at org.springframework.security.web.authentication.logout.LogoutFilter.doFilter(LogoutFilter.java:103) ~[spring-security-web-5.7.11.jar:5.7.11]
	at org.springframework.security.web.authentication.logout.LogoutFilter.doFilter(LogoutFilter.java:89) ~[spring-security-web-5.7.11.jar:5.7.11]
	at org.springframework.security.web.FilterChainProxy$VirtualFilterChain.doFilter(FilterChainProxy.java:346) ~[spring-security-web-5.7.11.jar:5.7.11]
	at org.springframework.web.filter.CorsFilter.doFilterInternal(CorsFilter.java:91) ~[spring-web-5.3.31.jar:5.3.31]
	at org.springframework.web.filter.OncePerRequestFilter.doFilter(OncePerRequestFilter.java:117) ~[spring-web-5.3.31.jar:5.3.31]
	at org.springframework.security.web.FilterChainProxy$VirtualFilterChain.doFilter(FilterChainProxy.java:346) ~[spring-security-web-5.7.11.jar:5.7.11]
	at org.springframework.security.web.header.HeaderWriterFilter.doHeadersAfter(HeaderWriterFilter.java:90) ~[spring-security-web-5.7.11.jar:5.7.11]
	at org.springframework.security.web.header.HeaderWriterFilter.doFilterInternal(HeaderWriterFilter.java:75) ~[spring-security-web-5.7.11.jar:5.7.11]
	at org.springframework.web.filter.OncePerRequestFilter.doFilter(OncePerRequestFilter.java:117) ~[spring-web-5.3.31.jar:5.3.31]
	at org.springframework.security.web.FilterChainProxy$VirtualFilterChain.doFilter(FilterChainProxy.java:346) ~[spring-security-web-5.7.11.jar:5.7.11]
	at org.springframework.security.web.context.SecurityContextPersistenceFilter.doFilter(SecurityContextPersistenceFilter.java:112) ~[spring-security-web-5.7.11.jar:5.7.11]
	at org.springframework.security.web.context.SecurityContextPersistenceFilter.doFilter(SecurityContextPersistenceFilter.java:82) ~[spring-security-web-5.7.11.jar:5.7.11]
	at org.springframework.security.web.FilterChainProxy$VirtualFilterChain.doFilter(FilterChainProxy.java:346) ~[spring-security-web-5.7.11.jar:5.7.11]
	at org.springframework.security.web.context.request.async.WebAsyncManagerIntegrationFilter.doFilterInternal(WebAsyncManagerIntegrationFilter.java:55) ~[spring-security-web-5.7.11.jar:5.7.11]
	at org.springframework.web.filter.OncePerRequestFilter.doFilter(OncePerRequestFilter.java:117) ~[spring-web-5.3.31.jar:5.3.31]
	at org.springframework.security.web.FilterChainProxy$VirtualFilterChain.doFilter(FilterChainProxy.java:346) ~[spring-security-web-5.7.11.jar:5.7.11]
	at org.springframework.security.web.session.DisableEncodeUrlFilter.doFilterInternal(DisableEncodeUrlFilter.java:42) ~[spring-security-web-5.7.11.jar:5.7.11]
	at org.springframework.web.filter.OncePerRequestFilter.doFilter(OncePerRequestFilter.java:117) ~[spring-web-5.3.31.jar:5.3.31]
	at org.springframework.security.web.FilterChainProxy$VirtualFilterChain.doFilter(FilterChainProxy.java:346) ~[spring-security-web-5.7.11.jar:5.7.11]
	at org.springframework.security.web.FilterChainProxy.doFilterInternal(FilterChainProxy.java:221) ~[spring-security-web-5.7.11.jar:5.7.11]
	at org.springframework.security.web.FilterChainProxy.doFilter(FilterChainProxy.java:186) ~[spring-security-web-5.7.11.jar:5.7.11]
	at org.springframework.web.filter.DelegatingFilterProxy.invokeDelegate(DelegatingFilterProxy.java:354) ~[spring-web-5.3.31.jar:5.3.31]
	at org.springframework.web.filter.DelegatingFilterProxy.doFilter(DelegatingFilterProxy.java:267) ~[spring-web-5.3.31.jar:5.3.31]
	at org.apache.catalina.core.ApplicationFilterChain.internalDoFilter(ApplicationFilterChain.java:178) ~[tomcat-embed-core-9.0.83.jar:9.0.83]
	at org.apache.catalina.core.ApplicationFilterChain.doFilter(ApplicationFilterChain.java:153) ~[tomcat-embed-core-9.0.83.jar:9.0.83]
	at org.springframework.web.filter.RequestContextFilter.doFilterInternal(RequestContextFilter.java:100) ~[spring-web-5.3.31.jar:5.3.31]
	at org.springframework.web.filter.OncePerRequestFilter.doFilter(OncePerRequestFilter.java:117) ~[spring-web-5.3.31.jar:5.3.31]
	at org.apache.catalina.core.ApplicationFilterChain.internalDoFilter(ApplicationFilterChain.java:178) ~[tomcat-embed-core-9.0.83.jar:9.0.83]
	at org.apache.catalina.core.ApplicationFilterChain.doFilter(ApplicationFilterChain.java:153) ~[tomcat-embed-core-9.0.83.jar:9.0.83]
	at org.springframework.web.filter.FormContentFilter.doFilterInternal(FormContentFilter.java:93) ~[spring-web-5.3.31.jar:5.3.31]
	at org.springframework.web.filter.OncePerRequestFilter.doFilter(OncePerRequestFilter.java:117) ~[spring-web-5.3.31.jar:5.3.31]
	at org.apache.catalina.core.ApplicationFilterChain.internalDoFilter(ApplicationFilterChain.java:178) ~[tomcat-embed-core-9.0.83.jar:9.0.83]
	at org.apache.catalina.core.ApplicationFilterChain.doFilter(ApplicationFilterChain.java:153) ~[tomcat-embed-core-9.0.83.jar:9.0.83]
	at org.springframework.boot.actuate.metrics.web.servlet.WebMvcMetricsFilter.doFilterInternal(WebMvcMetricsFilter.java:96) ~[spring-boot-actuator-2.7.18.jar:2.7.18]
	at org.springframework.web.filter.OncePerRequestFilter.doFilter(OncePerRequestFilter.java:117) ~[spring-web-5.3.31.jar:5.3.31]
	at org.apache.catalina.core.ApplicationFilterChain.internalDoFilter(ApplicationFilterChain.java:178) ~[tomcat-embed-core-9.0.83.jar:9.0.83]
	at org.apache.catalina.core.ApplicationFilterChain.doFilter(ApplicationFilterChain.java:153) ~[tomcat-embed-core-9.0.83.jar:9.0.83]
	at org.springframework.web.filter.CharacterEncodingFilter.doFilterInternal(CharacterEncodingFilter.java:201) ~[spring-web-5.3.31.jar:5.3.31]
	at org.springframework.web.filter.OncePerRequestFilter.doFilter(OncePerRequestFilter.java:117) ~[spring-web-5.3.31.jar:5.3.31]
	at org.apache.catalina.core.ApplicationFilterChain.internalDoFilter(ApplicationFilterChain.java:178) ~[tomcat-embed-core-9.0.83.jar:9.0.83]
	at org.apache.catalina.core.ApplicationFilterChain.doFilter(ApplicationFilterChain.java:153) ~[tomcat-embed-core-9.0.83.jar:9.0.83]
	at org.springframework.web.filter.CorsFilter.doFilterInternal(CorsFilter.java:91) ~[spring-web-5.3.31.jar:5.3.31]
	at org.springframework.web.filter.OncePerRequestFilter.doFilter(OncePerRequestFilter.java:117) ~[spring-web-5.3.31.jar:5.3.31]
	at org.apache.catalina.core.ApplicationFilterChain.internalDoFilter(ApplicationFilterChain.java:178) ~[tomcat-embed-core-9.0.83.jar:9.0.83]
	at org.apache.catalina.core.ApplicationFilterChain.doFilter(ApplicationFilterChain.java:153) ~[tomcat-embed-core-9.0.83.jar:9.0.83]
	at org.apache.catalina.core.StandardWrapperValve.invoke(StandardWrapperValve.java:168) ~[tomcat-embed-core-9.0.83.jar:9.0.83]
	at org.apache.catalina.core.StandardContextValve.invoke(StandardContextValve.java:90) ~[tomcat-embed-core-9.0.83.jar:9.0.83]
	at org.apache.catalina.authenticator.AuthenticatorBase.invoke(AuthenticatorBase.java:481) ~[tomcat-embed-core-9.0.83.jar:9.0.83]
	at org.apache.catalina.core.StandardHostValve.invoke(StandardHostValve.java:130) ~[tomcat-embed-core-9.0.83.jar:9.0.83]
	at org.apache.catalina.valves.ErrorReportValve.invoke(ErrorReportValve.java:93) ~[tomcat-embed-core-9.0.83.jar:9.0.83]
	at org.apache.catalina.core.StandardEngineValve.invoke(StandardEngineValve.java:74) ~[tomcat-embed-core-9.0.83.jar:9.0.83]
	at org.apache.catalina.connector.CoyoteAdapter.service(CoyoteAdapter.java:342) ~[tomcat-embed-core-9.0.83.jar:9.0.83]
	at org.apache.coyote.http11.Http11Processor.service(Http11Processor.java:390) ~[tomcat-embed-core-9.0.83.jar:9.0.83]
	at org.apache.coyote.AbstractProcessorLight.process(AbstractProcessorLight.java:63) ~[tomcat-embed-core-9.0.83.jar:9.0.83]
	at org.apache.coyote.AbstractProtocol$ConnectionHandler.process(AbstractProtocol.java:928) ~[tomcat-embed-core-9.0.83.jar:9.0.83]
	at org.apache.tomcat.util.net.NioEndpoint$SocketProcessor.doRun(NioEndpoint.java:1794) ~[tomcat-embed-core-9.0.83.jar:9.0.83]
	at org.apache.tomcat.util.net.SocketProcessorBase.run(SocketProcessorBase.java:52) ~[tomcat-embed-core-9.0.83.jar:9.0.83]
	at org.apache.tomcat.util.threads.ThreadPoolExecutor.runWorker(ThreadPoolExecutor.java:1191) ~[tomcat-embed-core-9.0.83.jar:9.0.83]
	at org.apache.tomcat.util.threads.ThreadPoolExecutor$Worker.run(ThreadPoolExecutor.java:659) ~[tomcat-embed-core-9.0.83.jar:9.0.83]
	at org.apache.tomcat.util.threads.TaskThread$WrappingRunnable.run(TaskThread.java:61) ~[tomcat-embed-core-9.0.83.jar:9.0.83]
	at java.base/java.lang.Thread.run(Thread.java:840) ~[na:na]

Successfully Authentication
Successfully Authentication
Successfully Authentication
Successfully Authentication
Successfully Authentication
Successfully Authentication
Successfully Authentication
Successfully Authentication
Successfully Authentication
Successfully Authentication
Successfully Authentication
Successfully Authentication
Successfully Authentication
Successfully Authentication
Successfully Authentication
Successfully Authentication
Successfully Authentication
Successfully Authentication
Successfully Authentication
Successfully Authentication
Successfully Authentication
Successfully Authentication
Successfully Authentication
Successfully Authentication
Successfully Authentication
Successfully Authentication
2026-07-22 13:52:16.365  INFO 27521 --- [MessageBroker-1] c.f.d.s.f.CotizacionMercadoScheduler     : Actualizacion automatica de cotizaciones de mercado
2026-07-22 13:52:17.911  INFO 27521 --- [MessageBroker-1] c.f.d.s.financiero.NorteCambiosScraper   : NorteCambiosScraper: 3 monedas obtenidas de nortecambios
2026-07-22 13:52:18.006  INFO 27521 --- [MessageBroker-1] c.f.d.s.f.CotizacionMercadoScheduler     : CotizacionMercadoScheduler: 3 monedas actualizadas
Successfully Authentication
Successfully Authentication
Successfully Authentication
Successfully Authentication
Successfully Authentication
Successfully Authentication
Successfully Authentication
Successfully Authentication
2026-07-22 13:52:30.896  WARN 27521 --- [0.0-8081-exec-5] notprivacysafe.graphql.GraphQL           : Query did not parse : '{ data: justificativosPage(page:0,size:50,desde:\"2026-07-01\",hasta:\"2026-07-31\") { getTotalElements } }'
Successfully Authentication
Successfully Authentication
Successfully Authentication
Successfully Authentication
Successfully Authentication
Successfully Authentication
2026-07-22 13:52:31.301  WARN 27521 --- [0.0-8081-exec-8] notprivacysafe.graphql.GraphQL           : Query did not parse : '{ data: liquidacionesPage(page:0,size:5,periodo:\"2026-07\") { getTotalElements } }'
Successfully Authentication
Successfully Authentication
Successfully Authentication
Successfully Authentication
Successfully Authentication
Successfully Authentication
2026-07-22 13:52:31.702  WARN 27521 --- [0.0-8081-exec-1] notprivacysafe.graphql.GraphQL           : Query did not parse : '{ data: tiposJustificativoPage(page:0,size:50,nombre:\"ausencia\") { getTotalElements getContent { nombre } } }'
Successfully Authentication
Successfully Authentication
2026-07-22 13:52:31.832  WARN 27521 --- [0.0-8081-exec-2] notprivacysafe.graphql.GraphQL           : Query did not parse : '{ data: configuracionesRrhhPage(page:0,size:50,texto:\"salario\") { getTotalElements getContent { clave } } }'
Successfully Authentication
Successfully Authentication
Successfully Authentication
Successfully Authentication
Successfully Authentication
Successfully Authentication
Successfully Authentication
Successfully Authentication
Successfully Authentication
Successfully Authentication
Successfully Authentication
Successfully Authentication
Successfully Authentication
Successfully Authentication
Successfully Authentication
Successfully Authentication
Successfully Authentication
Successfully Authentication
Successfully Authentication
Successfully Authentication
Successfully Authentication
Successfully Authentication
Successfully Authentication
Successfully Authentication
Successfully Authentication
Successfully Authentication
Successfully Authentication
Successfully Authentication
Successfully Authentication
Successfully Authentication
Successfully Authentication
Successfully Authentication
Successfully Authentication
Successfully Authentication
Successfully Authentication
Successfully Authentication
2026-07-22 13:53:36.074  WARN 27521 --- [0.0-8081-exec-1] n.g.e.SimpleDataFetcherExceptionHandler  : Exception while fetching data (/data) : El tipo 'REPOSO MEDICO' exige un documento respaldatorio adjunto.

graphql.GraphQLException: El tipo 'REPOSO MEDICO' exige un documento respaldatorio adjunto.
	at com.franco.dev.graphql.rrhh.JustificativoGraphQL.saveJustificativo(JustificativoGraphQL.java:89) ~[classes/:na]
	at com.franco.dev.graphql.rrhh.JustificativoGraphQL$$FastClassBySpringCGLIB$$eef5e371.invoke(<generated>) ~[classes/:na]
	at org.springframework.cglib.proxy.MethodProxy.invoke(MethodProxy.java:218) ~[spring-core-5.3.31.jar:5.3.31]
	at org.springframework.aop.framework.CglibAopProxy$CglibMethodInvocation.invokeJoinpoint(CglibAopProxy.java:792) ~[spring-aop-5.3.31.jar:5.3.31]
	at org.springframework.aop.framework.ReflectiveMethodInvocation.proceed(ReflectiveMethodInvocation.java:163) ~[spring-aop-5.3.31.jar:5.3.31]
	at org.springframework.aop.framework.CglibAopProxy$CglibMethodInvocation.proceed(CglibAopProxy.java:762) ~[spring-aop-5.3.31.jar:5.3.31]
	at org.springframework.aop.framework.adapter.MethodBeforeAdviceInterceptor.invoke(MethodBeforeAdviceInterceptor.java:58) ~[spring-aop-5.3.31.jar:5.3.31]
	at org.springframework.aop.framework.ReflectiveMethodInvocation.proceed(ReflectiveMethodInvocation.java:175) ~[spring-aop-5.3.31.jar:5.3.31]
	at org.springframework.aop.framework.CglibAopProxy$CglibMethodInvocation.proceed(CglibAopProxy.java:762) ~[spring-aop-5.3.31.jar:5.3.31]
	at org.springframework.aop.interceptor.ExposeInvocationInterceptor.invoke(ExposeInvocationInterceptor.java:97) ~[spring-aop-5.3.31.jar:5.3.31]
	at org.springframework.aop.framework.ReflectiveMethodInvocation.proceed(ReflectiveMethodInvocation.java:186) ~[spring-aop-5.3.31.jar:5.3.31]
	at org.springframework.aop.framework.CglibAopProxy$CglibMethodInvocation.proceed(CglibAopProxy.java:762) ~[spring-aop-5.3.31.jar:5.3.31]
	at org.springframework.aop.framework.CglibAopProxy$DynamicAdvisedInterceptor.intercept(CglibAopProxy.java:707) ~[spring-aop-5.3.31.jar:5.3.31]
	at com.franco.dev.graphql.rrhh.JustificativoGraphQL$$EnhancerBySpringCGLIB$$ba28f5a6.saveJustificativo(<generated>) ~[classes/:na]
	at java.base/jdk.internal.reflect.NativeMethodAccessorImpl.invoke0(Native Method) ~[na:na]
	at java.base/jdk.internal.reflect.NativeMethodAccessorImpl.invoke(NativeMethodAccessorImpl.java:77) ~[na:na]
	at java.base/jdk.internal.reflect.DelegatingMethodAccessorImpl.invoke(DelegatingMethodAccessorImpl.java:43) ~[na:na]
	at java.base/java.lang.reflect.Method.invoke(Method.java:569) ~[na:na]
	at graphql.kickstart.tools.resolver.MethodFieldResolverDataFetcher.get(MethodFieldResolver.kt:261) ~[graphql-java-tools-11.1.0.jar:na]
	at graphql.execution.instrumentation.dataloader.DataLoaderDispatcherInstrumentation.lambda$instrumentDataFetcher$0(DataLoaderDispatcherInstrumentation.java:87) ~[graphql-java-18.5.jar:na]
	at graphql.execution.ExecutionStrategy.fetchField(ExecutionStrategy.java:279) ~[graphql-java-18.5.jar:na]
	at graphql.execution.ExecutionStrategy.resolveFieldWithInfo(ExecutionStrategy.java:210) ~[graphql-java-18.5.jar:na]
	at graphql.execution.ExecutionStrategy.resolveField(ExecutionStrategy.java:182) ~[graphql-java-18.5.jar:na]
	at graphql.execution.AsyncSerialExecutionStrategy.lambda$execute$1(AsyncSerialExecutionStrategy.java:43) ~[graphql-java-18.5.jar:na]
	at graphql.execution.Async.eachSequentiallyImpl(Async.java:80) ~[graphql-java-18.5.jar:na]
	at graphql.execution.Async.eachSequentially(Async.java:69) ~[graphql-java-18.5.jar:na]
	at graphql.execution.AsyncSerialExecutionStrategy.execute(AsyncSerialExecutionStrategy.java:38) ~[graphql-java-18.5.jar:na]
	at graphql.execution.Execution.executeOperation(Execution.java:159) ~[graphql-java-18.5.jar:na]
	at graphql.execution.Execution.execute(Execution.java:105) ~[graphql-java-18.5.jar:na]
	at graphql.GraphQL.execute(GraphQL.java:641) ~[graphql-java-18.5.jar:na]
	at graphql.GraphQL.lambda$parseValidateAndExecute$11(GraphQL.java:561) ~[graphql-java-18.5.jar:na]
	at java.base/java.util.concurrent.CompletableFuture.uniComposeStage(CompletableFuture.java:1187) ~[na:na]
	at java.base/java.util.concurrent.CompletableFuture.thenCompose(CompletableFuture.java:2309) ~[na:na]
	at graphql.GraphQL.parseValidateAndExecute(GraphQL.java:556) ~[graphql-java-18.5.jar:na]
	at graphql.GraphQL.executeAsync(GraphQL.java:524) ~[graphql-java-18.5.jar:na]
	at graphql.kickstart.execution.GraphQLInvoker.executeAsync(GraphQLInvoker.java:37) ~[graphql-java-kickstart-11.1.1.jar:na]
	at graphql.kickstart.execution.GraphQLInvoker.execute(GraphQLInvoker.java:28) ~[graphql-java-kickstart-11.1.1.jar:na]
	at graphql.kickstart.servlet.HttpRequestInvokerImpl.invoke(HttpRequestInvokerImpl.java:159) ~[graphql-java-servlet-11.1.1.jar:na]
	at graphql.kickstart.servlet.HttpRequestInvokerImpl.execute(HttpRequestInvokerImpl.java:44) ~[graphql-java-servlet-11.1.1.jar:na]
	at graphql.kickstart.servlet.HttpRequestHandlerImpl.handle(HttpRequestHandlerImpl.java:43) ~[graphql-java-servlet-11.1.1.jar:na]
	at graphql.kickstart.servlet.AbstractGraphQLHttpServlet.doRequest(AbstractGraphQLHttpServlet.java:84) ~[graphql-java-servlet-11.1.1.jar:na]
	at graphql.kickstart.servlet.AbstractGraphQLHttpServlet.doPost(AbstractGraphQLHttpServlet.java:79) ~[graphql-java-servlet-11.1.1.jar:na]
	at javax.servlet.http.HttpServlet.service(HttpServlet.java:555) ~[tomcat-embed-core-9.0.83.jar:4.0.FR]
	at javax.servlet.http.HttpServlet.service(HttpServlet.java:623) ~[tomcat-embed-core-9.0.83.jar:4.0.FR]
	at org.apache.catalina.core.ApplicationFilterChain.internalDoFilter(ApplicationFilterChain.java:209) ~[tomcat-embed-core-9.0.83.jar:9.0.83]
	at org.apache.catalina.core.ApplicationFilterChain.doFilter(ApplicationFilterChain.java:153) ~[tomcat-embed-core-9.0.83.jar:9.0.83]
	at org.apache.tomcat.websocket.server.WsFilter.doFilter(WsFilter.java:51) ~[tomcat-embed-websocket-9.0.83.jar:9.0.83]
	at org.apache.catalina.core.ApplicationFilterChain.internalDoFilter(ApplicationFilterChain.java:178) ~[tomcat-embed-core-9.0.83.jar:9.0.83]
	at org.apache.catalina.core.ApplicationFilterChain.doFilter(ApplicationFilterChain.java:153) ~[tomcat-embed-core-9.0.83.jar:9.0.83]
	at org.springframework.web.filter.CorsFilter.doFilterInternal(CorsFilter.java:91) ~[spring-web-5.3.31.jar:5.3.31]
	at org.springframework.web.filter.OncePerRequestFilter.doFilter(OncePerRequestFilter.java:117) ~[spring-web-5.3.31.jar:5.3.31]
	at org.apache.catalina.core.ApplicationFilterChain.internalDoFilter(ApplicationFilterChain.java:178) ~[tomcat-embed-core-9.0.83.jar:9.0.83]
	at org.apache.catalina.core.ApplicationFilterChain.doFilter(ApplicationFilterChain.java:153) ~[tomcat-embed-core-9.0.83.jar:9.0.83]
	at org.springframework.orm.jpa.support.OpenEntityManagerInViewFilter.doFilterInternal(OpenEntityManagerInViewFilter.java:186) ~[spring-orm-5.3.31.jar:5.3.31]
	at org.springframework.web.filter.OncePerRequestFilter.doFilter(OncePerRequestFilter.java:117) ~[spring-web-5.3.31.jar:5.3.31]
	at org.apache.catalina.core.ApplicationFilterChain.internalDoFilter(ApplicationFilterChain.java:178) ~[tomcat-embed-core-9.0.83.jar:9.0.83]
	at org.apache.catalina.core.ApplicationFilterChain.doFilter(ApplicationFilterChain.java:153) ~[tomcat-embed-core-9.0.83.jar:9.0.83]
	at com.franco.dev.security.JwtAuthenticationTokenFilter.successfulAuthentication(JwtAuthenticationTokenFilter.java:40) ~[classes/:na]
	at org.springframework.security.web.authentication.AbstractAuthenticationProcessingFilter.doFilter(AbstractAuthenticationProcessingFilter.java:237) ~[spring-security-web-5.7.11.jar:5.7.11]
	at org.springframework.security.web.authentication.AbstractAuthenticationProcessingFilter.doFilter(AbstractAuthenticationProcessingFilter.java:217) ~[spring-security-web-5.7.11.jar:5.7.11]
	at org.apache.catalina.core.ApplicationFilterChain.internalDoFilter(ApplicationFilterChain.java:178) ~[tomcat-embed-core-9.0.83.jar:9.0.83]
	at org.apache.catalina.core.ApplicationFilterChain.doFilter(ApplicationFilterChain.java:153) ~[tomcat-embed-core-9.0.83.jar:9.0.83]
	at org.springframework.security.web.FilterChainProxy$VirtualFilterChain.doFilter(FilterChainProxy.java:337) ~[spring-security-web-5.7.11.jar:5.7.11]
	at org.springframework.security.web.access.intercept.FilterSecurityInterceptor.invoke(FilterSecurityInterceptor.java:115) ~[spring-security-web-5.7.11.jar:5.7.11]
	at org.springframework.security.web.access.intercept.FilterSecurityInterceptor.doFilter(FilterSecurityInterceptor.java:81) ~[spring-security-web-5.7.11.jar:5.7.11]
	at org.springframework.security.web.FilterChainProxy$VirtualFilterChain.doFilter(FilterChainProxy.java:346) ~[spring-security-web-5.7.11.jar:5.7.11]
	at org.springframework.security.web.access.ExceptionTranslationFilter.doFilter(ExceptionTranslationFilter.java:122) ~[spring-security-web-5.7.11.jar:5.7.11]
	at org.springframework.security.web.access.ExceptionTranslationFilter.doFilter(ExceptionTranslationFilter.java:116) ~[spring-security-web-5.7.11.jar:5.7.11]
	at org.springframework.security.web.FilterChainProxy$VirtualFilterChain.doFilter(FilterChainProxy.java:346) ~[spring-security-web-5.7.11.jar:5.7.11]
	at org.springframework.security.web.session.SessionManagementFilter.doFilter(SessionManagementFilter.java:126) ~[spring-security-web-5.7.11.jar:5.7.11]
	at org.springframework.security.web.session.SessionManagementFilter.doFilter(SessionManagementFilter.java:81) ~[spring-security-web-5.7.11.jar:5.7.11]
	at org.springframework.security.web.FilterChainProxy$VirtualFilterChain.doFilter(FilterChainProxy.java:346) ~[spring-security-web-5.7.11.jar:5.7.11]
	at org.springframework.security.web.authentication.AnonymousAuthenticationFilter.doFilter(AnonymousAuthenticationFilter.java:109) ~[spring-security-web-5.7.11.jar:5.7.11]
	at org.springframework.security.web.FilterChainProxy$VirtualFilterChain.doFilter(FilterChainProxy.java:346) ~[spring-security-web-5.7.11.jar:5.7.11]
	at org.springframework.security.web.servletapi.SecurityContextHolderAwareRequestFilter.doFilter(SecurityContextHolderAwareRequestFilter.java:149) ~[spring-security-web-5.7.11.jar:5.7.11]
	at org.springframework.security.web.FilterChainProxy$VirtualFilterChain.doFilter(FilterChainProxy.java:346) ~[spring-security-web-5.7.11.jar:5.7.11]
	at org.springframework.security.web.savedrequest.RequestCacheAwareFilter.doFilter(RequestCacheAwareFilter.java:63) ~[spring-security-web-5.7.11.jar:5.7.11]
	at org.springframework.security.web.FilterChainProxy$VirtualFilterChain.doFilter(FilterChainProxy.java:346) ~[spring-security-web-5.7.11.jar:5.7.11]
	at com.franco.dev.security.JwtAuthenticationTokenFilter.successfulAuthentication(JwtAuthenticationTokenFilter.java:40) ~[classes/:na]
	at org.springframework.security.web.authentication.AbstractAuthenticationProcessingFilter.doFilter(AbstractAuthenticationProcessingFilter.java:237) ~[spring-security-web-5.7.11.jar:5.7.11]
	at org.springframework.security.web.authentication.AbstractAuthenticationProcessingFilter.doFilter(AbstractAuthenticationProcessingFilter.java:217) ~[spring-security-web-5.7.11.jar:5.7.11]
	at org.springframework.security.web.FilterChainProxy$VirtualFilterChain.doFilter(FilterChainProxy.java:346) ~[spring-security-web-5.7.11.jar:5.7.11]
	at org.springframework.security.web.authentication.logout.LogoutFilter.doFilter(LogoutFilter.java:103) ~[spring-security-web-5.7.11.jar:5.7.11]
	at org.springframework.security.web.authentication.logout.LogoutFilter.doFilter(LogoutFilter.java:89) ~[spring-security-web-5.7.11.jar:5.7.11]
	at org.springframework.security.web.FilterChainProxy$VirtualFilterChain.doFilter(FilterChainProxy.java:346) ~[spring-security-web-5.7.11.jar:5.7.11]
	at org.springframework.web.filter.CorsFilter.doFilterInternal(CorsFilter.java:91) ~[spring-web-5.3.31.jar:5.3.31]
	at org.springframework.web.filter.OncePerRequestFilter.doFilter(OncePerRequestFilter.java:117) ~[spring-web-5.3.31.jar:5.3.31]
	at org.springframework.security.web.FilterChainProxy$VirtualFilterChain.doFilter(FilterChainProxy.java:346) ~[spring-security-web-5.7.11.jar:5.7.11]
	at org.springframework.security.web.header.HeaderWriterFilter.doHeadersAfter(HeaderWriterFilter.java:90) ~[spring-security-web-5.7.11.jar:5.7.11]
	at org.springframework.security.web.header.HeaderWriterFilter.doFilterInternal(HeaderWriterFilter.java:75) ~[spring-security-web-5.7.11.jar:5.7.11]
	at org.springframework.web.filter.OncePerRequestFilter.doFilter(OncePerRequestFilter.java:117) ~[spring-web-5.3.31.jar:5.3.31]
	at org.springframework.security.web.FilterChainProxy$VirtualFilterChain.doFilter(FilterChainProxy.java:346) ~[spring-security-web-5.7.11.jar:5.7.11]
	at org.springframework.security.web.context.SecurityContextPersistenceFilter.doFilter(SecurityContextPersistenceFilter.java:112) ~[spring-security-web-5.7.11.jar:5.7.11]
	at org.springframework.security.web.context.SecurityContextPersistenceFilter.doFilter(SecurityContextPersistenceFilter.java:82) ~[spring-security-web-5.7.11.jar:5.7.11]
	at org.springframework.security.web.FilterChainProxy$VirtualFilterChain.doFilter(FilterChainProxy.java:346) ~[spring-security-web-5.7.11.jar:5.7.11]
	at org.springframework.security.web.context.request.async.WebAsyncManagerIntegrationFilter.doFilterInternal(WebAsyncManagerIntegrationFilter.java:55) ~[spring-security-web-5.7.11.jar:5.7.11]
	at org.springframework.web.filter.OncePerRequestFilter.doFilter(OncePerRequestFilter.java:117) ~[spring-web-5.3.31.jar:5.3.31]
	at org.springframework.security.web.FilterChainProxy$VirtualFilterChain.doFilter(FilterChainProxy.java:346) ~[spring-security-web-5.7.11.jar:5.7.11]
	at org.springframework.security.web.session.DisableEncodeUrlFilter.doFilterInternal(DisableEncodeUrlFilter.java:42) ~[spring-security-web-5.7.11.jar:5.7.11]
	at org.springframework.web.filter.OncePerRequestFilter.doFilter(OncePerRequestFilter.java:117) ~[spring-web-5.3.31.jar:5.3.31]
	at org.springframework.security.web.FilterChainProxy$VirtualFilterChain.doFilter(FilterChainProxy.java:346) ~[spring-security-web-5.7.11.jar:5.7.11]
	at org.springframework.security.web.FilterChainProxy.doFilterInternal(FilterChainProxy.java:221) ~[spring-security-web-5.7.11.jar:5.7.11]
	at org.springframework.security.web.FilterChainProxy.doFilter(FilterChainProxy.java:186) ~[spring-security-web-5.7.11.jar:5.7.11]
	at org.springframework.web.filter.DelegatingFilterProxy.invokeDelegate(DelegatingFilterProxy.java:354) ~[spring-web-5.3.31.jar:5.3.31]
	at org.springframework.web.filter.DelegatingFilterProxy.doFilter(DelegatingFilterProxy.java:267) ~[spring-web-5.3.31.jar:5.3.31]
	at org.apache.catalina.core.ApplicationFilterChain.internalDoFilter(ApplicationFilterChain.java:178) ~[tomcat-embed-core-9.0.83.jar:9.0.83]
	at org.apache.catalina.core.ApplicationFilterChain.doFilter(ApplicationFilterChain.java:153) ~[tomcat-embed-core-9.0.83.jar:9.0.83]
	at org.springframework.web.filter.RequestContextFilter.doFilterInternal(RequestContextFilter.java:100) ~[spring-web-5.3.31.jar:5.3.31]
	at org.springframework.web.filter.OncePerRequestFilter.doFilter(OncePerRequestFilter.java:117) ~[spring-web-5.3.31.jar:5.3.31]
	at org.apache.catalina.core.ApplicationFilterChain.internalDoFilter(ApplicationFilterChain.java:178) ~[tomcat-embed-core-9.0.83.jar:9.0.83]
	at org.apache.catalina.core.ApplicationFilterChain.doFilter(ApplicationFilterChain.java:153) ~[tomcat-embed-core-9.0.83.jar:9.0.83]
	at org.springframework.web.filter.FormContentFilter.doFilterInternal(FormContentFilter.java:93) ~[spring-web-5.3.31.jar:5.3.31]
	at org.springframework.web.filter.OncePerRequestFilter.doFilter(OncePerRequestFilter.java:117) ~[spring-web-5.3.31.jar:5.3.31]
	at org.apache.catalina.core.ApplicationFilterChain.internalDoFilter(ApplicationFilterChain.java:178) ~[tomcat-embed-core-9.0.83.jar:9.0.83]
	at org.apache.catalina.core.ApplicationFilterChain.doFilter(ApplicationFilterChain.java:153) ~[tomcat-embed-core-9.0.83.jar:9.0.83]
	at org.springframework.boot.actuate.metrics.web.servlet.WebMvcMetricsFilter.doFilterInternal(WebMvcMetricsFilter.java:96) ~[spring-boot-actuator-2.7.18.jar:2.7.18]
	at org.springframework.web.filter.OncePerRequestFilter.doFilter(OncePerRequestFilter.java:117) ~[spring-web-5.3.31.jar:5.3.31]
	at org.apache.catalina.core.ApplicationFilterChain.internalDoFilter(ApplicationFilterChain.java:178) ~[tomcat-embed-core-9.0.83.jar:9.0.83]
	at org.apache.catalina.core.ApplicationFilterChain.doFilter(ApplicationFilterChain.java:153) ~[tomcat-embed-core-9.0.83.jar:9.0.83]
	at org.springframework.web.filter.CharacterEncodingFilter.doFilterInternal(CharacterEncodingFilter.java:201) ~[spring-web-5.3.31.jar:5.3.31]
	at org.springframework.web.filter.OncePerRequestFilter.doFilter(OncePerRequestFilter.java:117) ~[spring-web-5.3.31.jar:5.3.31]
	at org.apache.catalina.core.ApplicationFilterChain.internalDoFilter(ApplicationFilterChain.java:178) ~[tomcat-embed-core-9.0.83.jar:9.0.83]
	at org.apache.catalina.core.ApplicationFilterChain.doFilter(ApplicationFilterChain.java:153) ~[tomcat-embed-core-9.0.83.jar:9.0.83]
	at org.springframework.web.filter.CorsFilter.doFilterInternal(CorsFilter.java:91) ~[spring-web-5.3.31.jar:5.3.31]
	at org.springframework.web.filter.OncePerRequestFilter.doFilter(OncePerRequestFilter.java:117) ~[spring-web-5.3.31.jar:5.3.31]
	at org.apache.catalina.core.ApplicationFilterChain.internalDoFilter(ApplicationFilterChain.java:178) ~[tomcat-embed-core-9.0.83.jar:9.0.83]
	at org.apache.catalina.core.ApplicationFilterChain.doFilter(ApplicationFilterChain.java:153) ~[tomcat-embed-core-9.0.83.jar:9.0.83]
	at org.apache.catalina.core.StandardWrapperValve.invoke(StandardWrapperValve.java:168) ~[tomcat-embed-core-9.0.83.jar:9.0.83]
	at org.apache.catalina.core.StandardContextValve.invoke(StandardContextValve.java:90) ~[tomcat-embed-core-9.0.83.jar:9.0.83]
	at org.apache.catalina.authenticator.AuthenticatorBase.invoke(AuthenticatorBase.java:481) ~[tomcat-embed-core-9.0.83.jar:9.0.83]
	at org.apache.catalina.core.StandardHostValve.invoke(StandardHostValve.java:130) ~[tomcat-embed-core-9.0.83.jar:9.0.83]
	at org.apache.catalina.valves.ErrorReportValve.invoke(ErrorReportValve.java:93) ~[tomcat-embed-core-9.0.83.jar:9.0.83]
	at org.apache.catalina.core.StandardEngineValve.invoke(StandardEngineValve.java:74) ~[tomcat-embed-core-9.0.83.jar:9.0.83]
	at org.apache.catalina.connector.CoyoteAdapter.service(CoyoteAdapter.java:342) ~[tomcat-embed-core-9.0.83.jar:9.0.83]
	at org.apache.coyote.http11.Http11Processor.service(Http11Processor.java:390) ~[tomcat-embed-core-9.0.83.jar:9.0.83]
	at org.apache.coyote.AbstractProcessorLight.process(AbstractProcessorLight.java:63) ~[tomcat-embed-core-9.0.83.jar:9.0.83]
	at org.apache.coyote.AbstractProtocol$ConnectionHandler.process(AbstractProtocol.java:928) ~[tomcat-embed-core-9.0.83.jar:9.0.83]
	at org.apache.tomcat.util.net.NioEndpoint$SocketProcessor.doRun(NioEndpoint.java:1794) ~[tomcat-embed-core-9.0.83.jar:9.0.83]
	at org.apache.tomcat.util.net.SocketProcessorBase.run(SocketProcessorBase.java:52) ~[tomcat-embed-core-9.0.83.jar:9.0.83]
	at org.apache.tomcat.util.threads.ThreadPoolExecutor.runWorker(ThreadPoolExecutor.java:1191) ~[tomcat-embed-core-9.0.83.jar:9.0.83]
	at org.apache.tomcat.util.threads.ThreadPoolExecutor$Worker.run(ThreadPoolExecutor.java:659) ~[tomcat-embed-core-9.0.83.jar:9.0.83]
	at org.apache.tomcat.util.threads.TaskThread$WrappingRunnable.run(TaskThread.java:61) ~[tomcat-embed-core-9.0.83.jar:9.0.83]
	at java.base/java.lang.Thread.run(Thread.java:840) ~[na:na]

Successfully Authentication
Successfully Authentication
Successfully Authentication
Successfully Authentication
Successfully Authentication
Successfully Authentication
2026-07-22 13:53:59.013  WARN 27521 --- [0.0-8081-exec-4] o.h.engine.jdbc.spi.SqlExceptionHelper   : SQL Error: 0, SQLState: 23502
2026-07-22 13:53:59.013 ERROR 27521 --- [0.0-8081-exec-4] o.h.engine.jdbc.spi.SqlExceptionHelper   : ERRO: o valor nulo na coluna "id" da relação "configuracion_rrhh_historico" viola a restrição de não-nulo
  Detail: Registro que falhou contém (null, 12, TOLERANCIA_TARDANZA_MIN, 5, 99, 1, 2026-07-22 13:53:59.002371).
2026-07-22 13:53:59.023  WARN 27521 --- [0.0-8081-exec-4] n.g.e.SimpleDataFetcherExceptionHandler  : Exception while fetching data (/data) : could not execute statement; SQL [n/a]; constraint [null]; nested exception is org.hibernate.exception.ConstraintViolationException: could not execute statement

org.springframework.dao.DataIntegrityViolationException: could not execute statement; SQL [n/a]; constraint [null]; nested exception is org.hibernate.exception.ConstraintViolationException: could not execute statement
	at org.springframework.orm.jpa.vendor.HibernateJpaDialect.convertHibernateAccessException(HibernateJpaDialect.java:276) ~[spring-orm-5.3.31.jar:5.3.31]
	at org.springframework.orm.jpa.vendor.HibernateJpaDialect.translateExceptionIfPossible(HibernateJpaDialect.java:233) ~[spring-orm-5.3.31.jar:5.3.31]
	at org.springframework.orm.jpa.AbstractEntityManagerFactoryBean.translateExceptionIfPossible(AbstractEntityManagerFactoryBean.java:551) ~[spring-orm-5.3.31.jar:5.3.31]
	at org.springframework.dao.support.ChainedPersistenceExceptionTranslator.translateExceptionIfPossible(ChainedPersistenceExceptionTranslator.java:61) ~[spring-tx-5.3.31.jar:5.3.31]
	at org.springframework.dao.support.DataAccessUtils.translateIfNecessary(DataAccessUtils.java:243) ~[spring-tx-5.3.31.jar:5.3.31]
	at org.springframework.dao.support.PersistenceExceptionTranslationInterceptor.invoke(PersistenceExceptionTranslationInterceptor.java:152) ~[spring-tx-5.3.31.jar:5.3.31]
	at org.springframework.aop.framework.ReflectiveMethodInvocation.proceed(ReflectiveMethodInvocation.java:186) ~[spring-aop-5.3.31.jar:5.3.31]
	at org.springframework.data.jpa.repository.support.CrudMethodMetadataPostProcessor$CrudMethodMetadataPopulatingMethodInterceptor.invoke(CrudMethodMetadataPostProcessor.java:174) ~[spring-data-jpa-2.7.18.jar:2.7.18]
	at org.springframework.aop.framework.ReflectiveMethodInvocation.proceed(ReflectiveMethodInvocation.java:186) ~[spring-aop-5.3.31.jar:5.3.31]
	at org.springframework.aop.interceptor.ExposeInvocationInterceptor.invoke(ExposeInvocationInterceptor.java:97) ~[spring-aop-5.3.31.jar:5.3.31]
	at org.springframework.aop.framework.ReflectiveMethodInvocation.proceed(ReflectiveMethodInvocation.java:186) ~[spring-aop-5.3.31.jar:5.3.31]
	at org.springframework.aop.framework.JdkDynamicAopProxy.invoke(JdkDynamicAopProxy.java:241) ~[spring-aop-5.3.31.jar:5.3.31]
	at jdk.proxy3/jdk.proxy3.$Proxy429.save(Unknown Source) ~[na:na]
	at com.franco.dev.service.rrhh.ConfiguracionRrhhService.auditarCambio(ConfiguracionRrhhService.java:48) ~[classes/:na]
	at com.franco.dev.service.rrhh.ConfiguracionRrhhService$$FastClassBySpringCGLIB$$fbca8aee.invoke(<generated>) ~[classes/:na]
	at org.springframework.cglib.proxy.MethodProxy.invoke(MethodProxy.java:218) ~[spring-core-5.3.31.jar:5.3.31]
	at org.springframework.aop.framework.CglibAopProxy.invokeMethod(CglibAopProxy.java:386) ~[spring-aop-5.3.31.jar:5.3.31]
	at org.springframework.aop.framework.CglibAopProxy.access$000(CglibAopProxy.java:85) ~[spring-aop-5.3.31.jar:5.3.31]
	at org.springframework.aop.framework.CglibAopProxy$DynamicAdvisedInterceptor.intercept(CglibAopProxy.java:703) ~[spring-aop-5.3.31.jar:5.3.31]
	at com.franco.dev.service.rrhh.ConfiguracionRrhhService$$EnhancerBySpringCGLIB$$7035396d.auditarCambio(<generated>) ~[classes/:na]
	at com.franco.dev.graphql.rrhh.ConfiguracionRrhhGraphQL.saveConfiguracionRrhh(ConfiguracionRrhhGraphQL.java:95) ~[classes/:na]
	at com.franco.dev.graphql.rrhh.ConfiguracionRrhhGraphQL$$FastClassBySpringCGLIB$$d59a4e56.invoke(<generated>) ~[classes/:na]
	at org.springframework.cglib.proxy.MethodProxy.invoke(MethodProxy.java:218) ~[spring-core-5.3.31.jar:5.3.31]
	at org.springframework.aop.framework.CglibAopProxy$CglibMethodInvocation.invokeJoinpoint(CglibAopProxy.java:792) ~[spring-aop-5.3.31.jar:5.3.31]
	at org.springframework.aop.framework.ReflectiveMethodInvocation.proceed(ReflectiveMethodInvocation.java:163) ~[spring-aop-5.3.31.jar:5.3.31]
	at org.springframework.aop.framework.CglibAopProxy$CglibMethodInvocation.proceed(CglibAopProxy.java:762) ~[spring-aop-5.3.31.jar:5.3.31]
	at org.springframework.aop.framework.adapter.MethodBeforeAdviceInterceptor.invoke(MethodBeforeAdviceInterceptor.java:58) ~[spring-aop-5.3.31.jar:5.3.31]
	at org.springframework.aop.framework.ReflectiveMethodInvocation.proceed(ReflectiveMethodInvocation.java:175) ~[spring-aop-5.3.31.jar:5.3.31]
	at org.springframework.aop.framework.CglibAopProxy$CglibMethodInvocation.proceed(CglibAopProxy.java:762) ~[spring-aop-5.3.31.jar:5.3.31]
	at org.springframework.aop.interceptor.ExposeInvocationInterceptor.invoke(ExposeInvocationInterceptor.java:97) ~[spring-aop-5.3.31.jar:5.3.31]
	at org.springframework.aop.framework.ReflectiveMethodInvocation.proceed(ReflectiveMethodInvocation.java:186) ~[spring-aop-5.3.31.jar:5.3.31]
	at org.springframework.aop.framework.CglibAopProxy$CglibMethodInvocation.proceed(CglibAopProxy.java:762) ~[spring-aop-5.3.31.jar:5.3.31]
	at org.springframework.aop.framework.CglibAopProxy$DynamicAdvisedInterceptor.intercept(CglibAopProxy.java:707) ~[spring-aop-5.3.31.jar:5.3.31]
	at com.franco.dev.graphql.rrhh.ConfiguracionRrhhGraphQL$$EnhancerBySpringCGLIB$$a549ad75.saveConfiguracionRrhh(<generated>) ~[classes/:na]
	at java.base/jdk.internal.reflect.NativeMethodAccessorImpl.invoke0(Native Method) ~[na:na]
	at java.base/jdk.internal.reflect.NativeMethodAccessorImpl.invoke(NativeMethodAccessorImpl.java:77) ~[na:na]
	at java.base/jdk.internal.reflect.DelegatingMethodAccessorImpl.invoke(DelegatingMethodAccessorImpl.java:43) ~[na:na]
	at java.base/java.lang.reflect.Method.invoke(Method.java:569) ~[na:na]
	at graphql.kickstart.tools.resolver.MethodFieldResolverDataFetcher.get(MethodFieldResolver.kt:261) ~[graphql-java-tools-11.1.0.jar:na]
	at graphql.execution.instrumentation.dataloader.DataLoaderDispatcherInstrumentation.lambda$instrumentDataFetcher$0(DataLoaderDispatcherInstrumentation.java:87) ~[graphql-java-18.5.jar:na]
	at graphql.execution.ExecutionStrategy.fetchField(ExecutionStrategy.java:279) ~[graphql-java-18.5.jar:na]
	at graphql.execution.ExecutionStrategy.resolveFieldWithInfo(ExecutionStrategy.java:210) ~[graphql-java-18.5.jar:na]
	at graphql.execution.ExecutionStrategy.resolveField(ExecutionStrategy.java:182) ~[graphql-java-18.5.jar:na]
	at graphql.execution.AsyncSerialExecutionStrategy.lambda$execute$1(AsyncSerialExecutionStrategy.java:43) ~[graphql-java-18.5.jar:na]
	at graphql.execution.Async.eachSequentiallyImpl(Async.java:80) ~[graphql-java-18.5.jar:na]
	at graphql.execution.Async.eachSequentially(Async.java:69) ~[graphql-java-18.5.jar:na]
	at graphql.execution.AsyncSerialExecutionStrategy.execute(AsyncSerialExecutionStrategy.java:38) ~[graphql-java-18.5.jar:na]
	at graphql.execution.Execution.executeOperation(Execution.java:159) ~[graphql-java-18.5.jar:na]
	at graphql.execution.Execution.execute(Execution.java:105) ~[graphql-java-18.5.jar:na]
	at graphql.GraphQL.execute(GraphQL.java:641) ~[graphql-java-18.5.jar:na]
	at graphql.GraphQL.lambda$parseValidateAndExecute$11(GraphQL.java:561) ~[graphql-java-18.5.jar:na]
	at java.base/java.util.concurrent.CompletableFuture.uniComposeStage(CompletableFuture.java:1187) ~[na:na]
	at java.base/java.util.concurrent.CompletableFuture.thenCompose(CompletableFuture.java:2309) ~[na:na]
	at graphql.GraphQL.parseValidateAndExecute(GraphQL.java:556) ~[graphql-java-18.5.jar:na]
	at graphql.GraphQL.executeAsync(GraphQL.java:524) ~[graphql-java-18.5.jar:na]
	at graphql.kickstart.execution.GraphQLInvoker.executeAsync(GraphQLInvoker.java:37) ~[graphql-java-kickstart-11.1.1.jar:na]
	at graphql.kickstart.execution.GraphQLInvoker.execute(GraphQLInvoker.java:28) ~[graphql-java-kickstart-11.1.1.jar:na]
	at graphql.kickstart.servlet.HttpRequestInvokerImpl.invoke(HttpRequestInvokerImpl.java:159) ~[graphql-java-servlet-11.1.1.jar:na]
	at graphql.kickstart.servlet.HttpRequestInvokerImpl.execute(HttpRequestInvokerImpl.java:44) ~[graphql-java-servlet-11.1.1.jar:na]
	at graphql.kickstart.servlet.HttpRequestHandlerImpl.handle(HttpRequestHandlerImpl.java:43) ~[graphql-java-servlet-11.1.1.jar:na]
	at graphql.kickstart.servlet.AbstractGraphQLHttpServlet.doRequest(AbstractGraphQLHttpServlet.java:84) ~[graphql-java-servlet-11.1.1.jar:na]
	at graphql.kickstart.servlet.AbstractGraphQLHttpServlet.doPost(AbstractGraphQLHttpServlet.java:79) ~[graphql-java-servlet-11.1.1.jar:na]
	at javax.servlet.http.HttpServlet.service(HttpServlet.java:555) ~[tomcat-embed-core-9.0.83.jar:4.0.FR]
	at javax.servlet.http.HttpServlet.service(HttpServlet.java:623) ~[tomcat-embed-core-9.0.83.jar:4.0.FR]
	at org.apache.catalina.core.ApplicationFilterChain.internalDoFilter(ApplicationFilterChain.java:209) ~[tomcat-embed-core-9.0.83.jar:9.0.83]
	at org.apache.catalina.core.ApplicationFilterChain.doFilter(ApplicationFilterChain.java:153) ~[tomcat-embed-core-9.0.83.jar:9.0.83]
	at org.apache.tomcat.websocket.server.WsFilter.doFilter(WsFilter.java:51) ~[tomcat-embed-websocket-9.0.83.jar:9.0.83]
	at org.apache.catalina.core.ApplicationFilterChain.internalDoFilter(ApplicationFilterChain.java:178) ~[tomcat-embed-core-9.0.83.jar:9.0.83]
	at org.apache.catalina.core.ApplicationFilterChain.doFilter(ApplicationFilterChain.java:153) ~[tomcat-embed-core-9.0.83.jar:9.0.83]
	at org.springframework.web.filter.CorsFilter.doFilterInternal(CorsFilter.java:91) ~[spring-web-5.3.31.jar:5.3.31]
	at org.springframework.web.filter.OncePerRequestFilter.doFilter(OncePerRequestFilter.java:117) ~[spring-web-5.3.31.jar:5.3.31]
	at org.apache.catalina.core.ApplicationFilterChain.internalDoFilter(ApplicationFilterChain.java:178) ~[tomcat-embed-core-9.0.83.jar:9.0.83]
	at org.apache.catalina.core.ApplicationFilterChain.doFilter(ApplicationFilterChain.java:153) ~[tomcat-embed-core-9.0.83.jar:9.0.83]
	at org.springframework.orm.jpa.support.OpenEntityManagerInViewFilter.doFilterInternal(OpenEntityManagerInViewFilter.java:186) ~[spring-orm-5.3.31.jar:5.3.31]
	at org.springframework.web.filter.OncePerRequestFilter.doFilter(OncePerRequestFilter.java:117) ~[spring-web-5.3.31.jar:5.3.31]
	at org.apache.catalina.core.ApplicationFilterChain.internalDoFilter(ApplicationFilterChain.java:178) ~[tomcat-embed-core-9.0.83.jar:9.0.83]
	at org.apache.catalina.core.ApplicationFilterChain.doFilter(ApplicationFilterChain.java:153) ~[tomcat-embed-core-9.0.83.jar:9.0.83]
	at com.franco.dev.security.JwtAuthenticationTokenFilter.successfulAuthentication(JwtAuthenticationTokenFilter.java:40) ~[classes/:na]
	at org.springframework.security.web.authentication.AbstractAuthenticationProcessingFilter.doFilter(AbstractAuthenticationProcessingFilter.java:237) ~[spring-security-web-5.7.11.jar:5.7.11]
	at org.springframework.security.web.authentication.AbstractAuthenticationProcessingFilter.doFilter(AbstractAuthenticationProcessingFilter.java:217) ~[spring-security-web-5.7.11.jar:5.7.11]
	at org.apache.catalina.core.ApplicationFilterChain.internalDoFilter(ApplicationFilterChain.java:178) ~[tomcat-embed-core-9.0.83.jar:9.0.83]
	at org.apache.catalina.core.ApplicationFilterChain.doFilter(ApplicationFilterChain.java:153) ~[tomcat-embed-core-9.0.83.jar:9.0.83]
	at org.springframework.security.web.FilterChainProxy$VirtualFilterChain.doFilter(FilterChainProxy.java:337) ~[spring-security-web-5.7.11.jar:5.7.11]
	at org.springframework.security.web.access.intercept.FilterSecurityInterceptor.invoke(FilterSecurityInterceptor.java:115) ~[spring-security-web-5.7.11.jar:5.7.11]
	at org.springframework.security.web.access.intercept.FilterSecurityInterceptor.doFilter(FilterSecurityInterceptor.java:81) ~[spring-security-web-5.7.11.jar:5.7.11]
	at org.springframework.security.web.FilterChainProxy$VirtualFilterChain.doFilter(FilterChainProxy.java:346) ~[spring-security-web-5.7.11.jar:5.7.11]
	at org.springframework.security.web.access.ExceptionTranslationFilter.doFilter(ExceptionTranslationFilter.java:122) ~[spring-security-web-5.7.11.jar:5.7.11]
	at org.springframework.security.web.access.ExceptionTranslationFilter.doFilter(ExceptionTranslationFilter.java:116) ~[spring-security-web-5.7.11.jar:5.7.11]
	at org.springframework.security.web.FilterChainProxy$VirtualFilterChain.doFilter(FilterChainProxy.java:346) ~[spring-security-web-5.7.11.jar:5.7.11]
	at org.springframework.security.web.session.SessionManagementFilter.doFilter(SessionManagementFilter.java:126) ~[spring-security-web-5.7.11.jar:5.7.11]
	at org.springframework.security.web.session.SessionManagementFilter.doFilter(SessionManagementFilter.java:81) ~[spring-security-web-5.7.11.jar:5.7.11]
	at org.springframework.security.web.FilterChainProxy$VirtualFilterChain.doFilter(FilterChainProxy.java:346) ~[spring-security-web-5.7.11.jar:5.7.11]
	at org.springframework.security.web.authentication.AnonymousAuthenticationFilter.doFilter(AnonymousAuthenticationFilter.java:109) ~[spring-security-web-5.7.11.jar:5.7.11]
	at org.springframework.security.web.FilterChainProxy$VirtualFilterChain.doFilter(FilterChainProxy.java:346) ~[spring-security-web-5.7.11.jar:5.7.11]
	at org.springframework.security.web.servletapi.SecurityContextHolderAwareRequestFilter.doFilter(SecurityContextHolderAwareRequestFilter.java:149) ~[spring-security-web-5.7.11.jar:5.7.11]
	at org.springframework.security.web.FilterChainProxy$VirtualFilterChain.doFilter(FilterChainProxy.java:346) ~[spring-security-web-5.7.11.jar:5.7.11]
	at org.springframework.security.web.savedrequest.RequestCacheAwareFilter.doFilter(RequestCacheAwareFilter.java:63) ~[spring-security-web-5.7.11.jar:5.7.11]
	at org.springframework.security.web.FilterChainProxy$VirtualFilterChain.doFilter(FilterChainProxy.java:346) ~[spring-security-web-5.7.11.jar:5.7.11]
	at com.franco.dev.security.JwtAuthenticationTokenFilter.successfulAuthentication(JwtAuthenticationTokenFilter.java:40) ~[classes/:na]
	at org.springframework.security.web.authentication.AbstractAuthenticationProcessingFilter.doFilter(AbstractAuthenticationProcessingFilter.java:237) ~[spring-security-web-5.7.11.jar:5.7.11]
	at org.springframework.security.web.authentication.AbstractAuthenticationProcessingFilter.doFilter(AbstractAuthenticationProcessingFilter.java:217) ~[spring-security-web-5.7.11.jar:5.7.11]
	at org.springframework.security.web.FilterChainProxy$VirtualFilterChain.doFilter(FilterChainProxy.java:346) ~[spring-security-web-5.7.11.jar:5.7.11]
	at org.springframework.security.web.authentication.logout.LogoutFilter.doFilter(LogoutFilter.java:103) ~[spring-security-web-5.7.11.jar:5.7.11]
	at org.springframework.security.web.authentication.logout.LogoutFilter.doFilter(LogoutFilter.java:89) ~[spring-security-web-5.7.11.jar:5.7.11]
	at org.springframework.security.web.FilterChainProxy$VirtualFilterChain.doFilter(FilterChainProxy.java:346) ~[spring-security-web-5.7.11.jar:5.7.11]
	at org.springframework.web.filter.CorsFilter.doFilterInternal(CorsFilter.java:91) ~[spring-web-5.3.31.jar:5.3.31]
	at org.springframework.web.filter.OncePerRequestFilter.doFilter(OncePerRequestFilter.java:117) ~[spring-web-5.3.31.jar:5.3.31]
	at org.springframework.security.web.FilterChainProxy$VirtualFilterChain.doFilter(FilterChainProxy.java:346) ~[spring-security-web-5.7.11.jar:5.7.11]
	at org.springframework.security.web.header.HeaderWriterFilter.doHeadersAfter(HeaderWriterFilter.java:90) ~[spring-security-web-5.7.11.jar:5.7.11]
	at org.springframework.security.web.header.HeaderWriterFilter.doFilterInternal(HeaderWriterFilter.java:75) ~[spring-security-web-5.7.11.jar:5.7.11]
	at org.springframework.web.filter.OncePerRequestFilter.doFilter(OncePerRequestFilter.java:117) ~[spring-web-5.3.31.jar:5.3.31]
	at org.springframework.security.web.FilterChainProxy$VirtualFilterChain.doFilter(FilterChainProxy.java:346) ~[spring-security-web-5.7.11.jar:5.7.11]
	at org.springframework.security.web.context.SecurityContextPersistenceFilter.doFilter(SecurityContextPersistenceFilter.java:112) ~[spring-security-web-5.7.11.jar:5.7.11]
	at org.springframework.security.web.context.SecurityContextPersistenceFilter.doFilter(SecurityContextPersistenceFilter.java:82) ~[spring-security-web-5.7.11.jar:5.7.11]
	at org.springframework.security.web.FilterChainProxy$VirtualFilterChain.doFilter(FilterChainProxy.java:346) ~[spring-security-web-5.7.11.jar:5.7.11]
	at org.springframework.security.web.context.request.async.WebAsyncManagerIntegrationFilter.doFilterInternal(WebAsyncManagerIntegrationFilter.java:55) ~[spring-security-web-5.7.11.jar:5.7.11]
	at org.springframework.web.filter.OncePerRequestFilter.doFilter(OncePerRequestFilter.java:117) ~[spring-web-5.3.31.jar:5.3.31]
	at org.springframework.security.web.FilterChainProxy$VirtualFilterChain.doFilter(FilterChainProxy.java:346) ~[spring-security-web-5.7.11.jar:5.7.11]
	at org.springframework.security.web.session.DisableEncodeUrlFilter.doFilterInternal(DisableEncodeUrlFilter.java:42) ~[spring-security-web-5.7.11.jar:5.7.11]
	at org.springframework.web.filter.OncePerRequestFilter.doFilter(OncePerRequestFilter.java:117) ~[spring-web-5.3.31.jar:5.3.31]
	at org.springframework.security.web.FilterChainProxy$VirtualFilterChain.doFilter(FilterChainProxy.java:346) ~[spring-security-web-5.7.11.jar:5.7.11]
	at org.springframework.security.web.FilterChainProxy.doFilterInternal(FilterChainProxy.java:221) ~[spring-security-web-5.7.11.jar:5.7.11]
	at org.springframework.security.web.FilterChainProxy.doFilter(FilterChainProxy.java:186) ~[spring-security-web-5.7.11.jar:5.7.11]
	at org.springframework.web.filter.DelegatingFilterProxy.invokeDelegate(DelegatingFilterProxy.java:354) ~[spring-web-5.3.31.jar:5.3.31]
	at org.springframework.web.filter.DelegatingFilterProxy.doFilter(DelegatingFilterProxy.java:267) ~[spring-web-5.3.31.jar:5.3.31]
	at org.apache.catalina.core.ApplicationFilterChain.internalDoFilter(ApplicationFilterChain.java:178) ~[tomcat-embed-core-9.0.83.jar:9.0.83]
	at org.apache.catalina.core.ApplicationFilterChain.doFilter(ApplicationFilterChain.java:153) ~[tomcat-embed-core-9.0.83.jar:9.0.83]
	at org.springframework.web.filter.RequestContextFilter.doFilterInternal(RequestContextFilter.java:100) ~[spring-web-5.3.31.jar:5.3.31]
	at org.springframework.web.filter.OncePerRequestFilter.doFilter(OncePerRequestFilter.java:117) ~[spring-web-5.3.31.jar:5.3.31]
	at org.apache.catalina.core.ApplicationFilterChain.internalDoFilter(ApplicationFilterChain.java:178) ~[tomcat-embed-core-9.0.83.jar:9.0.83]
	at org.apache.catalina.core.ApplicationFilterChain.doFilter(ApplicationFilterChain.java:153) ~[tomcat-embed-core-9.0.83.jar:9.0.83]
	at org.springframework.web.filter.FormContentFilter.doFilterInternal(FormContentFilter.java:93) ~[spring-web-5.3.31.jar:5.3.31]
	at org.springframework.web.filter.OncePerRequestFilter.doFilter(OncePerRequestFilter.java:117) ~[spring-web-5.3.31.jar:5.3.31]
	at org.apache.catalina.core.ApplicationFilterChain.internalDoFilter(ApplicationFilterChain.java:178) ~[tomcat-embed-core-9.0.83.jar:9.0.83]
	at org.apache.catalina.core.ApplicationFilterChain.doFilter(ApplicationFilterChain.java:153) ~[tomcat-embed-core-9.0.83.jar:9.0.83]
	at org.springframework.boot.actuate.metrics.web.servlet.WebMvcMetricsFilter.doFilterInternal(WebMvcMetricsFilter.java:96) ~[spring-boot-actuator-2.7.18.jar:2.7.18]
	at org.springframework.web.filter.OncePerRequestFilter.doFilter(OncePerRequestFilter.java:117) ~[spring-web-5.3.31.jar:5.3.31]
	at org.apache.catalina.core.ApplicationFilterChain.internalDoFilter(ApplicationFilterChain.java:178) ~[tomcat-embed-core-9.0.83.jar:9.0.83]
	at org.apache.catalina.core.ApplicationFilterChain.doFilter(ApplicationFilterChain.java:153) ~[tomcat-embed-core-9.0.83.jar:9.0.83]
	at org.springframework.web.filter.CharacterEncodingFilter.doFilterInternal(CharacterEncodingFilter.java:201) ~[spring-web-5.3.31.jar:5.3.31]
	at org.springframework.web.filter.OncePerRequestFilter.doFilter(OncePerRequestFilter.java:117) ~[spring-web-5.3.31.jar:5.3.31]
	at org.apache.catalina.core.ApplicationFilterChain.internalDoFilter(ApplicationFilterChain.java:178) ~[tomcat-embed-core-9.0.83.jar:9.0.83]
	at org.apache.catalina.core.ApplicationFilterChain.doFilter(ApplicationFilterChain.java:153) ~[tomcat-embed-core-9.0.83.jar:9.0.83]
	at org.springframework.web.filter.CorsFilter.doFilterInternal(CorsFilter.java:91) ~[spring-web-5.3.31.jar:5.3.31]
	at org.springframework.web.filter.OncePerRequestFilter.doFilter(OncePerRequestFilter.java:117) ~[spring-web-5.3.31.jar:5.3.31]
	at org.apache.catalina.core.ApplicationFilterChain.internalDoFilter(ApplicationFilterChain.java:178) ~[tomcat-embed-core-9.0.83.jar:9.0.83]
	at org.apache.catalina.core.ApplicationFilterChain.doFilter(ApplicationFilterChain.java:153) ~[tomcat-embed-core-9.0.83.jar:9.0.83]
	at org.apache.catalina.core.StandardWrapperValve.invoke(StandardWrapperValve.java:168) ~[tomcat-embed-core-9.0.83.jar:9.0.83]
	at org.apache.catalina.core.StandardContextValve.invoke(StandardContextValve.java:90) ~[tomcat-embed-core-9.0.83.jar:9.0.83]
	at org.apache.catalina.authenticator.AuthenticatorBase.invoke(AuthenticatorBase.java:481) ~[tomcat-embed-core-9.0.83.jar:9.0.83]
	at org.apache.catalina.core.StandardHostValve.invoke(StandardHostValve.java:130) ~[tomcat-embed-core-9.0.83.jar:9.0.83]
	at org.apache.catalina.valves.ErrorReportValve.invoke(ErrorReportValve.java:93) ~[tomcat-embed-core-9.0.83.jar:9.0.83]
	at org.apache.catalina.core.StandardEngineValve.invoke(StandardEngineValve.java:74) ~[tomcat-embed-core-9.0.83.jar:9.0.83]
	at org.apache.catalina.connector.CoyoteAdapter.service(CoyoteAdapter.java:342) ~[tomcat-embed-core-9.0.83.jar:9.0.83]
	at org.apache.coyote.http11.Http11Processor.service(Http11Processor.java:390) ~[tomcat-embed-core-9.0.83.jar:9.0.83]
	at org.apache.coyote.AbstractProcessorLight.process(AbstractProcessorLight.java:63) ~[tomcat-embed-core-9.0.83.jar:9.0.83]
	at org.apache.coyote.AbstractProtocol$ConnectionHandler.process(AbstractProtocol.java:928) ~[tomcat-embed-core-9.0.83.jar:9.0.83]
	at org.apache.tomcat.util.net.NioEndpoint$SocketProcessor.doRun(NioEndpoint.java:1794) ~[tomcat-embed-core-9.0.83.jar:9.0.83]
	at org.apache.tomcat.util.net.SocketProcessorBase.run(SocketProcessorBase.java:52) ~[tomcat-embed-core-9.0.83.jar:9.0.83]
	at org.apache.tomcat.util.threads.ThreadPoolExecutor.runWorker(ThreadPoolExecutor.java:1191) ~[tomcat-embed-core-9.0.83.jar:9.0.83]
	at org.apache.tomcat.util.threads.ThreadPoolExecutor$Worker.run(ThreadPoolExecutor.java:659) ~[tomcat-embed-core-9.0.83.jar:9.0.83]
	at org.apache.tomcat.util.threads.TaskThread$WrappingRunnable.run(TaskThread.java:61) ~[tomcat-embed-core-9.0.83.jar:9.0.83]
	at java.base/java.lang.Thread.run(Thread.java:840) ~[na:na]
Caused by: org.hibernate.exception.ConstraintViolationException: could not execute statement
	at org.hibernate.exception.internal.SQLStateConversionDelegate.convert(SQLStateConversionDelegate.java:109) ~[hibernate-core-5.6.15.Final.jar:5.6.15.Final]
	at org.hibernate.exception.internal.StandardSQLExceptionConverter.convert(StandardSQLExceptionConverter.java:37) ~[hibernate-core-5.6.15.Final.jar:5.6.15.Final]
	at org.hibernate.engine.jdbc.spi.SqlExceptionHelper.convert(SqlExceptionHelper.java:113) ~[hibernate-core-5.6.15.Final.jar:5.6.15.Final]
	at org.hibernate.engine.jdbc.spi.SqlExceptionHelper.convert(SqlExceptionHelper.java:99) ~[hibernate-core-5.6.15.Final.jar:5.6.15.Final]
	at org.hibernate.engine.jdbc.internal.ResultSetReturnImpl.executeUpdate(ResultSetReturnImpl.java:200) ~[hibernate-core-5.6.15.Final.jar:5.6.15.Final]
	at org.hibernate.id.insert.AbstractSelectingDelegate.performInsert(AbstractSelectingDelegate.java:45) ~[hibernate-core-5.6.15.Final.jar:5.6.15.Final]
	at org.hibernate.persister.entity.AbstractEntityPersister.insert(AbstractEntityPersister.java:3279) ~[hibernate-core-5.6.15.Final.jar:5.6.15.Final]
	at org.hibernate.persister.entity.AbstractEntityPersister.insert(AbstractEntityPersister.java:3914) ~[hibernate-core-5.6.15.Final.jar:5.6.15.Final]
	at org.hibernate.action.internal.EntityIdentityInsertAction.execute(EntityIdentityInsertAction.java:84) ~[hibernate-core-5.6.15.Final.jar:5.6.15.Final]
	at org.hibernate.engine.spi.ActionQueue.execute(ActionQueue.java:645) ~[hibernate-core-5.6.15.Final.jar:5.6.15.Final]
	at org.hibernate.engine.spi.ActionQueue.addResolvedEntityInsertAction(ActionQueue.java:282) ~[hibernate-core-5.6.15.Final.jar:5.6.15.Final]
	at org.hibernate.engine.spi.ActionQueue.addInsertAction(ActionQueue.java:263) ~[hibernate-core-5.6.15.Final.jar:5.6.15.Final]
	at org.hibernate.engine.spi.ActionQueue.addAction(ActionQueue.java:317) ~[hibernate-core-5.6.15.Final.jar:5.6.15.Final]
	at org.hibernate.event.internal.AbstractSaveEventListener.addInsertAction(AbstractSaveEventListener.java:329) ~[hibernate-core-5.6.15.Final.jar:5.6.15.Final]
	at org.hibernate.event.internal.AbstractSaveEventListener.performSaveOrReplicate(AbstractSaveEventListener.java:286) ~[hibernate-core-5.6.15.Final.jar:5.6.15.Final]
	at org.hibernate.event.internal.AbstractSaveEventListener.performSave(AbstractSaveEventListener.java:192) ~[hibernate-core-5.6.15.Final.jar:5.6.15.Final]
	at org.hibernate.event.internal.AbstractSaveEventListener.saveWithGeneratedId(AbstractSaveEventListener.java:122) ~[hibernate-core-5.6.15.Final.jar:5.6.15.Final]
	at org.hibernate.event.internal.DefaultPersistEventListener.entityIsTransient(DefaultPersistEventListener.java:185) ~[hibernate-core-5.6.15.Final.jar:5.6.15.Final]
	at org.hibernate.event.internal.DefaultPersistEventListener.onPersist(DefaultPersistEventListener.java:128) ~[hibernate-core-5.6.15.Final.jar:5.6.15.Final]
	at org.hibernate.event.internal.DefaultPersistEventListener.onPersist(DefaultPersistEventListener.java:55) ~[hibernate-core-5.6.15.Final.jar:5.6.15.Final]
	at org.hibernate.event.service.internal.EventListenerGroupImpl.fireEventOnEachListener(EventListenerGroupImpl.java:107) ~[hibernate-core-5.6.15.Final.jar:5.6.15.Final]
	at org.hibernate.internal.SessionImpl.firePersist(SessionImpl.java:756) ~[hibernate-core-5.6.15.Final.jar:5.6.15.Final]
	at org.hibernate.internal.SessionImpl.persist(SessionImpl.java:742) ~[hibernate-core-5.6.15.Final.jar:5.6.15.Final]
	at java.base/jdk.internal.reflect.NativeMethodAccessorImpl.invoke0(Native Method) ~[na:na]
	at java.base/jdk.internal.reflect.NativeMethodAccessorImpl.invoke(NativeMethodAccessorImpl.java:77) ~[na:na]
	at java.base/jdk.internal.reflect.DelegatingMethodAccessorImpl.invoke(DelegatingMethodAccessorImpl.java:43) ~[na:na]
	at java.base/java.lang.reflect.Method.invoke(Method.java:569) ~[na:na]
	at org.springframework.orm.jpa.ExtendedEntityManagerCreator$ExtendedEntityManagerInvocationHandler.invoke(ExtendedEntityManagerCreator.java:362) ~[spring-orm-5.3.31.jar:5.3.31]
	at jdk.proxy3/jdk.proxy3.$Proxy225.persist(Unknown Source) ~[na:na]
	at java.base/jdk.internal.reflect.NativeMethodAccessorImpl.invoke0(Native Method) ~[na:na]
	at java.base/jdk.internal.reflect.NativeMethodAccessorImpl.invoke(NativeMethodAccessorImpl.java:77) ~[na:na]
	at java.base/jdk.internal.reflect.DelegatingMethodAccessorImpl.invoke(DelegatingMethodAccessorImpl.java:43) ~[na:na]
	at java.base/java.lang.reflect.Method.invoke(Method.java:569) ~[na:na]
	at org.springframework.orm.jpa.SharedEntityManagerCreator$SharedEntityManagerInvocationHandler.invoke(SharedEntityManagerCreator.java:315) ~[spring-orm-5.3.31.jar:5.3.31]
	at jdk.proxy3/jdk.proxy3.$Proxy225.persist(Unknown Source) ~[na:na]
	at org.springframework.data.jpa.repository.support.SimpleJpaRepository.save(SimpleJpaRepository.java:666) ~[spring-data-jpa-2.7.18.jar:2.7.18]
	at java.base/jdk.internal.reflect.NativeMethodAccessorImpl.invoke0(Native Method) ~[na:na]
	at java.base/jdk.internal.reflect.NativeMethodAccessorImpl.invoke(NativeMethodAccessorImpl.java:77) ~[na:na]
	at java.base/jdk.internal.reflect.DelegatingMethodAccessorImpl.invoke(DelegatingMethodAccessorImpl.java:43) ~[na:na]
	at java.base/java.lang.reflect.Method.invoke(Method.java:569) ~[na:na]
	at org.springframework.data.repository.core.support.RepositoryMethodInvoker$RepositoryFragmentMethodInvoker.lambda$new$0(RepositoryMethodInvoker.java:289) ~[spring-data-commons-2.7.18.jar:2.7.18]
	at org.springframework.data.repository.core.support.RepositoryMethodInvoker.doInvoke(RepositoryMethodInvoker.java:137) ~[spring-data-commons-2.7.18.jar:2.7.18]
	at org.springframework.data.repository.core.support.RepositoryMethodInvoker.invoke(RepositoryMethodInvoker.java:121) ~[spring-data-commons-2.7.18.jar:2.7.18]
	at org.springframework.data.repository.core.support.RepositoryComposition$RepositoryFragments.invoke(RepositoryComposition.java:530) ~[spring-data-commons-2.7.18.jar:2.7.18]
	at org.springframework.data.repository.core.support.RepositoryComposition.invoke(RepositoryComposition.java:286) ~[spring-data-commons-2.7.18.jar:2.7.18]
	at org.springframework.data.repository.core.support.RepositoryFactorySupport$ImplementationMethodExecutionInterceptor.invoke(RepositoryFactorySupport.java:640) ~[spring-data-commons-2.7.18.jar:2.7.18]
	at org.springframework.aop.framework.ReflectiveMethodInvocation.proceed(ReflectiveMethodInvocation.java:186) ~[spring-aop-5.3.31.jar:5.3.31]
	at org.springframework.data.repository.core.support.QueryExecutorMethodInterceptor.doInvoke(QueryExecutorMethodInterceptor.java:164) ~[spring-data-commons-2.7.18.jar:2.7.18]
	at org.springframework.data.repository.core.support.QueryExecutorMethodInterceptor.invoke(QueryExecutorMethodInterceptor.java:139) ~[spring-data-commons-2.7.18.jar:2.7.18]
	at org.springframework.aop.framework.ReflectiveMethodInvocation.proceed(ReflectiveMethodInvocation.java:186) ~[spring-aop-5.3.31.jar:5.3.31]
	at org.springframework.data.projection.DefaultMethodInvokingMethodInterceptor.invoke(DefaultMethodInvokingMethodInterceptor.java:76) ~[spring-data-commons-2.7.18.jar:2.7.18]
	at org.springframework.aop.framework.ReflectiveMethodInvocation.proceed(ReflectiveMethodInvocation.java:186) ~[spring-aop-5.3.31.jar:5.3.31]
	at org.springframework.transaction.interceptor.TransactionInterceptor$1.proceedWithInvocation(TransactionInterceptor.java:123) ~[spring-tx-5.3.31.jar:5.3.31]
	at org.springframework.transaction.interceptor.TransactionAspectSupport.invokeWithinTransaction(TransactionAspectSupport.java:388) ~[spring-tx-5.3.31.jar:5.3.31]
	at org.springframework.transaction.interceptor.TransactionInterceptor.invoke(TransactionInterceptor.java:119) ~[spring-tx-5.3.31.jar:5.3.31]
	at org.springframework.aop.framework.ReflectiveMethodInvocation.proceed(ReflectiveMethodInvocation.java:186) ~[spring-aop-5.3.31.jar:5.3.31]
	at org.springframework.dao.support.PersistenceExceptionTranslationInterceptor.invoke(PersistenceExceptionTranslationInterceptor.java:137) ~[spring-tx-5.3.31.jar:5.3.31]
	... 157 common frames omitted
Caused by: org.postgresql.util.PSQLException: ERRO: o valor nulo na coluna "id" da relação "configuracion_rrhh_historico" viola a restrição de não-nulo
  Detail: Registro que falhou contém (null, 12, TOLERANCIA_TARDANZA_MIN, 5, 99, 1, 2026-07-22 13:53:59.002371).
	at org.postgresql.core.v3.QueryExecutorImpl.receiveErrorResponse(QueryExecutorImpl.java:2713) ~[postgresql-42.6.0.jar:42.6.0]
	at org.postgresql.core.v3.QueryExecutorImpl.processResults(QueryExecutorImpl.java:2401) ~[postgresql-42.6.0.jar:42.6.0]
	at org.postgresql.core.v3.QueryExecutorImpl.execute(QueryExecutorImpl.java:368) ~[postgresql-42.6.0.jar:42.6.0]
	at org.postgresql.jdbc.PgStatement.executeInternal(PgStatement.java:498) ~[postgresql-42.6.0.jar:42.6.0]
	at org.postgresql.jdbc.PgStatement.execute(PgStatement.java:415) ~[postgresql-42.6.0.jar:42.6.0]
	at org.postgresql.jdbc.PgPreparedStatement.executeWithFlags(PgPreparedStatement.java:190) ~[postgresql-42.6.0.jar:42.6.0]
	at org.postgresql.jdbc.PgPreparedStatement.executeUpdate(PgPreparedStatement.java:152) ~[postgresql-42.6.0.jar:42.6.0]
	at com.zaxxer.hikari.pool.ProxyPreparedStatement.executeUpdate(ProxyPreparedStatement.java:61) ~[HikariCP-4.0.3.jar:na]
	at com.zaxxer.hikari.pool.HikariProxyPreparedStatement.executeUpdate(HikariProxyPreparedStatement.java) ~[HikariCP-4.0.3.jar:na]
	at org.hibernate.engine.jdbc.internal.ResultSetReturnImpl.executeUpdate(ResultSetReturnImpl.java:197) ~[hibernate-core-5.6.15.Final.jar:5.6.15.Final]
	... 209 common frames omitted

Successfully Authentication
Successfully Authentication
Successfully Authentication
Successfully Authentication
Successfully Authentication
Successfully Authentication
Successfully Authentication
Successfully Authentication
Successfully Authentication
Successfully Authentication
[INFO] ------------------------------------------------------------------------
[INFO] BUILD FAILURE
[INFO] ------------------------------------------------------------------------
[INFO] Total time:  04:56 min
[INFO] Finished at: 2026-07-22T13:54:47-03:00
[INFO] ------------------------------------------------------------------------
[ERROR] Failed to execute goal org.springframework.boot:spring-boot-maven-plugin:2.7.18:run (default-cli) on project franco-dev-systems: Application finished with exit code: 137 -> [Help 1]
[ERROR] 
[ERROR] To see the full stack trace of the errors, re-run Maven with the -e switch.
[ERROR] Re-run Maven using the -X switch to enable full debug logging.
[ERROR] 
[ERROR] For more information about the errors and possible solutions, please read the following articles:
[ERROR] [Help 1] http://cwiki.apache.org/confluence/display/MAVEN/MojoExecutionException
